dataset_id,field_code,source_field_label,source_type,source_required,source_ref,source_definition,source_privacy,source_condition,source_trace,target_category,proposed_logical_path,implementation_task,required_owner_tasks,conversion_and_authority,mapping_status,source_json_pointer
ORG01,legal_entity_id,医疗机构主体ID,id,R,,医疗机构主体的永久稳定记录/对象标识；不可由名称、工号或院区拼接决定，不复用停用标识。,INTERNAL,是：任何实际记录必填,院内原表第96行扩展；WS/T846.3；FHIR Organization,SOURCE_CREATE_ALIAS,OrganizationSubject.sourceClientKey,P1-01,"[""P1-01""]",CREATE中为源alias；平台stableId由DB生成。UPDATE需单独已授权platformRef+expectedVersion，不能伪造新ID。,PROPOSED_REQUIRES_TASK_VALIDATION,/ORG01/fields/0
ORG01,legal_name,法定或登记名称,text,R,,医疗机构主体记录的法定或登记名称；按本表一行粒度维护，由院办确认，历史值不得直接覆盖。,INTERNAL,是：任何实际记录必填,院内原表第96行扩展；WS/T846.3；FHIR Organization,OWNER_VERSIONED_FACT,OrganizationSubject.legal_name,P1-01,"[""P1-01""]",明确字段纳入owner的版本化内容/关系；不反向形成通用宽表或绕过审批。,PROPOSED_REQUIRES_TASK_VALIDATION,/ORG01/fields/1
ORG01,entity_nature,主体性质,text,R,,按登记证照确认；不得由院区名称推断,INTERNAL,是：任何实际记录必填,院内原表第96行扩展；WS/T846.3；FHIR Organization,OWNER_VERSIONED_FACT,OrganizationSubject.entity_nature,P1-01,"[""P1-01""]",明确字段纳入owner的版本化内容/关系；不反向形成通用宽表或绕过审批。,PROPOSED_REQUIRES_TASK_VALIDATION,/ORG01/fields/2
ORG01,unified_credit_code,统一社会信用代码,text,C,,法人主体依法有该证时填；不自动假设三个节点三法人,INTERNAL,条件必填：主体持有统一社会信用代码时必填；无法确认主体性质时不得以院区代码代替。,院内原表第96行扩展；WS/T846.3；FHIR Organization,IDENTIFIER,OrganizationIdentifier.unifiedCreditCode,P1-01,"[""P1-01""]",依法登记证据核验；按命名空间判断冲突，不以名称替代,PROPOSED_REQUIRES_TASK_VALIDATION,/ORG01/fields/3
ORG01,institution_code,医疗机构登记代码,text,C,,登记证照或官方目录核实,INTERNAL,条件必填：作为持证医疗机构上线时必填，依据已核验的登记/执业证照填写；筹建主体不得伪造。,院内原表第96行扩展；WS/T846.3；FHIR Organization,IDENTIFIER,OrganizationIdentifier.institutionCode,P1-01,"[""P1-01""]",与统一社会信用代码/许可证分开,PROPOSED_REQUIRES_TASK_VALIDATION,/ORG01/fields/4
ORG01,license_number,医疗机构执业许可证号,text,C,,医疗机构执业许可证号；作为持证医疗机构上线时必填，依据已核验的登记/执业证照填写；筹建主体不得伪造。,INTERNAL,条件必填：作为持证医疗机构上线时必填，依据已核验的登记/执业证照填写；筹建主体不得伪造。,院内原表第96行扩展；WS/T846.3；FHIR Organization,LICENSE,InstitutionLicense.secureNumberReference,P1-01,"[""P1-01""]",证照独立关系与期间，禁止以许可证号当stableId,PROPOSED_REQUIRES_TASK_VALIDATION,/ORG01/fields/5
ORG01,authority,登记主管机关,text,O,,医疗机构主体记录的登记主管机关；按本表一行粒度维护，由院办确认，历史值不得直接覆盖。,INTERNAL,可空：未知/不适用保持空；不以0或未知码冒充,院内原表第96行扩展；WS/T846.3；FHIR Organization,OWNER_VERSIONED_FACT,OrganizationSubject.authority,P1-01,"[""P1-01""]",明确字段纳入owner的版本化内容/关系；不反向形成通用宽表或绕过审批。,PROPOSED_REQUIRES_TASK_VALIDATION,/ORG01/fields/6
ORG01,legal_address,登记地址,text,O,,医疗机构主体记录的登记地址；按本表一行粒度维护，由院办确认，历史值不得直接覆盖。,INTERNAL,可空：未知/不适用保持空；不以0或未知码冒充,院内原表第96行扩展；WS/T846.3；FHIR Organization,OWNER_VERSIONED_FACT,OrganizationSubject.legal_address,P1-01,"[""P1-01""]",明确字段纳入owner的版本化内容/关系；不反向形成通用宽表或绕过审批。,PROPOSED_REQUIRES_TASK_VALIDATION,/ORG01/fields/7
ORG01,license_valid_from,许可证生效日期,date,C,,许可证生效日期；作为持证医疗机构上线时必填，依据已核验的登记/执业证照填写；筹建主体不得伪造。,INTERNAL,条件必填：作为持证医疗机构上线时必填，依据已核验的登记/执业证照填写；筹建主体不得伪造。,院内原表第96行扩展；WS/T846.3；FHIR Organization,LICENSE_TIME,InstitutionLicense.validFrom,P1-01,"[""P1-01""]",许可期间不是主体身份期间,PROPOSED_REQUIRES_TASK_VALIDATION,/ORG01/fields/8
ORG01,license_valid_to,许可证失效日期,date,O,,医疗机构主体记录的许可证失效日期；按本表一行粒度维护，由院办确认，历史值不得直接覆盖。,INTERNAL,可空：未知/不适用保持空；不以0或未知码冒充,院内原表第96行扩展；WS/T846.3；FHIR Organization,LICENSE_TIME,InstitutionLicense.validTo,P1-01,"[""P1-01""]",许可过期不删除主体历史,PROPOSED_REQUIRES_TASK_VALIDATION,/ORG01/fields/9
ORG01,registration_evidence,登记材料引用,text,R,,医疗机构主体记录的登记材料引用；按本表一行粒度维护，由院办确认，历史值不得直接覆盖。,INTERNAL,是：任何实际记录必填,院内原表第96行扩展；WS/T846.3；FHIR Organization,OWNER_VERSIONED_FACT,OrganizationSubject.registration_evidence,P1-01,"[""P1-01""]",明确字段纳入owner的版本化内容/关系；不反向形成通用宽表或绕过审批。,PROPOSED_REQUIRES_TASK_VALIDATION,/ORG01/fields/10
ORG01,version_no,版本号,integer,R,,稳定ID内部递增；不是新对象ID,INTERNAL,是：任何实际记录必填,本次通用治理字段设计,SOURCE_VERSION_EVIDENCE,ImportSourceEvidence.sourceVersion,P1-01,"[""P1-01""]",源修订号仅保存来源，不覆盖DB目标versionNo,PROPOSED_REQUIRES_TASK_VALIDATION,/ORG01/fields/11
ORG01,valid_from,业务生效时间,datetime,R,,左闭右开区间起点；ISO 8601并含时区,INTERNAL,是：任何实际记录必填,本次通用治理字段设计,BUSINESS_TIME,businessValidFrom,P1-01,"[""P1-01""]",原始offset保留；仅按已发布contract显式+08:00→local；DB主时间无offset,PROPOSED_REQUIRES_TASK_VALIDATION,/ORG01/fields/12
ORG01,valid_to,业务失效时间,datetime,O,,空表示未设结束；不得早于生效时间,INTERNAL,可空：未知/不适用保持空；不以0或未知码冒充,本次通用治理字段设计,BUSINESS_TIME,businessValidTo,P1-01,"[""P1-01""]",null=无界，必须大于from，整区间检验，不用任意大日期,PROPOSED_REQUIRES_TASK_VALIDATION,/ORG01/fields/13
ORG01,record_status,记录状态,code,R,enum:record_status,草稿与正式有效记录分离,INTERNAL,是：任何实际记录必填,本次通用治理字段设计,LIFECYCLE_INTENT,ImportIntent.sourceRecordStatus,P1-01,"[""P1-01""]",源草稿/正式等映射显式owner命令；不得直接改变审批/业务状态,PROPOSED_REQUIRES_TASK_VALIDATION,/ORG01/fields/14
ORG01,source_system_id,权威来源系统ID,id,R,GOV01.system_id,来源为人工整理时登记来源系统MDM_MANUAL,INTERNAL,是：任何实际记录必填,本次通用治理字段设计,SOURCE_NAMESPACE,SourceSystemReference,P1-01,"[""P1-01""]",精确GOV01源系统注册；MANUAL也要登记，非账号system身份默认映射,PROPOSED_REQUIRES_TASK_VALIDATION,/ORG01/fields/15
ORG01,source_record_id,来源记录定位,text,R,,原表主键或文件加工作表加行号；不得填个人证件原文,INTERNAL,是：任何实际记录必填,本次通用治理字段设计,SOURCE_RECORD_EVIDENCE,ImportSourceEvidence.recordLocator,P1-01,"[""P1-01""]",仅定位，不作为Person标识；日志/审计不写原敏感值,PROPOSED_REQUIRES_TASK_VALIDATION,/ORG01/fields/16
ORG01,approval_ref,审批证据号,text,C,,发布时必填；引用受控签审记录不粘贴敏感附件,INTERNAL,条件必填：发布时必填；引用受控签审记录不粘贴敏感附件,本次通用治理字段设计,APPROVAL_EVIDENCE,SourceEvidence.approvalReference,P1-01,"[""P1-01""]",源审批证据不等于本平台已授权；需owner核验及本次审批digest,PROPOSED_REQUIRES_TASK_VALIDATION,/ORG01/fields/17
ORG01,recorded_at,系统记录时间,datetime,R,,实际录入或纠错时间；不得冒充业务生效时间,INTERNAL,是：任何实际记录必填,本次通用治理字段设计,SOURCE_RECORDED_TIME,ImportSourceEvidence.sourceRecordedAt,P1-01,"[""P1-01""]",保存来源记录时间；目标recordedFrom由DB实际生成，不能回填伪知识,PROPOSED_REQUIRES_TASK_VALIDATION,/ORG01/fields/18
ORG02,campus_id,院区ID,id,R,,院区服务节点的永久稳定记录/对象标识；不可由名称、工号或院区拼接决定，不复用停用标识。,INTERNAL,是：任何实际记录必填,院内原表第55行；科室原模板HOSP_AREA_CODE,SOURCE_CREATE_ALIAS,Campus.sourceClientKey,P1-02,"[""P1-02""]",CREATE中为源alias；平台stableId由DB生成。UPDATE需单独已授权platformRef+expectedVersion，不能伪造新ID。,PROPOSED_REQUIRES_TASK_VALIDATION,/ORG02/fields/0
ORG02,campus_code,院区业务代码,text,R,,院区服务节点记录的院区业务代码；按本表一行粒度维护，由院办确认，历史值不得直接覆盖。,INTERNAL,是：任何实际记录必填,科室信息表-标准定义模板V1.01.xlsx#科室信息表!A3:HOSP_AREA_CODE,OWNER_VERSIONED_FACT,Campus.campus_code,P1-02,"[""P1-02""]",明确字段纳入owner的版本化内容/关系；不反向形成通用宽表或绕过审批。,PROPOSED_REQUIRES_TASK_VALIDATION,/ORG02/fields/1
ORG02,campus_name,院区名称,text,R,,院区服务节点记录的院区名称；按本表一行粒度维护，由院办确认，历史值不得直接覆盖。,INTERNAL,是：任何实际记录必填,院内原表第55行；科室原模板HOSP_AREA_CODE,OWNER_VERSIONED_FACT,Campus.campus_name,P1-02,"[""P1-02""]",明确字段纳入owner的版本化内容/关系；不反向形成通用宽表或绕过审批。,PROPOSED_REQUIRES_TASK_VALIDATION,/ORG02/fields/2
ORG02,node_role,建设节点角色,text,R,,本部、高新医院或成都市中心医院；管理称谓不决定法人关系,INTERNAL,是：任何实际记录必填,院内原表第55行；科室原模板HOSP_AREA_CODE,OWNER_VERSIONED_FACT,Campus.node_role,P1-02,"[""P1-02""]",明确字段纳入owner的版本化内容/关系；不反向形成通用宽表或绕过审批。,PROPOSED_REQUIRES_TASK_VALIDATION,/ORG02/fields/3
ORG02,campus_address,院区地址,text,C,,院区地址；实际对外服务的物理院区启用时必填；行政区划绑定已确认的代码集版本。,INTERNAL,条件必填：实际对外服务的物理院区启用时必填；行政区划绑定已确认的代码集版本。,院内原表第55行；科室原模板HOSP_AREA_CODE,OWNER_VERSIONED_FACT,Campus.campus_address,P1-02,"[""P1-02""]",明确字段纳入owner的版本化内容/关系；不反向形成通用宽表或绕过审批。,PROPOSED_REQUIRES_TASK_VALIDATION,/ORG02/fields/4
ORG02,admin_division_code,行政区划代码,text,C,,应绑定所用代码集版本,INTERNAL,条件必填：实际对外服务的物理院区启用时必填；行政区划绑定已确认的代码集版本。,院内原表第55行；科室原模板HOSP_AREA_CODE,OWNER_VERSIONED_FACT,Campus.admin_division_code,P1-02,"[""P1-02""]",明确字段纳入owner的版本化内容/关系；不反向形成通用宽表或绕过审批。,PROPOSED_REQUIRES_TASK_VALIDATION,/ORG02/fields/5
ORG02,operation_status,运营状态,text,R,,筹建、试运行、运行、停用等由院方确认,INTERNAL,是：任何实际记录必填,院内原表第55行；科室原模板HOSP_AREA_CODE,OWNER_VERSIONED_FACT,Campus.operation_status,P1-02,"[""P1-02""]",明确字段纳入owner的版本化内容/关系；不反向形成通用宽表或绕过审批。,PROPOSED_REQUIRES_TASK_VALIDATION,/ORG02/fields/6
ORG02,opening_date,启用日期,date,O,,院区服务节点记录的启用日期；按本表一行粒度维护，由院办确认，历史值不得直接覆盖。,INTERNAL,可空：未知/不适用保持空；不以0或未知码冒充,院内原表第55行；科室原模板HOSP_AREA_CODE,OWNER_VERSIONED_FACT,Campus.opening_date,P1-02,"[""P1-02""]",明确字段纳入owner的版本化内容/关系；不反向形成通用宽表或绕过审批。,PROPOSED_REQUIRES_TASK_VALIDATION,/ORG02/fields/7
ORG02,public_phone,院区公开电话,text,O,,院区服务节点记录的院区公开电话；按本表一行粒度维护，由院办确认，历史值不得直接覆盖。,INTERNAL,可空：未知/不适用保持空；不以0或未知码冒充,院内原表第55行；科室原模板HOSP_AREA_CODE,OWNER_VERSIONED_FACT,Campus.public_phone,P1-02,"[""P1-02""]",明确字段纳入owner的版本化内容/关系；不反向形成通用宽表或绕过审批。,PROPOSED_REQUIRES_TASK_VALIDATION,/ORG02/fields/8
ORG02,version_no,版本号,integer,R,,稳定ID内部递增；不是新对象ID,INTERNAL,是：任何实际记录必填,本次通用治理字段设计,SOURCE_VERSION_EVIDENCE,ImportSourceEvidence.sourceVersion,P1-02,"[""P1-02""]",源修订号仅保存来源，不覆盖DB目标versionNo,PROPOSED_REQUIRES_TASK_VALIDATION,/ORG02/fields/9
ORG02,valid_from,业务生效时间,datetime,R,,左闭右开区间起点；ISO 8601并含时区,INTERNAL,是：任何实际记录必填,本次通用治理字段设计,BUSINESS_TIME,businessValidFrom,P1-02,"[""P1-02""]",原始offset保留；仅按已发布contract显式+08:00→local；DB主时间无offset,PROPOSED_REQUIRES_TASK_VALIDATION,/ORG02/fields/10
ORG02,valid_to,业务失效时间,datetime,O,,空表示未设结束；不得早于生效时间,INTERNAL,可空：未知/不适用保持空；不以0或未知码冒充,本次通用治理字段设计,BUSINESS_TIME,businessValidTo,P1-02,"[""P1-02""]",null=无界，必须大于from，整区间检验，不用任意大日期,PROPOSED_REQUIRES_TASK_VALIDATION,/ORG02/fields/11
ORG02,record_status,记录状态,code,R,enum:record_status,草稿与正式有效记录分离,INTERNAL,是：任何实际记录必填,本次通用治理字段设计,LIFECYCLE_INTENT,ImportIntent.sourceRecordStatus,P1-02,"[""P1-02""]",源草稿/正式等映射显式owner命令；不得直接改变审批/业务状态,PROPOSED_REQUIRES_TASK_VALIDATION,/ORG02/fields/12
ORG02,source_system_id,权威来源系统ID,id,R,GOV01.system_id,来源为人工整理时登记来源系统MDM_MANUAL,INTERNAL,是：任何实际记录必填,本次通用治理字段设计,SOURCE_NAMESPACE,SourceSystemReference,P1-02,"[""P1-02""]",精确GOV01源系统注册；MANUAL也要登记，非账号system身份默认映射,PROPOSED_REQUIRES_TASK_VALIDATION,/ORG02/fields/13
ORG02,source_record_id,来源记录定位,text,R,,原表主键或文件加工作表加行号；不得填个人证件原文,INTERNAL,是：任何实际记录必填,本次通用治理字段设计,SOURCE_RECORD_EVIDENCE,ImportSourceEvidence.recordLocator,P1-02,"[""P1-02""]",仅定位，不作为Person标识；日志/审计不写原敏感值,PROPOSED_REQUIRES_TASK_VALIDATION,/ORG02/fields/14
ORG02,approval_ref,审批证据号,text,C,,发布时必填；引用受控签审记录不粘贴敏感附件,INTERNAL,条件必填：发布时必填；引用受控签审记录不粘贴敏感附件,本次通用治理字段设计,APPROVAL_EVIDENCE,SourceEvidence.approvalReference,P1-02,"[""P1-02""]",源审批证据不等于本平台已授权；需owner核验及本次审批digest,PROPOSED_REQUIRES_TASK_VALIDATION,/ORG02/fields/15
ORG02,recorded_at,系统记录时间,datetime,R,,实际录入或纠错时间；不得冒充业务生效时间,INTERNAL,是：任何实际记录必填,本次通用治理字段设计,SOURCE_RECORDED_TIME,ImportSourceEvidence.sourceRecordedAt,P1-02,"[""P1-02""]",保存来源记录时间；目标recordedFrom由DB实际生成，不能回填伪知识,PROPOSED_REQUIRES_TASK_VALIDATION,/ORG02/fields/16
ORG03,legal_campus_rel_id,主体院区关系ID,id,R,,主体院区运营关系的永久稳定记录/对象标识；不可由名称、工号或院区拼接决定，不复用停用标识。,INTERNAL,是：任何实际记录必填,本次设计建议,SOURCE_CREATE_ALIAS,OrganizationCampusOperation.sourceClientKey,P1-04,"[""P1-04""]",CREATE中为源alias；平台stableId由DB生成。UPDATE需单独已授权platformRef+expectedVersion，不能伪造新ID。,PROPOSED_REQUIRES_TASK_VALIDATION,/ORG03/fields/0
ORG03,legal_entity_id,机构主体ID,id,R,ORG01.legal_entity_id,机构主体ID；引用ORG01.legal_entity_id的稳定标识；跨表关联须使用相同业务时点下的有效记录。,INTERNAL,是：任何实际记录必填,本次设计建议,TYPED_RELATION_REFERENCE,OrganizationCampusOperation.legal_entity_id,P1-04,"[""P1-01"", ""P1-04""]",按精确dataset/type/namespace解析，验证owner/scope/full interval；未ready目标不能忽略或按名猜测。,PROPOSED_REQUIRES_TASK_VALIDATION,/ORG03/fields/1
ORG03,campus_id,院区ID,id,R,ORG02.campus_id,院区ID；引用ORG02.campus_id的稳定标识；跨表关联须使用相同业务时点下的有效记录。,INTERNAL,是：任何实际记录必填,本次设计建议,TYPED_RELATION_REFERENCE,OrganizationCampusOperation.campus_id,P1-04,"[""P1-02"", ""P1-04""]",按精确dataset/type/namespace解析，验证owner/scope/full interval；未ready目标不能忽略或按名猜测。,PROPOSED_REQUIRES_TASK_VALIDATION,/ORG03/fields/2
ORG03,relation_type,关系类型,text,R,,运营、登记、管理或其他；有证据区分,INTERNAL,是：任何实际记录必填,本次设计建议,OWNER_VERSIONED_FACT,OrganizationCampusOperation.relation_type,P1-04,"[""P1-04""]",明确字段纳入owner的版本化内容/关系；不反向形成通用宽表或绕过审批。,PROPOSED_REQUIRES_TASK_VALIDATION,/ORG03/fields/3
ORG03,license_scope,许可服务范围,text,C,,许可服务范围；该主体在该院区开展需许可的医疗服务时必填，并核对证照覆盖。,INTERNAL,条件必填：该主体在该院区开展需许可的医疗服务时必填，并核对证照覆盖。,本次设计建议,OWNER_VERSIONED_FACT,OrganizationCampusOperation.license_scope,P1-04,"[""P1-04""]",明确字段纳入owner的版本化内容/关系；不反向形成通用宽表或绕过审批。,PROPOSED_REQUIRES_TASK_VALIDATION,/ORG03/fields/4
ORG03,is_primary_operator,主要运营主体标志,code,R,enum:yes_no,主要运营主体标志；取值见建议码表yes_no，采用前需院方确认；不可用显示名称替代代码。,INTERNAL,是：任何实际记录必填,本次设计建议,VERSIONED_CODE_BINDING,OrganizationCampusOperation.is_primary_operator,P1-04,"[""P1-04""]",建议枚举需采纳版本；错误码/未批准码阻断；显示标签不当key。,PROPOSED_REQUIRES_TASK_VALIDATION,/ORG03/fields/5
ORG03,evidence_ref,关系批准依据,text,R,,主体院区运营关系记录的关系批准依据；按本表一行粒度维护，由院办确认，历史值不得直接覆盖。,INTERNAL,是：任何实际记录必填,本次设计建议,OWNER_VERSIONED_FACT,OrganizationCampusOperation.evidence_ref,P1-04,"[""P1-04""]",明确字段纳入owner的版本化内容/关系；不反向形成通用宽表或绕过审批。,PROPOSED_REQUIRES_TASK_VALIDATION,/ORG03/fields/6
ORG03,version_no,版本号,integer,R,,稳定ID内部递增；不是新对象ID,INTERNAL,是：任何实际记录必填,本次通用治理字段设计,SOURCE_VERSION_EVIDENCE,ImportSourceEvidence.sourceVersion,P1-04,"[""P1-04""]",源修订号仅保存来源，不覆盖DB目标versionNo,PROPOSED_REQUIRES_TASK_VALIDATION,/ORG03/fields/7
ORG03,valid_from,业务生效时间,datetime,R,,左闭右开区间起点；ISO 8601并含时区,INTERNAL,是：任何实际记录必填,本次通用治理字段设计,BUSINESS_TIME,businessValidFrom,P1-04,"[""P1-04""]",原始offset保留；仅按已发布contract显式+08:00→local；DB主时间无offset,PROPOSED_REQUIRES_TASK_VALIDATION,/ORG03/fields/8
ORG03,valid_to,业务失效时间,datetime,O,,空表示未设结束；不得早于生效时间,INTERNAL,可空：未知/不适用保持空；不以0或未知码冒充,本次通用治理字段设计,BUSINESS_TIME,businessValidTo,P1-04,"[""P1-04""]",null=无界，必须大于from，整区间检验，不用任意大日期,PROPOSED_REQUIRES_TASK_VALIDATION,/ORG03/fields/9
ORG03,record_status,记录状态,code,R,enum:record_status,草稿与正式有效记录分离,INTERNAL,是：任何实际记录必填,本次通用治理字段设计,LIFECYCLE_INTENT,ImportIntent.sourceRecordStatus,P1-04,"[""P1-04""]",源草稿/正式等映射显式owner命令；不得直接改变审批/业务状态,PROPOSED_REQUIRES_TASK_VALIDATION,/ORG03/fields/10
ORG03,source_system_id,权威来源系统ID,id,R,GOV01.system_id,来源为人工整理时登记来源系统MDM_MANUAL,INTERNAL,是：任何实际记录必填,本次通用治理字段设计,SOURCE_NAMESPACE,SourceSystemReference,P1-04,"[""P1-04""]",精确GOV01源系统注册；MANUAL也要登记，非账号system身份默认映射,PROPOSED_REQUIRES_TASK_VALIDATION,/ORG03/fields/11
ORG03,source_record_id,来源记录定位,text,R,,原表主键或文件加工作表加行号；不得填个人证件原文,INTERNAL,是：任何实际记录必填,本次通用治理字段设计,SOURCE_RECORD_EVIDENCE,ImportSourceEvidence.recordLocator,P1-04,"[""P1-04""]",仅定位，不作为Person标识；日志/审计不写原敏感值,PROPOSED_REQUIRES_TASK_VALIDATION,/ORG03/fields/12
ORG03,approval_ref,审批证据号,text,C,,发布时必填；引用受控签审记录不粘贴敏感附件,INTERNAL,条件必填：发布时必填；引用受控签审记录不粘贴敏感附件,本次通用治理字段设计,APPROVAL_EVIDENCE,SourceEvidence.approvalReference,P1-04,"[""P1-04""]",源审批证据不等于本平台已授权；需owner核验及本次审批digest,PROPOSED_REQUIRES_TASK_VALIDATION,/ORG03/fields/13
ORG03,recorded_at,系统记录时间,datetime,R,,实际录入或纠错时间；不得冒充业务生效时间,INTERNAL,是：任何实际记录必填,本次通用治理字段设计,SOURCE_RECORDED_TIME,ImportSourceEvidence.sourceRecordedAt,P1-04,"[""P1-04""]",保存来源记录时间；目标recordedFrom由DB实际生成，不能回填伪知识,PROPOSED_REQUIRES_TASK_VALIDATION,/ORG03/fields/14
ORG04,org_id,组织稳定ID,id,R,,逻辑科室组织的永久稳定记录/对象标识；不可由名称、工号或院区拼接决定，不复用停用标识。,INTERNAL,是：任何实际记录必填,科室信息表-标准定义模板V1.01.xlsx#科室信息表!A2:DEPT_INDEX_NO,SOURCE_CREATE_ALIAS,Department.sourceClientKey,P2-01,"[""P2-01""]",CREATE中为源alias；平台stableId由DB生成。UPDATE需单独已授权platformRef+expectedVersion，不能伪造新ID。,PROPOSED_REQUIRES_TASK_VALIDATION,/ORG04/fields/0
ORG04,org_code,院级科室代码,text,R,,逻辑科室组织记录的院级科室代码；按本表一行粒度维护，由组织人事部确认，历史值不得直接覆盖。,INTERNAL,是：任何实际记录必填,科室信息表-标准定义模板V1.01.xlsx#科室信息表!A6:DEPT_CODE,OWNER_VERSIONED_FACT,Department.org_code,P2-01,"[""P2-01""]",明确字段纳入owner的版本化内容/关系；不反向形成通用宽表或绕过审批。,PROPOSED_REQUIRES_TASK_VALIDATION,/ORG04/fields/1
ORG04,org_name,组织正式名称,text,R,,逻辑科室组织记录的组织正式名称；按本表一行粒度维护，由组织人事部确认，历史值不得直接覆盖。,INTERNAL,是：任何实际记录必填,科室信息表-标准定义模板V1.01.xlsx#科室信息表!A7:DEPT_NAME,OWNER_VERSIONED_FACT,Department.org_name,P2-01,"[""P2-01""]",明确字段纳入owner的版本化内容/关系；不反向形成通用宽表或绕过审批。,PROPOSED_REQUIRES_TASK_VALIDATION,/ORG04/fields/2
ORG04,org_short_name,组织简称,text,O,,逻辑科室组织记录的组织简称；按本表一行粒度维护，由组织人事部确认，历史值不得直接覆盖。,INTERNAL,可空：未知/不适用保持空；不以0或未知码冒充,院内原表第54行；科室原模板DEPT_INDEX_NO/DEPT_CODE/DEPT_NAME,OWNER_VERSIONED_FACT,Department.org_short_name,P2-01,"[""P2-01""]",明确字段纳入owner的版本化内容/关系；不反向形成通用宽表或绕过审批。,PROPOSED_REQUIRES_TASK_VALIDATION,/ORG04/fields/3
ORG04,org_type,组织类别,code,R,enum:org_type,组织类别；取值见建议码表org_type，采用前需院方确认；不可用显示名称替代代码。,INTERNAL,是：任何实际记录必填,科室信息表-标准定义模板V1.01.xlsx#科室信息表!A4:DEPT_CATEG_CODE,VERSIONED_CODE_BINDING,Department.org_type,P2-01,"[""P2-01""]",建议枚举需采纳版本；错误码/未批准码阻断；显示标签不当key。,PROPOSED_REQUIRES_TASK_VALIDATION,/ORG04/fields/4
ORG04,established_on,成立日期,date,C,,成立日期；新设、合并、拆分或正式调整组织时必填；历史证据缺失进入问题台账，不臆造日期。,INTERNAL,条件必填：新设、合并、拆分或正式调整组织时必填；历史证据缺失进入问题台账，不臆造日期。,院内原表第54行；科室原模板DEPT_INDEX_NO/DEPT_CODE/DEPT_NAME,OWNER_VERSIONED_FACT,Department.established_on,P2-01,"[""P2-01""]",明确字段纳入owner的版本化内容/关系；不反向形成通用宽表或绕过审批。,PROPOSED_REQUIRES_TASK_VALIDATION,/ORG04/fields/5
ORG04,abolished_on,撤销日期,date,O,,逻辑科室组织记录的撤销日期；按本表一行粒度维护，由组织人事部确认，历史值不得直接覆盖。,INTERNAL,可空：未知/不适用保持空；不以0或未知码冒充,院内原表第54行；科室原模板DEPT_INDEX_NO/DEPT_CODE/DEPT_NAME,OWNER_VERSIONED_FACT,Department.abolished_on,P2-01,"[""P2-01""]",明确字段纳入owner的版本化内容/关系；不反向形成通用宽表或绕过审批。,PROPOSED_REQUIRES_TASK_VALIDATION,/ORG04/fields/6
ORG04,establishment_doc,成立或调整文件,text,C,,成立或调整文件；新设、合并、拆分或正式调整组织时必填；历史证据缺失进入问题台账，不臆造日期。,INTERNAL,条件必填：新设、合并、拆分或正式调整组织时必填；历史证据缺失进入问题台账，不臆造日期。,院内原表第54行；科室原模板DEPT_INDEX_NO/DEPT_CODE/DEPT_NAME,OWNER_VERSIONED_FACT,Department.establishment_doc,P2-01,"[""P2-01""]",明确字段纳入owner的版本化内容/关系；不反向形成通用宽表或绕过审批。,PROPOSED_REQUIRES_TASK_VALIDATION,/ORG04/fields/7
ORG04,description,组织职责说明,text,O,,逻辑科室组织记录的组织职责说明；按本表一行粒度维护，由组织人事部确认，历史值不得直接覆盖。,INTERNAL,可空：未知/不适用保持空；不以0或未知码冒充,科室信息表-标准定义模板V1.01.xlsx#科室信息表!A11:DESCR,OWNER_VERSIONED_FACT,Department.description,P2-01,"[""P2-01""]",明确字段纳入owner的版本化内容/关系；不反向形成通用宽表或绕过审批。,PROPOSED_REQUIRES_TASK_VALIDATION,/ORG04/fields/8
ORG04,is_virtual,虚拟管理组织标志,code,R,enum:yes_no,虚拟管理组织标志；取值见建议码表yes_no，采用前需院方确认；不可用显示名称替代代码。,INTERNAL,是：任何实际记录必填,院内原表第54行；科室原模板DEPT_INDEX_NO/DEPT_CODE/DEPT_NAME,SEMANTIC_REVIEW,DepartmentIdentityDisposition.virtualMeaning,P2-01,"[""P2-01""]",需判别真实受治理虚拟科室或视图分组；不能自动将group转Department,PROPOSED_REQUIRES_TASK_VALIDATION,/ORG04/fields/9
ORG04,version_no,版本号,integer,R,,稳定ID内部递增；不是新对象ID,INTERNAL,是：任何实际记录必填,本次通用治理字段设计,SOURCE_VERSION_EVIDENCE,ImportSourceEvidence.sourceVersion,P2-01,"[""P2-01""]",源修订号仅保存来源，不覆盖DB目标versionNo,PROPOSED_REQUIRES_TASK_VALIDATION,/ORG04/fields/10
ORG04,valid_from,业务生效时间,datetime,R,,左闭右开区间起点；ISO 8601并含时区,INTERNAL,是：任何实际记录必填,本次通用治理字段设计,BUSINESS_TIME,businessValidFrom,P2-01,"[""P2-01""]",原始offset保留；仅按已发布contract显式+08:00→local；DB主时间无offset,PROPOSED_REQUIRES_TASK_VALIDATION,/ORG04/fields/11
ORG04,valid_to,业务失效时间,datetime,O,,空表示未设结束；不得早于生效时间,INTERNAL,可空：未知/不适用保持空；不以0或未知码冒充,本次通用治理字段设计,BUSINESS_TIME,businessValidTo,P2-01,"[""P2-01""]",null=无界，必须大于from，整区间检验，不用任意大日期,PROPOSED_REQUIRES_TASK_VALIDATION,/ORG04/fields/12
ORG04,record_status,记录状态,code,R,enum:record_status,草稿与正式有效记录分离,INTERNAL,是：任何实际记录必填,本次通用治理字段设计,LIFECYCLE_INTENT,ImportIntent.sourceRecordStatus,P2-01,"[""P2-01""]",源草稿/正式等映射显式owner命令；不得直接改变审批/业务状态,PROPOSED_REQUIRES_TASK_VALIDATION,/ORG04/fields/13
ORG04,source_system_id,权威来源系统ID,id,R,GOV01.system_id,来源为人工整理时登记来源系统MDM_MANUAL,INTERNAL,是：任何实际记录必填,本次通用治理字段设计,SOURCE_NAMESPACE,SourceSystemReference,P2-01,"[""P2-01""]",精确GOV01源系统注册；MANUAL也要登记，非账号system身份默认映射,PROPOSED_REQUIRES_TASK_VALIDATION,/ORG04/fields/14
ORG04,source_record_id,来源记录定位,text,R,,原表主键或文件加工作表加行号；不得填个人证件原文,INTERNAL,是：任何实际记录必填,本次通用治理字段设计,SOURCE_RECORD_EVIDENCE,ImportSourceEvidence.recordLocator,P2-01,"[""P2-01""]",仅定位，不作为Person标识；日志/审计不写原敏感值,PROPOSED_REQUIRES_TASK_VALIDATION,/ORG04/fields/15
ORG04,approval_ref,审批证据号,text,C,,发布时必填；引用受控签审记录不粘贴敏感附件,INTERNAL,条件必填：发布时必填；引用受控签审记录不粘贴敏感附件,本次通用治理字段设计,APPROVAL_EVIDENCE,SourceEvidence.approvalReference,P2-01,"[""P2-01""]",源审批证据不等于本平台已授权；需owner核验及本次审批digest,PROPOSED_REQUIRES_TASK_VALIDATION,/ORG04/fields/16
ORG04,recorded_at,系统记录时间,datetime,R,,实际录入或纠错时间；不得冒充业务生效时间,INTERNAL,是：任何实际记录必填,本次通用治理字段设计,SOURCE_RECORDED_TIME,ImportSourceEvidence.sourceRecordedAt,P2-01,"[""P2-01""]",保存来源记录时间；目标recordedFrom由DB实际生成，不能回填伪知识,PROPOSED_REQUIRES_TASK_VALIDATION,/ORG04/fields/17
ORG05,view_id,视图ID,id,R,,组织视图定义的永久稳定记录/对象标识；不可由名称、工号或院区拼接决定，不复用停用标识。,INTERNAL,是：任何实际记录必填,本次设计建议,SOURCE_CREATE_ALIAS,HierarchyView.sourceClientKey,P2-02,"[""P2-02""]",CREATE中为源alias；平台stableId由DB生成。UPDATE需单独已授权platformRef+expectedVersion，不能伪造新ID。,PROPOSED_REQUIRES_TASK_VALIDATION,/ORG05/fields/0
ORG05,view_code,视图代码,text,R,,组织视图定义记录的视图代码；按本表一行粒度维护，由数据治理牵头部门确认，历史值不得直接覆盖。,INTERNAL,是：任何实际记录必填,本次设计建议,OWNER_VERSIONED_FACT,HierarchyView.view_code,P2-02,"[""P2-02""]",明确字段纳入owner的版本化内容/关系；不反向形成通用宽表或绕过审批。,PROPOSED_REQUIRES_TASK_VALIDATION,/ORG05/fields/1
ORG05,view_name,视图名称,text,R,,组织视图定义记录的视图名称；按本表一行粒度维护，由数据治理牵头部门确认，历史值不得直接覆盖。,INTERNAL,是：任何实际记录必填,本次设计建议,OWNER_VERSIONED_FACT,HierarchyView.view_name,P2-02,"[""P2-02""]",明确字段纳入owner的版本化内容/关系；不反向形成通用宽表或绕过审批。,PROPOSED_REQUIRES_TASK_VALIDATION,/ORG05/fields/2
ORG05,view_type,视图类型,code,R,enum:view_type,视图类型；取值见建议码表view_type，采用前需院方确认；不可用显示名称替代代码。,INTERNAL,是：任何实际记录必填,本次设计建议,VERSIONED_CODE_BINDING,HierarchyView.view_type,P2-02,"[""P2-02""]",建议枚举需采纳版本；错误码/未批准码阻断；显示标签不当key。,PROPOSED_REQUIRES_TASK_VALIDATION,/ORG05/fields/3
ORG05,single_parent,单父级约束,code,R,enum:yes_no,单父级约束；取值见建议码表yes_no，采用前需院方确认；不可用显示名称替代代码。,INTERNAL,是：任何实际记录必填,本次设计建议,VIEW_POLICY,HierarchyView.parentCardinality,P2-02,"[""P2-02""]",目标单视图严格树/森林；源多父意图需拆方案/关系或review，不静默接受多父,PROPOSED_REQUIRES_TASK_VALIDATION,/ORG05/fields/4
ORG05,purpose,适用业务口径,text,R,,组织视图定义记录的适用业务口径；按本表一行粒度维护，由数据治理牵头部门确认，历史值不得直接覆盖。,INTERNAL,是：任何实际记录必填,本次设计建议,OWNER_VERSIONED_FACT,HierarchyView.purpose,P2-02,"[""P2-02""]",明确字段纳入owner的版本化内容/关系；不反向形成通用宽表或绕过审批。,PROPOSED_REQUIRES_TASK_VALIDATION,/ORG05/fields/5
ORG05,owner_org_id,视图最终负责组织,id,C,ORG04.org_id,视图最终负责组织；引用ORG04.org_id的稳定标识；跨表关联须使用相同业务时点下的有效记录。,INTERNAL,条件必填：视图拟正式发布时必填，明确唯一最终负责组织。,本次设计建议,GOVERNANCE_RESPONSIBILITY,GovernanceResponsibility.ownerDepartmentRef,P2-02,"[""P2-01"", ""P2-02""]",Owner科室不等于视图根；依赖可在候选图后单独绑定,PROPOSED_REQUIRES_TASK_VALIDATION,/ORG05/fields/6
ORG05,aggregation_rule,汇总规则,text,R,,多父级视图必须明确去重或分摊，不能重复累计,INTERNAL,是：任何实际记录必填,本次设计建议,OWNER_VERSIONED_FACT,HierarchyView.aggregation_rule,P2-02,"[""P2-02""]",明确字段纳入owner的版本化内容/关系；不反向形成通用宽表或绕过审批。,PROPOSED_REQUIRES_TASK_VALIDATION,/ORG05/fields/7
ORG05,version_no,版本号,integer,R,,稳定ID内部递增；不是新对象ID,INTERNAL,是：任何实际记录必填,本次通用治理字段设计,SOURCE_VERSION_EVIDENCE,ImportSourceEvidence.sourceVersion,P2-02,"[""P2-02""]",源修订号仅保存来源，不覆盖DB目标versionNo,PROPOSED_REQUIRES_TASK_VALIDATION,/ORG05/fields/8
ORG05,valid_from,业务生效时间,datetime,R,,左闭右开区间起点；ISO 8601并含时区,INTERNAL,是：任何实际记录必填,本次通用治理字段设计,BUSINESS_TIME,businessValidFrom,P2-02,"[""P2-02""]",原始offset保留；仅按已发布contract显式+08:00→local；DB主时间无offset,PROPOSED_REQUIRES_TASK_VALIDATION,/ORG05/fields/9
ORG05,valid_to,业务失效时间,datetime,O,,空表示未设结束；不得早于生效时间,INTERNAL,可空：未知/不适用保持空；不以0或未知码冒充,本次通用治理字段设计,BUSINESS_TIME,businessValidTo,P2-02,"[""P2-02""]",null=无界，必须大于from，整区间检验，不用任意大日期,PROPOSED_REQUIRES_TASK_VALIDATION,/ORG05/fields/10
ORG05,record_status,记录状态,code,R,enum:record_status,草稿与正式有效记录分离,INTERNAL,是：任何实际记录必填,本次通用治理字段设计,LIFECYCLE_INTENT,ImportIntent.sourceRecordStatus,P2-02,"[""P2-02""]",源草稿/正式等映射显式owner命令；不得直接改变审批/业务状态,PROPOSED_REQUIRES_TASK_VALIDATION,/ORG05/fields/11
ORG05,source_system_id,权威来源系统ID,id,R,GOV01.system_id,来源为人工整理时登记来源系统MDM_MANUAL,INTERNAL,是：任何实际记录必填,本次通用治理字段设计,SOURCE_NAMESPACE,SourceSystemReference,P2-02,"[""P2-02""]",精确GOV01源系统注册；MANUAL也要登记，非账号system身份默认映射,PROPOSED_REQUIRES_TASK_VALIDATION,/ORG05/fields/12
ORG05,source_record_id,来源记录定位,text,R,,原表主键或文件加工作表加行号；不得填个人证件原文,INTERNAL,是：任何实际记录必填,本次通用治理字段设计,SOURCE_RECORD_EVIDENCE,ImportSourceEvidence.recordLocator,P2-02,"[""P2-02""]",仅定位，不作为Person标识；日志/审计不写原敏感值,PROPOSED_REQUIRES_TASK_VALIDATION,/ORG05/fields/13
ORG05,approval_ref,审批证据号,text,C,,发布时必填；引用受控签审记录不粘贴敏感附件,INTERNAL,条件必填：发布时必填；引用受控签审记录不粘贴敏感附件,本次通用治理字段设计,APPROVAL_EVIDENCE,SourceEvidence.approvalReference,P2-02,"[""P2-02""]",源审批证据不等于本平台已授权；需owner核验及本次审批digest,PROPOSED_REQUIRES_TASK_VALIDATION,/ORG05/fields/14
ORG05,recorded_at,系统记录时间,datetime,R,,实际录入或纠错时间；不得冒充业务生效时间,INTERNAL,是：任何实际记录必填,本次通用治理字段设计,SOURCE_RECORDED_TIME,ImportSourceEvidence.sourceRecordedAt,P2-02,"[""P2-02""]",保存来源记录时间；目标recordedFrom由DB实际生成，不能回填伪知识,PROPOSED_REQUIRES_TASK_VALIDATION,/ORG05/fields/15
ORG06,hierarchy_edge_id,层级关系ID,id,R,,多视图组织层级的永久稳定记录/对象标识；不可由名称、工号或院区拼接决定，不复用停用标识。,INTERNAL,是：任何实际记录必填,科室原模板PARENT_DEPT_CODE/LEVELS；卫宁一级/二级科室,SOURCE_CREATE_ALIAS,HierarchyViewSnapshot.NodeEdge.sourceClientKey,P2-02,"[""P2-02""]",CREATE中为源alias；平台stableId由DB生成。UPDATE需单独已授权platformRef+expectedVersion，不能伪造新ID。,PROPOSED_REQUIRES_TASK_VALIDATION,/ORG06/fields/0
ORG06,view_id,视图ID,id,R,ORG05.view_id,视图ID；引用ORG05.view_id的稳定标识；跨表关联须使用相同业务时点下的有效记录。,INTERNAL,是：任何实际记录必填,科室原模板PARENT_DEPT_CODE/LEVELS；卫宁一级/二级科室,TYPED_RELATION_REFERENCE,HierarchyViewSnapshot.NodeEdge.view_id,P2-02,"[""P2-02""]",按精确dataset/type/namespace解析，验证owner/scope/full interval；未ready目标不能忽略或按名猜测。,PROPOSED_REQUIRES_TASK_VALIDATION,/ORG06/fields/1
ORG06,parent_org_id,上级组织ID,id,C,ORG04.org_id,根节点允许空,INTERNAL,条件必填：非根节点必填；视图正式声明的根节点可空。,科室信息表-标准定义模板V1.01.xlsx#科室信息表!A14:LEVELS；科室信息表-标准定义模板V1.01.xlsx#科室信息表!A15:PARENT_DEPT_CODE,TYPED_RELATION_REFERENCE,HierarchyViewSnapshot.NodeEdge.parent_org_id,P2-02,"[""P2-01"", ""P2-02""]",按精确dataset/type/namespace解析，验证owner/scope/full interval；未ready目标不能忽略或按名猜测。,PROPOSED_REQUIRES_TASK_VALIDATION,/ORG06/fields/2
ORG06,child_org_id,下级组织ID,id,R,ORG04.org_id,下级组织ID；引用ORG04.org_id的稳定标识；跨表关联须使用相同业务时点下的有效记录。,INTERNAL,是：任何实际记录必填,科室信息表-标准定义模板V1.01.xlsx#科室信息表!A14:LEVELS,TYPED_RELATION_REFERENCE,HierarchyViewSnapshot.NodeEdge.child_org_id,P2-02,"[""P2-01"", ""P2-02""]",按精确dataset/type/namespace解析，验证owner/scope/full interval；未ready目标不能忽略或按名猜测。,PROPOSED_REQUIRES_TASK_VALIDATION,/ORG06/fields/3
ORG06,relation_name,隶属关系名称,text,R,,行政隶属、业务指导等由视图约束,INTERNAL,是：任何实际记录必填,科室原模板PARENT_DEPT_CODE/LEVELS；卫宁一级/二级科室,OWNER_VERSIONED_FACT,HierarchyViewSnapshot.NodeEdge.relation_name,P2-02,"[""P2-02""]",明确字段纳入owner的版本化内容/关系；不反向形成通用宽表或绕过审批。,PROPOSED_REQUIRES_TASK_VALIDATION,/ORG06/fields/4
ORG06,sort_order,同级排序号,integer,O,,多视图组织层级记录的同级排序号；按本表一行粒度维护，由组织人事部确认，历史值不得直接覆盖。,INTERNAL,可空：未知/不适用保持空；不以0或未知码冒充,科室原模板PARENT_DEPT_CODE/LEVELS；卫宁一级/二级科室,OWNER_VERSIONED_FACT,HierarchyViewSnapshot.NodeEdge.sort_order,P2-02,"[""P2-02""]",明确字段纳入owner的版本化内容/关系；不反向形成通用宽表或绕过审批。,PROPOSED_REQUIRES_TASK_VALIDATION,/ORG06/fields/5
ORG06,is_primary_path,主汇总路径,code,R,enum:yes_no,主汇总路径；取值见建议码表yes_no，采用前需院方确认；不可用显示名称替代代码。,INTERNAL,是：任何实际记录必填,科室原模板PARENT_DEPT_CODE/LEVELS；卫宁一级/二级科室,VERSIONED_CODE_BINDING,HierarchyViewSnapshot.NodeEdge.is_primary_path,P2-02,"[""P2-02""]",建议枚举需采纳版本；错误码/未批准码阻断；显示标签不当key。,PROPOSED_REQUIRES_TASK_VALIDATION,/ORG06/fields/6
ORG06,version_no,版本号,integer,R,,稳定ID内部递增；不是新对象ID,INTERNAL,是：任何实际记录必填,本次通用治理字段设计,SOURCE_VERSION_EVIDENCE,ImportSourceEvidence.sourceVersion,P2-02,"[""P2-02""]",源修订号仅保存来源，不覆盖DB目标versionNo,PROPOSED_REQUIRES_TASK_VALIDATION,/ORG06/fields/7
ORG06,valid_from,业务生效时间,datetime,R,,左闭右开区间起点；ISO 8601并含时区,INTERNAL,是：任何实际记录必填,本次通用治理字段设计,BUSINESS_TIME,businessValidFrom,P2-02,"[""P2-02""]",原始offset保留；仅按已发布contract显式+08:00→local；DB主时间无offset,PROPOSED_REQUIRES_TASK_VALIDATION,/ORG06/fields/8
ORG06,valid_to,业务失效时间,datetime,O,,空表示未设结束；不得早于生效时间,INTERNAL,可空：未知/不适用保持空；不以0或未知码冒充,本次通用治理字段设计,BUSINESS_TIME,businessValidTo,P2-02,"[""P2-02""]",null=无界，必须大于from，整区间检验，不用任意大日期,PROPOSED_REQUIRES_TASK_VALIDATION,/ORG06/fields/9
ORG06,record_status,记录状态,code,R,enum:record_status,草稿与正式有效记录分离,INTERNAL,是：任何实际记录必填,本次通用治理字段设计,LIFECYCLE_INTENT,ImportIntent.sourceRecordStatus,P2-02,"[""P2-02""]",源草稿/正式等映射显式owner命令；不得直接改变审批/业务状态,PROPOSED_REQUIRES_TASK_VALIDATION,/ORG06/fields/10
ORG06,source_system_id,权威来源系统ID,id,R,GOV01.system_id,来源为人工整理时登记来源系统MDM_MANUAL,INTERNAL,是：任何实际记录必填,本次通用治理字段设计,SOURCE_NAMESPACE,SourceSystemReference,P2-02,"[""P2-02""]",精确GOV01源系统注册；MANUAL也要登记，非账号system身份默认映射,PROPOSED_REQUIRES_TASK_VALIDATION,/ORG06/fields/11
ORG06,source_record_id,来源记录定位,text,R,,原表主键或文件加工作表加行号；不得填个人证件原文,INTERNAL,是：任何实际记录必填,本次通用治理字段设计,SOURCE_RECORD_EVIDENCE,ImportSourceEvidence.recordLocator,P2-02,"[""P2-02""]",仅定位，不作为Person标识；日志/审计不写原敏感值,PROPOSED_REQUIRES_TASK_VALIDATION,/ORG06/fields/12
ORG06,approval_ref,审批证据号,text,C,,发布时必填；引用受控签审记录不粘贴敏感附件,INTERNAL,条件必填：发布时必填；引用受控签审记录不粘贴敏感附件,本次通用治理字段设计,APPROVAL_EVIDENCE,SourceEvidence.approvalReference,P2-02,"[""P2-02""]",源审批证据不等于本平台已授权；需owner核验及本次审批digest,PROPOSED_REQUIRES_TASK_VALIDATION,/ORG06/fields/13
ORG06,recorded_at,系统记录时间,datetime,R,,实际录入或纠错时间；不得冒充业务生效时间,INTERNAL,是：任何实际记录必填,本次通用治理字段设计,SOURCE_RECORDED_TIME,ImportSourceEvidence.sourceRecordedAt,P2-02,"[""P2-02""]",保存来源记录时间；目标recordedFrom由DB实际生成，不能回填伪知识,PROPOSED_REQUIRES_TASK_VALIDATION,/ORG06/fields/14
ORG07,unit_id,业务单元ID,id,R,,院区业务单元的永久稳定记录/对象标识；不可由名称、工号或院区拼接决定，不复用停用标识。,INTERNAL,是：任何实际记录必填,科室模板院区/电话/描述；东华03科室病区,SOURCE_CREATE_ALIAS,CampusBusinessUnit.sourceClientKey,P3-01,"[""P3-01""]",CREATE中为源alias；平台stableId由DB生成。UPDATE需单独已授权platformRef+expectedVersion，不能伪造新ID。,PROPOSED_REQUIRES_TASK_VALIDATION,/ORG07/fields/0
ORG07,unit_code,业务单元代码,text,R,,院区业务单元记录的业务单元代码；按本表一行粒度维护，由医务部确认，历史值不得直接覆盖。,INTERNAL,是：任何实际记录必填,科室模板院区/电话/描述；东华03科室病区,OWNER_VERSIONED_FACT,CampusBusinessUnit.unit_code,P3-01,"[""P3-01""]",明确字段纳入owner的版本化内容/关系；不反向形成通用宽表或绕过审批。,PROPOSED_REQUIRES_TASK_VALIDATION,/ORG07/fields/1
ORG07,unit_name,业务单元名称,text,R,,院区业务单元记录的业务单元名称；按本表一行粒度维护，由医务部确认，历史值不得直接覆盖。,INTERNAL,是：任何实际记录必填,科室模板院区/电话/描述；东华03科室病区,OWNER_VERSIONED_FACT,CampusBusinessUnit.unit_name,P3-01,"[""P3-01""]",明确字段纳入owner的版本化内容/关系；不反向形成通用宽表或绕过审批。,PROPOSED_REQUIRES_TASK_VALIDATION,/ORG07/fields/2
ORG07,org_id,所属逻辑科室ID,id,R,ORG04.org_id,所属逻辑科室ID；引用ORG04.org_id的稳定标识；跨表关联须使用相同业务时点下的有效记录。,INTERNAL,是：任何实际记录必填,科室模板院区/电话/描述；东华03科室病区,TYPED_RELATION_REFERENCE,CampusBusinessUnit.org_id,P3-01,"[""P2-01"", ""P3-01""]",按精确dataset/type/namespace解析，验证owner/scope/full interval；未ready目标不能忽略或按名猜测。,PROPOSED_REQUIRES_TASK_VALIDATION,/ORG07/fields/3
ORG07,campus_id,服务院区ID,id,R,ORG02.campus_id,服务院区ID；引用ORG02.campus_id的稳定标识；跨表关联须使用相同业务时点下的有效记录。,INTERNAL,是：任何实际记录必填,科室信息表-标准定义模板V1.01.xlsx#科室信息表!A3:HOSP_AREA_CODE,TYPED_RELATION_REFERENCE,CampusBusinessUnit.campus_id,P3-01,"[""P1-02"", ""P3-01""]",按精确dataset/type/namespace解析，验证owner/scope/full interval；未ready目标不能忽略或按名猜测。,PROPOSED_REQUIRES_TASK_VALIDATION,/ORG07/fields/4
ORG07,legal_entity_id,业务运营主体ID,id,R,ORG01.legal_entity_id,业务运营主体ID；引用ORG01.legal_entity_id的稳定标识；跨表关联须使用相同业务时点下的有效记录。,INTERNAL,是：任何实际记录必填,科室模板院区/电话/描述；东华03科室病区,TYPED_RELATION_REFERENCE,CampusBusinessUnit.legal_entity_id,P3-01,"[""P1-01"", ""P3-01""]",按精确dataset/type/namespace解析，验证owner/scope/full interval；未ready目标不能忽略或按名猜测。,PROPOSED_REQUIRES_TASK_VALIDATION,/ORG07/fields/5
ORG07,unit_type,业务单元类型,code,R,enum:unit_type,业务单元类型；取值见建议码表unit_type，采用前需院方确认；不可用显示名称替代代码。,INTERNAL,是：任何实际记录必填,科室信息表-标准定义模板V1.01.xlsx#科室信息表!A4:DEPT_CATEG_CODE,VERSIONED_CODE_BINDING,CampusBusinessUnit.unit_type,P3-01,"[""P3-01""]",建议枚举需采纳版本；错误码/未批准码阻断；显示标签不当key。,PROPOSED_REQUIRES_TASK_VALIDATION,/ORG07/fields/6
ORG07,public_phone,服务电话,text,O,,院区业务单元记录的服务电话；按本表一行粒度维护，由医务部确认，历史值不得直接覆盖。,INTERNAL,可空：未知/不适用保持空；不以0或未知码冒充,科室信息表-标准定义模板V1.01.xlsx#科室信息表!A10:DEPT_PHONE_NO,OWNER_VERSIONED_FACT,CampusBusinessUnit.public_phone,P3-01,"[""P3-01""]",明确字段纳入owner的版本化内容/关系；不反向形成通用宽表或绕过审批。,PROPOSED_REQUIRES_TASK_VALIDATION,/ORG07/fields/7
ORG07,service_description,服务范围说明,text,O,,院区业务单元记录的服务范围说明；按本表一行粒度维护，由医务部确认，历史值不得直接覆盖。,INTERNAL,可空：未知/不适用保持空；不以0或未知码冒充,科室信息表-标准定义模板V1.01.xlsx#科室信息表!A11:DESCR,OWNER_VERSIONED_FACT,CampusBusinessUnit.service_description,P3-01,"[""P3-01""]",明确字段纳入owner的版本化内容/关系；不反向形成通用宽表或绕过审批。,PROPOSED_REQUIRES_TASK_VALIDATION,/ORG07/fields/8
ORG07,receiving_rule_ref,接收患者规则引用,text,C,,年龄性别和就诊限制进入版本化规则，不用自由文本执行,INTERNAL,条件必填：存在年龄、性别、病种、门急住或其他收治限制时必填；无特殊限制需经业务确认。,科室模板院区/电话/描述；东华03科室病区,OWNER_VERSIONED_FACT,CampusBusinessUnit.receiving_rule_ref,P3-01,"[""P3-01""]",明确字段纳入owner的版本化内容/关系；不反向形成通用宽表或绕过审批。,PROPOSED_REQUIRES_TASK_VALIDATION,/ORG07/fields/9
ORG07,business_owner_id,业务负责人ID,id,C,PER01.person_id,业务负责人ID；引用PER01.person_id的稳定标识；跨表关联须使用相同业务时点下的有效记录。,INTERNAL,条件必填：院区业务单元启用前必填；指向有效人员，不填写自由文本姓名作为关联。,科室模板院区/电话/描述；东华03科室病区,RESPONSIBILITY_RELATION,OrganizationResponsibility.personRef,P5-02,"[""P4-01"", ""P5-02""]",负责人独立版本关系；P3核心profile不可偷偷吞掉该字段,PROPOSED_REQUIRES_TASK_VALIDATION,/ORG07/fields/10
ORG07,version_no,版本号,integer,R,,稳定ID内部递增；不是新对象ID,INTERNAL,是：任何实际记录必填,本次通用治理字段设计,SOURCE_VERSION_EVIDENCE,ImportSourceEvidence.sourceVersion,P3-01,"[""P3-01""]",源修订号仅保存来源，不覆盖DB目标versionNo,PROPOSED_REQUIRES_TASK_VALIDATION,/ORG07/fields/11
ORG07,valid_from,业务生效时间,datetime,R,,左闭右开区间起点；ISO 8601并含时区,INTERNAL,是：任何实际记录必填,本次通用治理字段设计,BUSINESS_TIME,businessValidFrom,P3-01,"[""P3-01""]",原始offset保留；仅按已发布contract显式+08:00→local；DB主时间无offset,PROPOSED_REQUIRES_TASK_VALIDATION,/ORG07/fields/12
ORG07,valid_to,业务失效时间,datetime,O,,空表示未设结束；不得早于生效时间,INTERNAL,可空：未知/不适用保持空；不以0或未知码冒充,本次通用治理字段设计,BUSINESS_TIME,businessValidTo,P3-01,"[""P3-01""]",null=无界，必须大于from，整区间检验，不用任意大日期,PROPOSED_REQUIRES_TASK_VALIDATION,/ORG07/fields/13
ORG07,record_status,记录状态,code,R,enum:record_status,草稿与正式有效记录分离,INTERNAL,是：任何实际记录必填,本次通用治理字段设计,LIFECYCLE_INTENT,ImportIntent.sourceRecordStatus,P3-01,"[""P3-01""]",源草稿/正式等映射显式owner命令；不得直接改变审批/业务状态,PROPOSED_REQUIRES_TASK_VALIDATION,/ORG07/fields/14
ORG07,source_system_id,权威来源系统ID,id,R,GOV01.system_id,来源为人工整理时登记来源系统MDM_MANUAL,INTERNAL,是：任何实际记录必填,本次通用治理字段设计,SOURCE_NAMESPACE,SourceSystemReference,P3-01,"[""P3-01""]",精确GOV01源系统注册；MANUAL也要登记，非账号system身份默认映射,PROPOSED_REQUIRES_TASK_VALIDATION,/ORG07/fields/15
ORG07,source_record_id,来源记录定位,text,R,,原表主键或文件加工作表加行号；不得填个人证件原文,INTERNAL,是：任何实际记录必填,本次通用治理字段设计,SOURCE_RECORD_EVIDENCE,ImportSourceEvidence.recordLocator,P3-01,"[""P3-01""]",仅定位，不作为Person标识；日志/审计不写原敏感值,PROPOSED_REQUIRES_TASK_VALIDATION,/ORG07/fields/16
ORG07,approval_ref,审批证据号,text,C,,发布时必填；引用受控签审记录不粘贴敏感附件,INTERNAL,条件必填：发布时必填；引用受控签审记录不粘贴敏感附件,本次通用治理字段设计,APPROVAL_EVIDENCE,SourceEvidence.approvalReference,P3-01,"[""P3-01""]",源审批证据不等于本平台已授权；需owner核验及本次审批digest,PROPOSED_REQUIRES_TASK_VALIDATION,/ORG07/fields/17
ORG07,recorded_at,系统记录时间,datetime,R,,实际录入或纠错时间；不得冒充业务生效时间,INTERNAL,是：任何实际记录必填,本次通用治理字段设计,SOURCE_RECORDED_TIME,ImportSourceEvidence.sourceRecordedAt,P3-01,"[""P3-01""]",保存来源记录时间；目标recordedFrom由DB实际生成，不能回填伪知识,PROPOSED_REQUIRES_TASK_VALIDATION,/ORG07/fields/18
ORG08,ward_id,病区ID,id,R,,病区的永久稳定记录/对象标识；不可由名称、工号或院区拼接决定，不复用停用标识。,INTERNAL,是：任何实际记录必填,院内原表第58/60行,SOURCE_CREATE_ALIAS,Ward.sourceClientKey,P3-02,"[""P3-02""]",CREATE中为源alias；平台stableId由DB生成。UPDATE需单独已授权platformRef+expectedVersion，不能伪造新ID。,PROPOSED_REQUIRES_TASK_VALIDATION,/ORG08/fields/0
ORG08,ward_code,病区代码,text,R,,病区记录的病区代码；按本表一行粒度维护，由医务部确认，历史值不得直接覆盖。,INTERNAL,是：任何实际记录必填,院内原表第58/60行,OWNER_VERSIONED_FACT,Ward.ward_code,P3-02,"[""P3-02""]",明确字段纳入owner的版本化内容/关系；不反向形成通用宽表或绕过审批。,PROPOSED_REQUIRES_TASK_VALIDATION,/ORG08/fields/1
ORG08,ward_name,病区名称,text,R,,病区记录的病区名称；按本表一行粒度维护，由医务部确认，历史值不得直接覆盖。,INTERNAL,是：任何实际记录必填,院内原表第58/60行,OWNER_VERSIONED_FACT,Ward.ward_name,P3-02,"[""P3-02""]",明确字段纳入owner的版本化内容/关系；不反向形成通用宽表或绕过审批。,PROPOSED_REQUIRES_TASK_VALIDATION,/ORG08/fields/2
ORG08,campus_id,院区ID,id,R,ORG02.campus_id,院区ID；引用ORG02.campus_id的稳定标识；跨表关联须使用相同业务时点下的有效记录。,INTERNAL,是：任何实际记录必填,院内原表第58/60行,TYPED_RELATION_REFERENCE,Ward.campus_id,P3-02,"[""P1-02"", ""P3-02""]",按精确dataset/type/namespace解析，验证owner/scope/full interval；未ready目标不能忽略或按名猜测。,PROPOSED_REQUIRES_TASK_VALIDATION,/ORG08/fields/3
ORG08,managing_unit_id,管理业务单元ID,id,C,ORG07.unit_id,管理业务单元ID；引用ORG07.unit_id的稳定标识；跨表关联须使用相同业务时点下的有效记录。,INTERNAL,条件必填：病区启用时必填；管理归口与可收治科室关联分别维护。,院内原表第58/60行,TYPED_RELATION_REFERENCE,Ward.managing_unit_id,P3-02,"[""P3-01"", ""P3-02""]",按精确dataset/type/namespace解析，验证owner/scope/full interval；未ready目标不能忽略或按名猜测。,PROPOSED_REQUIRES_TASK_VALIDATION,/ORG08/fields/4
ORG08,ward_type,病区业务类型,text,R,,普通、重症、日间等由临床确认,INTERNAL,是：任何实际记录必填,院内原表第58/60行,OWNER_VERSIONED_FACT,Ward.ward_type,P3-02,"[""P3-02""]",明确字段纳入owner的版本化内容/关系；不反向形成通用宽表或绕过审批。,PROPOSED_REQUIRES_TASK_VALIDATION,/ORG08/fields/5
ORG08,admission_rule_ref,收治规则引用,text,C,,收治规则引用；有专科收治、混合病区、年龄或特殊隔离限制时必填。,INTERNAL,条件必填：有专科收治、混合病区、年龄或特殊隔离限制时必填。,院内原表第58/60行,OWNER_VERSIONED_FACT,Ward.admission_rule_ref,P3-02,"[""P3-02""]",明确字段纳入owner的版本化内容/关系；不反向形成通用宽表或绕过审批。,PROPOSED_REQUIRES_TASK_VALIDATION,/ORG08/fields/6
ORG08,public_phone,病区办公电话,text,O,,病区记录的病区办公电话；按本表一行粒度维护，由医务部确认，历史值不得直接覆盖。,INTERNAL,可空：未知/不适用保持空；不以0或未知码冒充,院内原表第58/60行,OWNER_VERSIONED_FACT,Ward.public_phone,P3-02,"[""P3-02""]",明确字段纳入owner的版本化内容/关系；不反向形成通用宽表或绕过审批。,PROPOSED_REQUIRES_TASK_VALIDATION,/ORG08/fields/7
ORG08,version_no,版本号,integer,R,,稳定ID内部递增；不是新对象ID,INTERNAL,是：任何实际记录必填,本次通用治理字段设计,SOURCE_VERSION_EVIDENCE,ImportSourceEvidence.sourceVersion,P3-02,"[""P3-02""]",源修订号仅保存来源，不覆盖DB目标versionNo,PROPOSED_REQUIRES_TASK_VALIDATION,/ORG08/fields/8
ORG08,valid_from,业务生效时间,datetime,R,,左闭右开区间起点；ISO 8601并含时区,INTERNAL,是：任何实际记录必填,本次通用治理字段设计,BUSINESS_TIME,businessValidFrom,P3-02,"[""P3-02""]",原始offset保留；仅按已发布contract显式+08:00→local；DB主时间无offset,PROPOSED_REQUIRES_TASK_VALIDATION,/ORG08/fields/9
ORG08,valid_to,业务失效时间,datetime,O,,空表示未设结束；不得早于生效时间,INTERNAL,可空：未知/不适用保持空；不以0或未知码冒充,本次通用治理字段设计,BUSINESS_TIME,businessValidTo,P3-02,"[""P3-02""]",null=无界，必须大于from，整区间检验，不用任意大日期,PROPOSED_REQUIRES_TASK_VALIDATION,/ORG08/fields/10
ORG08,record_status,记录状态,code,R,enum:record_status,草稿与正式有效记录分离,INTERNAL,是：任何实际记录必填,本次通用治理字段设计,LIFECYCLE_INTENT,ImportIntent.sourceRecordStatus,P3-02,"[""P3-02""]",源草稿/正式等映射显式owner命令；不得直接改变审批/业务状态,PROPOSED_REQUIRES_TASK_VALIDATION,/ORG08/fields/11
ORG08,source_system_id,权威来源系统ID,id,R,GOV01.system_id,来源为人工整理时登记来源系统MDM_MANUAL,INTERNAL,是：任何实际记录必填,本次通用治理字段设计,SOURCE_NAMESPACE,SourceSystemReference,P3-02,"[""P3-02""]",精确GOV01源系统注册；MANUAL也要登记，非账号system身份默认映射,PROPOSED_REQUIRES_TASK_VALIDATION,/ORG08/fields/12
ORG08,source_record_id,来源记录定位,text,R,,原表主键或文件加工作表加行号；不得填个人证件原文,INTERNAL,是：任何实际记录必填,本次通用治理字段设计,SOURCE_RECORD_EVIDENCE,ImportSourceEvidence.recordLocator,P3-02,"[""P3-02""]",仅定位，不作为Person标识；日志/审计不写原敏感值,PROPOSED_REQUIRES_TASK_VALIDATION,/ORG08/fields/13
ORG08,approval_ref,审批证据号,text,C,,发布时必填；引用受控签审记录不粘贴敏感附件,INTERNAL,条件必填：发布时必填；引用受控签审记录不粘贴敏感附件,本次通用治理字段设计,APPROVAL_EVIDENCE,SourceEvidence.approvalReference,P3-02,"[""P3-02""]",源审批证据不等于本平台已授权；需owner核验及本次审批digest,PROPOSED_REQUIRES_TASK_VALIDATION,/ORG08/fields/14
ORG08,recorded_at,系统记录时间,datetime,R,,实际录入或纠错时间；不得冒充业务生效时间,INTERNAL,是：任何实际记录必填,本次通用治理字段设计,SOURCE_RECORDED_TIME,ImportSourceEvidence.sourceRecordedAt,P3-02,"[""P3-02""]",保存来源记录时间；目标recordedFrom由DB实际生成，不能回填伪知识,PROPOSED_REQUIRES_TASK_VALIDATION,/ORG08/fields/15
ORG09,nursing_unit_id,护理单元ID,id,R,,护理单元的永久稳定记录/对象标识；不可由名称、工号或院区拼接决定，不复用停用标识。,INTERNAL,是：任何实际记录必填,院内原表第59/65行,SOURCE_CREATE_ALIAS,NursingUnit.sourceClientKey,P3-03,"[""P3-03""]",CREATE中为源alias；平台stableId由DB生成。UPDATE需单独已授权platformRef+expectedVersion，不能伪造新ID。,PROPOSED_REQUIRES_TASK_VALIDATION,/ORG09/fields/0
ORG09,nursing_code,护理单元代码,text,R,,护理单元记录的护理单元代码；按本表一行粒度维护，由护理部确认，历史值不得直接覆盖。,INTERNAL,是：任何实际记录必填,院内原表第59/65行,OWNER_VERSIONED_FACT,NursingUnit.nursing_code,P3-03,"[""P3-03""]",明确字段纳入owner的版本化内容/关系；不反向形成通用宽表或绕过审批。,PROPOSED_REQUIRES_TASK_VALIDATION,/ORG09/fields/1
ORG09,nursing_name,护理单元名称,text,R,,护理单元记录的护理单元名称；按本表一行粒度维护，由护理部确认，历史值不得直接覆盖。,INTERNAL,是：任何实际记录必填,院内原表第59/65行,OWNER_VERSIONED_FACT,NursingUnit.nursing_name,P3-03,"[""P3-03""]",明确字段纳入owner的版本化内容/关系；不反向形成通用宽表或绕过审批。,PROPOSED_REQUIRES_TASK_VALIDATION,/ORG09/fields/2
ORG09,campus_id,院区ID,id,R,ORG02.campus_id,院区ID；引用ORG02.campus_id的稳定标识；跨表关联须使用相同业务时点下的有效记录。,INTERNAL,是：任何实际记录必填,院内原表第59/65行,TYPED_RELATION_REFERENCE,NursingUnit.campus_id,P3-03,"[""P1-02"", ""P3-03""]",按精确dataset/type/namespace解析，验证owner/scope/full interval；未ready目标不能忽略或按名猜测。,PROPOSED_REQUIRES_TASK_VALIDATION,/ORG09/fields/3
ORG09,managing_org_id,护理管理组织ID,id,R,ORG04.org_id,护理管理组织ID；引用ORG04.org_id的稳定标识；跨表关联须使用相同业务时点下的有效记录。,INTERNAL,是：任何实际记录必填,院内原表第59/65行,TYPED_RELATION_REFERENCE,NursingUnit.managing_org_id,P3-03,"[""P2-01"", ""P3-03""]",按精确dataset/type/namespace解析，验证owner/scope/full interval；未ready目标不能忽略或按名猜测。,PROPOSED_REQUIRES_TASK_VALIDATION,/ORG09/fields/4
ORG09,care_level,护理服务级别说明,text,O,,护理单元记录的护理服务级别说明；按本表一行粒度维护，由护理部确认，历史值不得直接覆盖。,INTERNAL,可空：未知/不适用保持空；不以0或未知码冒充,院内原表第59/65行,OWNER_VERSIONED_FACT,NursingUnit.care_level,P3-03,"[""P3-03""]",明确字段纳入owner的版本化内容/关系；不反向形成通用宽表或绕过审批。,PROPOSED_REQUIRES_TASK_VALIDATION,/ORG09/fields/5
ORG09,office_phone,办公电话,text,O,,护理单元记录的办公电话；按本表一行粒度维护，由护理部确认，历史值不得直接覆盖。,INTERNAL,可空：未知/不适用保持空；不以0或未知码冒充,院内原表第59/65行,OWNER_VERSIONED_FACT,NursingUnit.office_phone,P3-03,"[""P3-03""]",明确字段纳入owner的版本化内容/关系；不反向形成通用宽表或绕过审批。,PROPOSED_REQUIRES_TASK_VALIDATION,/ORG09/fields/6
ORG09,version_no,版本号,integer,R,,稳定ID内部递增；不是新对象ID,INTERNAL,是：任何实际记录必填,本次通用治理字段设计,SOURCE_VERSION_EVIDENCE,ImportSourceEvidence.sourceVersion,P3-03,"[""P3-03""]",源修订号仅保存来源，不覆盖DB目标versionNo,PROPOSED_REQUIRES_TASK_VALIDATION,/ORG09/fields/7
ORG09,valid_from,业务生效时间,datetime,R,,左闭右开区间起点；ISO 8601并含时区,INTERNAL,是：任何实际记录必填,本次通用治理字段设计,BUSINESS_TIME,businessValidFrom,P3-03,"[""P3-03""]",原始offset保留；仅按已发布contract显式+08:00→local；DB主时间无offset,PROPOSED_REQUIRES_TASK_VALIDATION,/ORG09/fields/8
ORG09,valid_to,业务失效时间,datetime,O,,空表示未设结束；不得早于生效时间,INTERNAL,可空：未知/不适用保持空；不以0或未知码冒充,本次通用治理字段设计,BUSINESS_TIME,businessValidTo,P3-03,"[""P3-03""]",null=无界，必须大于from，整区间检验，不用任意大日期,PROPOSED_REQUIRES_TASK_VALIDATION,/ORG09/fields/9
ORG09,record_status,记录状态,code,R,enum:record_status,草稿与正式有效记录分离,INTERNAL,是：任何实际记录必填,本次通用治理字段设计,LIFECYCLE_INTENT,ImportIntent.sourceRecordStatus,P3-03,"[""P3-03""]",源草稿/正式等映射显式owner命令；不得直接改变审批/业务状态,PROPOSED_REQUIRES_TASK_VALIDATION,/ORG09/fields/10
ORG09,source_system_id,权威来源系统ID,id,R,GOV01.system_id,来源为人工整理时登记来源系统MDM_MANUAL,INTERNAL,是：任何实际记录必填,本次通用治理字段设计,SOURCE_NAMESPACE,SourceSystemReference,P3-03,"[""P3-03""]",精确GOV01源系统注册；MANUAL也要登记，非账号system身份默认映射,PROPOSED_REQUIRES_TASK_VALIDATION,/ORG09/fields/11
ORG09,source_record_id,来源记录定位,text,R,,原表主键或文件加工作表加行号；不得填个人证件原文,INTERNAL,是：任何实际记录必填,本次通用治理字段设计,SOURCE_RECORD_EVIDENCE,ImportSourceEvidence.recordLocator,P3-03,"[""P3-03""]",仅定位，不作为Person标识；日志/审计不写原敏感值,PROPOSED_REQUIRES_TASK_VALIDATION,/ORG09/fields/12
ORG09,approval_ref,审批证据号,text,C,,发布时必填；引用受控签审记录不粘贴敏感附件,INTERNAL,条件必填：发布时必填；引用受控签审记录不粘贴敏感附件,本次通用治理字段设计,APPROVAL_EVIDENCE,SourceEvidence.approvalReference,P3-03,"[""P3-03""]",源审批证据不等于本平台已授权；需owner核验及本次审批digest,PROPOSED_REQUIRES_TASK_VALIDATION,/ORG09/fields/13
ORG09,recorded_at,系统记录时间,datetime,R,,实际录入或纠错时间；不得冒充业务生效时间,INTERNAL,是：任何实际记录必填,本次通用治理字段设计,SOURCE_RECORDED_TIME,ImportSourceEvidence.sourceRecordedAt,P3-03,"[""P3-03""]",保存来源记录时间；目标recordedFrom由DB实际生成，不能回填伪知识,PROPOSED_REQUIRES_TASK_VALIDATION,/ORG09/fields/14
ORG10,unit_ward_rel_id,科室病区关系ID,id,R,,科室病区关系的永久稳定记录/对象标识；不可由名称、工号或院区拼接决定，不复用停用标识。,INTERNAL,是：任何实际记录必填,原表第60行；卫宁YY_KSBQDYK,SOURCE_CREATE_ALIAS,UnitWardRelation.sourceClientKey,P3-04,"[""P3-04""]",CREATE中为源alias；平台stableId由DB生成。UPDATE需单独已授权platformRef+expectedVersion，不能伪造新ID。,PROPOSED_REQUIRES_TASK_VALIDATION,/ORG10/fields/0
ORG10,unit_id,业务单元ID,id,R,ORG07.unit_id,业务单元ID；引用ORG07.unit_id的稳定标识；跨表关联须使用相同业务时点下的有效记录。,INTERNAL,是：任何实际记录必填,原表第60行；卫宁YY_KSBQDYK,TYPED_RELATION_REFERENCE,UnitWardRelation.unit_id,P3-04,"[""P3-01"", ""P3-04""]",按精确dataset/type/namespace解析，验证owner/scope/full interval；未ready目标不能忽略或按名猜测。,PROPOSED_REQUIRES_TASK_VALIDATION,/ORG10/fields/1
ORG10,ward_id,病区ID,id,R,ORG08.ward_id,病区ID；引用ORG08.ward_id的稳定标识；跨表关联须使用相同业务时点下的有效记录。,INTERNAL,是：任何实际记录必填,原表第60行；卫宁YY_KSBQDYK,TYPED_RELATION_REFERENCE,UnitWardRelation.ward_id,P3-04,"[""P3-02"", ""P3-04""]",按精确dataset/type/namespace解析，验证owner/scope/full interval；未ready目标不能忽略或按名猜测。,PROPOSED_REQUIRES_TASK_VALIDATION,/ORG10/fields/2
ORG10,relation_type,关系类型,text,R,,收治、管理、共享；不把兼收视为行政隶属,INTERNAL,是：任何实际记录必填,原表第60行；卫宁YY_KSBQDYK,OWNER_VERSIONED_FACT,UnitWardRelation.relation_type,P3-04,"[""P3-04""]",明确字段纳入owner的版本化内容/关系；不反向形成通用宽表或绕过审批。,PROPOSED_REQUIRES_TASK_VALIDATION,/ORG10/fields/3
ORG10,is_primary,主要收治关系标志,code,R,enum:yes_no,主要收治关系标志；取值见建议码表yes_no，采用前需院方确认；不可用显示名称替代代码。,INTERNAL,是：任何实际记录必填,原表第60行；卫宁YY_KSBQDYK,VERSIONED_CODE_BINDING,UnitWardRelation.is_primary,P3-04,"[""P3-04""]",建议枚举需采纳版本；错误码/未批准码阻断；显示标签不当key。,PROPOSED_REQUIRES_TASK_VALIDATION,/ORG10/fields/4
ORG10,sharing_rule,共享边界说明,text,C,,共享边界说明；同病区被多个科室使用或存在跨院区转入边界时必填。,INTERNAL,条件必填：同病区被多个科室使用或存在跨院区转入边界时必填。,原表第60行；卫宁YY_KSBQDYK,OWNER_VERSIONED_FACT,UnitWardRelation.sharing_rule,P3-04,"[""P3-04""]",明确字段纳入owner的版本化内容/关系；不反向形成通用宽表或绕过审批。,PROPOSED_REQUIRES_TASK_VALIDATION,/ORG10/fields/5
ORG10,version_no,版本号,integer,R,,稳定ID内部递增；不是新对象ID,INTERNAL,是：任何实际记录必填,本次通用治理字段设计,SOURCE_VERSION_EVIDENCE,ImportSourceEvidence.sourceVersion,P3-04,"[""P3-04""]",源修订号仅保存来源，不覆盖DB目标versionNo,PROPOSED_REQUIRES_TASK_VALIDATION,/ORG10/fields/6
ORG10,valid_from,业务生效时间,datetime,R,,左闭右开区间起点；ISO 8601并含时区,INTERNAL,是：任何实际记录必填,本次通用治理字段设计,BUSINESS_TIME,businessValidFrom,P3-04,"[""P3-04""]",原始offset保留；仅按已发布contract显式+08:00→local；DB主时间无offset,PROPOSED_REQUIRES_TASK_VALIDATION,/ORG10/fields/7
ORG10,valid_to,业务失效时间,datetime,O,,空表示未设结束；不得早于生效时间,INTERNAL,可空：未知/不适用保持空；不以0或未知码冒充,本次通用治理字段设计,BUSINESS_TIME,businessValidTo,P3-04,"[""P3-04""]",null=无界，必须大于from，整区间检验，不用任意大日期,PROPOSED_REQUIRES_TASK_VALIDATION,/ORG10/fields/8
ORG10,record_status,记录状态,code,R,enum:record_status,草稿与正式有效记录分离,INTERNAL,是：任何实际记录必填,本次通用治理字段设计,LIFECYCLE_INTENT,ImportIntent.sourceRecordStatus,P3-04,"[""P3-04""]",源草稿/正式等映射显式owner命令；不得直接改变审批/业务状态,PROPOSED_REQUIRES_TASK_VALIDATION,/ORG10/fields/9
ORG10,source_system_id,权威来源系统ID,id,R,GOV01.system_id,来源为人工整理时登记来源系统MDM_MANUAL,INTERNAL,是：任何实际记录必填,本次通用治理字段设计,SOURCE_NAMESPACE,SourceSystemReference,P3-04,"[""P3-04""]",精确GOV01源系统注册；MANUAL也要登记，非账号system身份默认映射,PROPOSED_REQUIRES_TASK_VALIDATION,/ORG10/fields/10
ORG10,source_record_id,来源记录定位,text,R,,原表主键或文件加工作表加行号；不得填个人证件原文,INTERNAL,是：任何实际记录必填,本次通用治理字段设计,SOURCE_RECORD_EVIDENCE,ImportSourceEvidence.recordLocator,P3-04,"[""P3-04""]",仅定位，不作为Person标识；日志/审计不写原敏感值,PROPOSED_REQUIRES_TASK_VALIDATION,/ORG10/fields/11
ORG10,approval_ref,审批证据号,text,C,,发布时必填；引用受控签审记录不粘贴敏感附件,INTERNAL,条件必填：发布时必填；引用受控签审记录不粘贴敏感附件,本次通用治理字段设计,APPROVAL_EVIDENCE,SourceEvidence.approvalReference,P3-04,"[""P3-04""]",源审批证据不等于本平台已授权；需owner核验及本次审批digest,PROPOSED_REQUIRES_TASK_VALIDATION,/ORG10/fields/12
ORG10,recorded_at,系统记录时间,datetime,R,,实际录入或纠错时间；不得冒充业务生效时间,INTERNAL,是：任何实际记录必填,本次通用治理字段设计,SOURCE_RECORDED_TIME,ImportSourceEvidence.sourceRecordedAt,P3-04,"[""P3-04""]",保存来源记录时间；目标recordedFrom由DB实际生成，不能回填伪知识,PROPOSED_REQUIRES_TASK_VALIDATION,/ORG10/fields/13
ORG11,ward_nursing_rel_id,病区护理关系ID,id,R,,病区护理关系的永久稳定记录/对象标识；不可由名称、工号或院区拼接决定，不复用停用标识。,INTERNAL,是：任何实际记录必填,院内原表第65行,SOURCE_CREATE_ALIAS,WardNursingRelation.sourceClientKey,P3-05,"[""P3-05""]",CREATE中为源alias；平台stableId由DB生成。UPDATE需单独已授权platformRef+expectedVersion，不能伪造新ID。,PROPOSED_REQUIRES_TASK_VALIDATION,/ORG11/fields/0
ORG11,ward_id,病区ID,id,R,ORG08.ward_id,病区ID；引用ORG08.ward_id的稳定标识；跨表关联须使用相同业务时点下的有效记录。,INTERNAL,是：任何实际记录必填,院内原表第65行,TYPED_RELATION_REFERENCE,WardNursingRelation.ward_id,P3-05,"[""P3-02"", ""P3-05""]",按精确dataset/type/namespace解析，验证owner/scope/full interval；未ready目标不能忽略或按名猜测。,PROPOSED_REQUIRES_TASK_VALIDATION,/ORG11/fields/1
ORG11,nursing_unit_id,护理单元ID,id,R,ORG09.nursing_unit_id,护理单元ID；引用ORG09.nursing_unit_id的稳定标识；跨表关联须使用相同业务时点下的有效记录。,INTERNAL,是：任何实际记录必填,院内原表第65行,TYPED_RELATION_REFERENCE,WardNursingRelation.nursing_unit_id,P3-05,"[""P3-03"", ""P3-05""]",按精确dataset/type/namespace解析，验证owner/scope/full interval；未ready目标不能忽略或按名猜测。,PROPOSED_REQUIRES_TASK_VALIDATION,/ORG11/fields/2
ORG11,coverage_scope,护理覆盖范围,text,R,,全病区或明确床位分区；不得含混重叠,INTERNAL,是：任何实际记录必填,院内原表第65行,OWNER_VERSIONED_FACT,WardNursingRelation.coverage_scope,P3-05,"[""P3-05""]",明确字段纳入owner的版本化内容/关系；不反向形成通用宽表或绕过审批。,PROPOSED_REQUIRES_TASK_VALIDATION,/ORG11/fields/3
ORG11,is_primary,主要护理责任,code,R,enum:yes_no,主要护理责任；取值见建议码表yes_no，采用前需院方确认；不可用显示名称替代代码。,INTERNAL,是：任何实际记录必填,院内原表第65行,VERSIONED_CODE_BINDING,WardNursingRelation.is_primary,P3-05,"[""P3-05""]",建议枚举需采纳版本；错误码/未批准码阻断；显示标签不当key。,PROPOSED_REQUIRES_TASK_VALIDATION,/ORG11/fields/4
ORG11,handover_rule_ref,交接规则引用,text,O,,病区护理关系记录的交接规则引用；按本表一行粒度维护，由护理部确认，历史值不得直接覆盖。,INTERNAL,可空：未知/不适用保持空；不以0或未知码冒充,院内原表第65行,OWNER_VERSIONED_FACT,WardNursingRelation.handover_rule_ref,P3-05,"[""P3-05""]",明确字段纳入owner的版本化内容/关系；不反向形成通用宽表或绕过审批。,PROPOSED_REQUIRES_TASK_VALIDATION,/ORG11/fields/5
ORG11,version_no,版本号,integer,R,,稳定ID内部递增；不是新对象ID,INTERNAL,是：任何实际记录必填,本次通用治理字段设计,SOURCE_VERSION_EVIDENCE,ImportSourceEvidence.sourceVersion,P3-05,"[""P3-05""]",源修订号仅保存来源，不覆盖DB目标versionNo,PROPOSED_REQUIRES_TASK_VALIDATION,/ORG11/fields/6
ORG11,valid_from,业务生效时间,datetime,R,,左闭右开区间起点；ISO 8601并含时区,INTERNAL,是：任何实际记录必填,本次通用治理字段设计,BUSINESS_TIME,businessValidFrom,P3-05,"[""P3-05""]",原始offset保留；仅按已发布contract显式+08:00→local；DB主时间无offset,PROPOSED_REQUIRES_TASK_VALIDATION,/ORG11/fields/7
ORG11,valid_to,业务失效时间,datetime,O,,空表示未设结束；不得早于生效时间,INTERNAL,可空：未知/不适用保持空；不以0或未知码冒充,本次通用治理字段设计,BUSINESS_TIME,businessValidTo,P3-05,"[""P3-05""]",null=无界，必须大于from，整区间检验，不用任意大日期,PROPOSED_REQUIRES_TASK_VALIDATION,/ORG11/fields/8
ORG11,record_status,记录状态,code,R,enum:record_status,草稿与正式有效记录分离,INTERNAL,是：任何实际记录必填,本次通用治理字段设计,LIFECYCLE_INTENT,ImportIntent.sourceRecordStatus,P3-05,"[""P3-05""]",源草稿/正式等映射显式owner命令；不得直接改变审批/业务状态,PROPOSED_REQUIRES_TASK_VALIDATION,/ORG11/fields/9
ORG11,source_system_id,权威来源系统ID,id,R,GOV01.system_id,来源为人工整理时登记来源系统MDM_MANUAL,INTERNAL,是：任何实际记录必填,本次通用治理字段设计,SOURCE_NAMESPACE,SourceSystemReference,P3-05,"[""P3-05""]",精确GOV01源系统注册；MANUAL也要登记，非账号system身份默认映射,PROPOSED_REQUIRES_TASK_VALIDATION,/ORG11/fields/10
ORG11,source_record_id,来源记录定位,text,R,,原表主键或文件加工作表加行号；不得填个人证件原文,INTERNAL,是：任何实际记录必填,本次通用治理字段设计,SOURCE_RECORD_EVIDENCE,ImportSourceEvidence.recordLocator,P3-05,"[""P3-05""]",仅定位，不作为Person标识；日志/审计不写原敏感值,PROPOSED_REQUIRES_TASK_VALIDATION,/ORG11/fields/11
ORG11,approval_ref,审批证据号,text,C,,发布时必填；引用受控签审记录不粘贴敏感附件,INTERNAL,条件必填：发布时必填；引用受控签审记录不粘贴敏感附件,本次通用治理字段设计,APPROVAL_EVIDENCE,SourceEvidence.approvalReference,P3-05,"[""P3-05""]",源审批证据不等于本平台已授权；需owner核验及本次审批digest,PROPOSED_REQUIRES_TASK_VALIDATION,/ORG11/fields/12
ORG11,recorded_at,系统记录时间,datetime,R,,实际录入或纠错时间；不得冒充业务生效时间,INTERNAL,是：任何实际记录必填,本次通用治理字段设计,SOURCE_RECORDED_TIME,ImportSourceEvidence.sourceRecordedAt,P3-05,"[""P3-05""]",保存来源记录时间；目标recordedFrom由DB实际生成，不能回填伪知识,PROPOSED_REQUIRES_TASK_VALIDATION,/ORG11/fields/13
ORG12,location_id,地点ID,id,R,,空间地点的永久稳定记录/对象标识；不可由名称、工号或院区拼接决定，不复用停用标识。,INTERNAL,是：任何实际记录必填,东华02医院楼；科室原模板DEPT_GEOGRAPHY_PLACE；FHIR Location,SOURCE_CREATE_ALIAS,Location.sourceClientKey,P3-06,"[""P3-06""]",CREATE中为源alias；平台stableId由DB生成。UPDATE需单独已授权platformRef+expectedVersion，不能伪造新ID。,PROPOSED_REQUIRES_TASK_VALIDATION,/ORG12/fields/0
ORG12,location_code,地点代码,text,R,,空间地点记录的地点代码；按本表一行粒度维护，由后勤管理部门确认，历史值不得直接覆盖。,INTERNAL,是：任何实际记录必填,东华02医院楼；科室原模板DEPT_GEOGRAPHY_PLACE；FHIR Location,OWNER_VERSIONED_FACT,Location.location_code,P3-06,"[""P3-06""]",明确字段纳入owner的版本化内容/关系；不反向形成通用宽表或绕过审批。,PROPOSED_REQUIRES_TASK_VALIDATION,/ORG12/fields/1
ORG12,location_name,地点名称,text,R,,空间地点记录的地点名称；按本表一行粒度维护，由后勤管理部门确认，历史值不得直接覆盖。,INTERNAL,是：任何实际记录必填,东华02医院楼；科室原模板DEPT_GEOGRAPHY_PLACE；FHIR Location,OWNER_VERSIONED_FACT,Location.location_name,P3-06,"[""P3-06""]",明确字段纳入owner的版本化内容/关系；不反向形成通用宽表或绕过审批。,PROPOSED_REQUIRES_TASK_VALIDATION,/ORG12/fields/2
ORG12,campus_id,院区ID,id,R,ORG02.campus_id,院区ID；引用ORG02.campus_id的稳定标识；跨表关联须使用相同业务时点下的有效记录。,INTERNAL,是：任何实际记录必填,东华02医院楼；科室原模板DEPT_GEOGRAPHY_PLACE；FHIR Location,TYPED_RELATION_REFERENCE,Location.campus_id,P3-06,"[""P1-02"", ""P3-06""]",按精确dataset/type/namespace解析，验证owner/scope/full interval；未ready目标不能忽略或按名猜测。,PROPOSED_REQUIRES_TASK_VALIDATION,/ORG12/fields/3
ORG12,parent_location_id,上级地点ID,id,O,ORG12.location_id,上级地点ID；引用ORG12.location_id的稳定标识；跨表关联须使用相同业务时点下的有效记录。,INTERNAL,可空：未知/不适用保持空；不以0或未知码冒充,东华02医院楼；科室原模板DEPT_GEOGRAPHY_PLACE；FHIR Location,TYPED_RELATION_REFERENCE,Location.parent_location_id,P3-06,"[""P3-06""]",按精确dataset/type/namespace解析，验证owner/scope/full interval；未ready目标不能忽略或按名猜测。,PROPOSED_REQUIRES_TASK_VALIDATION,/ORG12/fields/4
ORG12,location_type,地点类型,code,R,enum:location_type,地点类型；取值见建议码表location_type，采用前需院方确认；不可用显示名称替代代码。,INTERNAL,是：任何实际记录必填,东华02医院楼；科室原模板DEPT_GEOGRAPHY_PLACE；FHIR Location,VERSIONED_CODE_BINDING,Location.location_type,P3-06,"[""P3-06""]",建议枚举需采纳版本；错误码/未批准码阻断；显示标签不当key。,PROPOSED_REQUIRES_TASK_VALIDATION,/ORG12/fields/5
ORG12,floor_label,楼层标识,text,C,,楼层标识；地点属于楼层、房间或楼层内设施时必填；院区、楼宇层级可空。,INTERNAL,条件必填：地点属于楼层、房间或楼层内设施时必填；院区、楼宇层级可空。,东华02医院楼；科室原模板DEPT_GEOGRAPHY_PLACE；FHIR Location,OWNER_VERSIONED_FACT,Location.floor_label,P3-06,"[""P3-06""]",明确字段纳入owner的版本化内容/关系；不反向形成通用宽表或绕过审批。,PROPOSED_REQUIRES_TASK_VALIDATION,/ORG12/fields/6
ORG12,room_number,房间号,text,C,,房间号；地点属于具有房间编号的房间/诊室/手术间时必填；不得以显示名作为稳定ID。,INTERNAL,条件必填：地点属于具有房间编号的房间/诊室/手术间时必填；不得以显示名作为稳定ID。,东华02医院楼；科室原模板DEPT_GEOGRAPHY_PLACE；FHIR Location,OWNER_VERSIONED_FACT,Location.room_number,P3-06,"[""P3-06""]",明确字段纳入owner的版本化内容/关系；不反向形成通用宽表或绕过审批。,PROPOSED_REQUIRES_TASK_VALIDATION,/ORG12/fields/7
ORG12,address_detail,详细位置,text,O,,空间地点记录的详细位置；按本表一行粒度维护，由后勤管理部门确认，历史值不得直接覆盖。,INTERNAL,可空：未知/不适用保持空；不以0或未知码冒充,科室信息表-标准定义模板V1.01.xlsx#科室信息表!A9:DEPT_GEOGRAPHY_PLACE,OWNER_VERSIONED_FACT,Location.address_detail,P3-06,"[""P3-06""]",明确字段纳入owner的版本化内容/关系；不反向形成通用宽表或绕过审批。,PROPOSED_REQUIRES_TASK_VALIDATION,/ORG12/fields/8
ORG12,is_accessible,无障碍可达标志,code,O,enum:yes_no,无障碍可达标志；取值见建议码表yes_no，采用前需院方确认；不可用显示名称替代代码。,INTERNAL,可空：未知/不适用保持空；不以0或未知码冒充,东华02医院楼；科室原模板DEPT_GEOGRAPHY_PLACE；FHIR Location,VERSIONED_CODE_BINDING,Location.is_accessible,P3-06,"[""P3-06""]",建议枚举需采纳版本；错误码/未批准码阻断；显示标签不当key。,PROPOSED_REQUIRES_TASK_VALIDATION,/ORG12/fields/9
ORG12,version_no,版本号,integer,R,,稳定ID内部递增；不是新对象ID,INTERNAL,是：任何实际记录必填,本次通用治理字段设计,SOURCE_VERSION_EVIDENCE,ImportSourceEvidence.sourceVersion,P3-06,"[""P3-06""]",源修订号仅保存来源，不覆盖DB目标versionNo,PROPOSED_REQUIRES_TASK_VALIDATION,/ORG12/fields/10
ORG12,valid_from,业务生效时间,datetime,R,,左闭右开区间起点；ISO 8601并含时区,INTERNAL,是：任何实际记录必填,本次通用治理字段设计,BUSINESS_TIME,businessValidFrom,P3-06,"[""P3-06""]",原始offset保留；仅按已发布contract显式+08:00→local；DB主时间无offset,PROPOSED_REQUIRES_TASK_VALIDATION,/ORG12/fields/11
ORG12,valid_to,业务失效时间,datetime,O,,空表示未设结束；不得早于生效时间,INTERNAL,可空：未知/不适用保持空；不以0或未知码冒充,本次通用治理字段设计,BUSINESS_TIME,businessValidTo,P3-06,"[""P3-06""]",null=无界，必须大于from，整区间检验，不用任意大日期,PROPOSED_REQUIRES_TASK_VALIDATION,/ORG12/fields/12
ORG12,record_status,记录状态,code,R,enum:record_status,草稿与正式有效记录分离,INTERNAL,是：任何实际记录必填,本次通用治理字段设计,LIFECYCLE_INTENT,ImportIntent.sourceRecordStatus,P3-06,"[""P3-06""]",源草稿/正式等映射显式owner命令；不得直接改变审批/业务状态,PROPOSED_REQUIRES_TASK_VALIDATION,/ORG12/fields/13
ORG12,source_system_id,权威来源系统ID,id,R,GOV01.system_id,来源为人工整理时登记来源系统MDM_MANUAL,INTERNAL,是：任何实际记录必填,本次通用治理字段设计,SOURCE_NAMESPACE,SourceSystemReference,P3-06,"[""P3-06""]",精确GOV01源系统注册；MANUAL也要登记，非账号system身份默认映射,PROPOSED_REQUIRES_TASK_VALIDATION,/ORG12/fields/14
ORG12,source_record_id,来源记录定位,text,R,,原表主键或文件加工作表加行号；不得填个人证件原文,INTERNAL,是：任何实际记录必填,本次通用治理字段设计,SOURCE_RECORD_EVIDENCE,ImportSourceEvidence.recordLocator,P3-06,"[""P3-06""]",仅定位，不作为Person标识；日志/审计不写原敏感值,PROPOSED_REQUIRES_TASK_VALIDATION,/ORG12/fields/15
ORG12,approval_ref,审批证据号,text,C,,发布时必填；引用受控签审记录不粘贴敏感附件,INTERNAL,条件必填：发布时必填；引用受控签审记录不粘贴敏感附件,本次通用治理字段设计,APPROVAL_EVIDENCE,SourceEvidence.approvalReference,P3-06,"[""P3-06""]",源审批证据不等于本平台已授权；需owner核验及本次审批digest,PROPOSED_REQUIRES_TASK_VALIDATION,/ORG12/fields/16
ORG12,recorded_at,系统记录时间,datetime,R,,实际录入或纠错时间；不得冒充业务生效时间,INTERNAL,是：任何实际记录必填,本次通用治理字段设计,SOURCE_RECORDED_TIME,ImportSourceEvidence.sourceRecordedAt,P3-06,"[""P3-06""]",保存来源记录时间；目标recordedFrom由DB实际生成，不能回填伪知识,PROPOSED_REQUIRES_TASK_VALIDATION,/ORG12/fields/17
ORG13,object_location_rel_id,地点关系ID,id,R,,组织地点使用关系的永久稳定记录/对象标识；不可由名称、工号或院区拼接决定，不复用停用标识。,INTERNAL,是：任何实际记录必填,原表第147-150行扩展,SOURCE_CREATE_ALIAS,ObjectLocationUsage.sourceClientKey,P3-07,"[""P3-07""]",CREATE中为源alias；平台stableId由DB生成。UPDATE需单独已授权platformRef+expectedVersion，不能伪造新ID。,PROPOSED_REQUIRES_TASK_VALIDATION,/ORG13/fields/0
ORG13,target_type,对象类型,code,R,enum:target_type,对象类型；取值见建议码表target_type，采用前需院方确认；不可用显示名称替代代码。,INTERNAL,是：任何实际记录必填,原表第147-150行扩展,VERSIONED_CODE_BINDING,ObjectLocationUsage.target_type,P3-07,"[""P3-07""]",建议枚举需采纳版本；错误码/未批准码阻断；显示标签不当key。,PROPOSED_REQUIRES_TASK_VALIDATION,/ORG13/fields/1
ORG13,target_id,业务对象ID,id,R,poly:org_target,组织地点使用关系记录的业务对象ID；按本表一行粒度维护，由后勤管理部门确认，历史值不得直接覆盖。,INTERNAL,是：任何实际记录必填,原表第147-150行扩展,TYPED_RELATION_REFERENCE,ObjectLocationUsage.target_id,P3-07,"[""P3-07""]",按精确dataset/type/namespace解析，验证owner/scope/full interval；未ready目标不能忽略或按名猜测。,PROPOSED_REQUIRES_TASK_VALIDATION,/ORG13/fields/2
ORG13,location_id,地点ID,id,R,ORG12.location_id,地点ID；引用ORG12.location_id的稳定标识；跨表关联须使用相同业务时点下的有效记录。,INTERNAL,是：任何实际记录必填,科室信息表-标准定义模板V1.01.xlsx#科室信息表!A9:DEPT_GEOGRAPHY_PLACE,TYPED_RELATION_REFERENCE,ObjectLocationUsage.location_id,P3-07,"[""P3-06"", ""P3-07""]",按精确dataset/type/namespace解析，验证owner/scope/full interval；未ready目标不能忽略或按名猜测。,PROPOSED_REQUIRES_TASK_VALIDATION,/ORG13/fields/3
ORG13,usage_type,使用方式,text,R,,诊疗、办公、护理站或仓储等,INTERNAL,是：任何实际记录必填,原表第147-150行扩展,OWNER_VERSIONED_FACT,ObjectLocationUsage.usage_type,P3-07,"[""P3-07""]",明确字段纳入owner的版本化内容/关系；不反向形成通用宽表或绕过审批。,PROPOSED_REQUIRES_TASK_VALIDATION,/ORG13/fields/4
ORG13,is_primary,主要地点标志,code,R,enum:yes_no,主要地点标志；取值见建议码表yes_no，采用前需院方确认；不可用显示名称替代代码。,INTERNAL,是：任何实际记录必填,原表第147-150行扩展,VERSIONED_CODE_BINDING,ObjectLocationUsage.is_primary,P3-07,"[""P3-07""]",建议枚举需采纳版本；错误码/未批准码阻断；显示标签不当key。,PROPOSED_REQUIRES_TASK_VALIDATION,/ORG13/fields/5
ORG13,sharing_description,共享时段或范围,text,O,,组织地点使用关系记录的共享时段或范围；按本表一行粒度维护，由后勤管理部门确认，历史值不得直接覆盖。,INTERNAL,可空：未知/不适用保持空；不以0或未知码冒充,原表第147-150行扩展,OWNER_VERSIONED_FACT,ObjectLocationUsage.sharing_description,P3-07,"[""P3-07""]",明确字段纳入owner的版本化内容/关系；不反向形成通用宽表或绕过审批。,PROPOSED_REQUIRES_TASK_VALIDATION,/ORG13/fields/6
ORG13,version_no,版本号,integer,R,,稳定ID内部递增；不是新对象ID,INTERNAL,是：任何实际记录必填,本次通用治理字段设计,SOURCE_VERSION_EVIDENCE,ImportSourceEvidence.sourceVersion,P3-07,"[""P3-07""]",源修订号仅保存来源，不覆盖DB目标versionNo,PROPOSED_REQUIRES_TASK_VALIDATION,/ORG13/fields/7
ORG13,valid_from,业务生效时间,datetime,R,,左闭右开区间起点；ISO 8601并含时区,INTERNAL,是：任何实际记录必填,本次通用治理字段设计,BUSINESS_TIME,businessValidFrom,P3-07,"[""P3-07""]",原始offset保留；仅按已发布contract显式+08:00→local；DB主时间无offset,PROPOSED_REQUIRES_TASK_VALIDATION,/ORG13/fields/8
ORG13,valid_to,业务失效时间,datetime,O,,空表示未设结束；不得早于生效时间,INTERNAL,可空：未知/不适用保持空；不以0或未知码冒充,本次通用治理字段设计,BUSINESS_TIME,businessValidTo,P3-07,"[""P3-07""]",null=无界，必须大于from，整区间检验，不用任意大日期,PROPOSED_REQUIRES_TASK_VALIDATION,/ORG13/fields/9
ORG13,record_status,记录状态,code,R,enum:record_status,草稿与正式有效记录分离,INTERNAL,是：任何实际记录必填,本次通用治理字段设计,LIFECYCLE_INTENT,ImportIntent.sourceRecordStatus,P3-07,"[""P3-07""]",源草稿/正式等映射显式owner命令；不得直接改变审批/业务状态,PROPOSED_REQUIRES_TASK_VALIDATION,/ORG13/fields/10
ORG13,source_system_id,权威来源系统ID,id,R,GOV01.system_id,来源为人工整理时登记来源系统MDM_MANUAL,INTERNAL,是：任何实际记录必填,本次通用治理字段设计,SOURCE_NAMESPACE,SourceSystemReference,P3-07,"[""P3-07""]",精确GOV01源系统注册；MANUAL也要登记，非账号system身份默认映射,PROPOSED_REQUIRES_TASK_VALIDATION,/ORG13/fields/11
ORG13,source_record_id,来源记录定位,text,R,,原表主键或文件加工作表加行号；不得填个人证件原文,INTERNAL,是：任何实际记录必填,本次通用治理字段设计,SOURCE_RECORD_EVIDENCE,ImportSourceEvidence.recordLocator,P3-07,"[""P3-07""]",仅定位，不作为Person标识；日志/审计不写原敏感值,PROPOSED_REQUIRES_TASK_VALIDATION,/ORG13/fields/12
ORG13,approval_ref,审批证据号,text,C,,发布时必填；引用受控签审记录不粘贴敏感附件,INTERNAL,条件必填：发布时必填；引用受控签审记录不粘贴敏感附件,本次通用治理字段设计,APPROVAL_EVIDENCE,SourceEvidence.approvalReference,P3-07,"[""P3-07""]",源审批证据不等于本平台已授权；需owner核验及本次审批digest,PROPOSED_REQUIRES_TASK_VALIDATION,/ORG13/fields/13
ORG13,recorded_at,系统记录时间,datetime,R,,实际录入或纠错时间；不得冒充业务生效时间,INTERNAL,是：任何实际记录必填,本次通用治理字段设计,SOURCE_RECORDED_TIME,ImportSourceEvidence.sourceRecordedAt,P3-07,"[""P3-07""]",保存来源记录时间；目标recordedFrom由DB实际生成，不能回填伪知识,PROPOSED_REQUIRES_TASK_VALIDATION,/ORG13/fields/14
ORG14,team_id,医疗组ID,id,R,,医疗组的永久稳定记录/对象标识；不可由名称、工号或院区拼接决定，不复用停用标识。,INTERNAL,是：任何实际记录必填,院内原表第68行；东华07医疗单元,SOURCE_CREATE_ALIAS,MedicalTeam.sourceClientKey,P5-03,"[""P5-03""]",CREATE中为源alias；平台stableId由DB生成。UPDATE需单独已授权platformRef+expectedVersion，不能伪造新ID。,PROPOSED_REQUIRES_TASK_VALIDATION,/ORG14/fields/0
ORG14,team_code,医疗组代码,text,R,,医疗组记录的医疗组代码；按本表一行粒度维护，由医务部确认，历史值不得直接覆盖。,INTERNAL,是：任何实际记录必填,院内原表第68行；东华07医疗单元,OWNER_VERSIONED_FACT,MedicalTeam.team_code,P5-03,"[""P5-03""]",明确字段纳入owner的版本化内容/关系；不反向形成通用宽表或绕过审批。,PROPOSED_REQUIRES_TASK_VALIDATION,/ORG14/fields/1
ORG14,team_name,医疗组名称,text,R,,医疗组记录的医疗组名称；按本表一行粒度维护，由医务部确认，历史值不得直接覆盖。,INTERNAL,是：任何实际记录必填,院内原表第68行；东华07医疗单元,OWNER_VERSIONED_FACT,MedicalTeam.team_name,P5-03,"[""P5-03""]",明确字段纳入owner的版本化内容/关系；不反向形成通用宽表或绕过审批。,PROPOSED_REQUIRES_TASK_VALIDATION,/ORG14/fields/2
ORG14,org_id,归属组织ID,id,R,ORG04.org_id,归属组织ID；引用ORG04.org_id的稳定标识；跨表关联须使用相同业务时点下的有效记录。,INTERNAL,是：任何实际记录必填,院内原表第68行；东华07医疗单元,TYPED_RELATION_REFERENCE,MedicalTeam.org_id,P5-03,"[""P2-01"", ""P5-03""]",按精确dataset/type/namespace解析，验证owner/scope/full interval；未ready目标不能忽略或按名猜测。,PROPOSED_REQUIRES_TASK_VALIDATION,/ORG14/fields/3
ORG14,unit_id,归属业务单元ID,id,O,ORG07.unit_id,归属业务单元ID；引用ORG07.unit_id的稳定标识；跨表关联须使用相同业务时点下的有效记录。,INTERNAL,可空：未知/不适用保持空；不以0或未知码冒充,院内原表第68行；东华07医疗单元,TYPED_RELATION_REFERENCE,MedicalTeam.unit_id,P5-03,"[""P3-01"", ""P5-03""]",按精确dataset/type/namespace解析，验证owner/scope/full interval；未ready目标不能忽略或按名猜测。,PROPOSED_REQUIRES_TASK_VALIDATION,/ORG14/fields/4
ORG14,team_type,团队类型,text,R,,固定诊疗组、跨科专业组等,INTERNAL,是：任何实际记录必填,院内原表第68行；东华07医疗单元,OWNER_VERSIONED_FACT,MedicalTeam.team_type,P5-03,"[""P5-03""]",明确字段纳入owner的版本化内容/关系；不反向形成通用宽表或绕过审批。,PROPOSED_REQUIRES_TASK_VALIDATION,/ORG14/fields/5
ORG14,service_scope,医疗组服务范围,text,O,,医疗组记录的医疗组服务范围；按本表一行粒度维护，由医务部确认，历史值不得直接覆盖。,INTERNAL,可空：未知/不适用保持空；不以0或未知码冒充,院内原表第68行；东华07医疗单元,OWNER_VERSIONED_FACT,MedicalTeam.service_scope,P5-03,"[""P5-03""]",明确字段纳入owner的版本化内容/关系；不反向形成通用宽表或绕过审批。,PROPOSED_REQUIRES_TASK_VALIDATION,/ORG14/fields/6
ORG14,version_no,版本号,integer,R,,稳定ID内部递增；不是新对象ID,INTERNAL,是：任何实际记录必填,本次通用治理字段设计,SOURCE_VERSION_EVIDENCE,ImportSourceEvidence.sourceVersion,P5-03,"[""P5-03""]",源修订号仅保存来源，不覆盖DB目标versionNo,PROPOSED_REQUIRES_TASK_VALIDATION,/ORG14/fields/7
ORG14,valid_from,业务生效时间,datetime,R,,左闭右开区间起点；ISO 8601并含时区,INTERNAL,是：任何实际记录必填,本次通用治理字段设计,BUSINESS_TIME,businessValidFrom,P5-03,"[""P5-03""]",原始offset保留；仅按已发布contract显式+08:00→local；DB主时间无offset,PROPOSED_REQUIRES_TASK_VALIDATION,/ORG14/fields/8
ORG14,valid_to,业务失效时间,datetime,O,,空表示未设结束；不得早于生效时间,INTERNAL,可空：未知/不适用保持空；不以0或未知码冒充,本次通用治理字段设计,BUSINESS_TIME,businessValidTo,P5-03,"[""P5-03""]",null=无界，必须大于from，整区间检验，不用任意大日期,PROPOSED_REQUIRES_TASK_VALIDATION,/ORG14/fields/9
ORG14,record_status,记录状态,code,R,enum:record_status,草稿与正式有效记录分离,INTERNAL,是：任何实际记录必填,本次通用治理字段设计,LIFECYCLE_INTENT,ImportIntent.sourceRecordStatus,P5-03,"[""P5-03""]",源草稿/正式等映射显式owner命令；不得直接改变审批/业务状态,PROPOSED_REQUIRES_TASK_VALIDATION,/ORG14/fields/10
ORG14,source_system_id,权威来源系统ID,id,R,GOV01.system_id,来源为人工整理时登记来源系统MDM_MANUAL,INTERNAL,是：任何实际记录必填,本次通用治理字段设计,SOURCE_NAMESPACE,SourceSystemReference,P5-03,"[""P5-03""]",精确GOV01源系统注册；MANUAL也要登记，非账号system身份默认映射,PROPOSED_REQUIRES_TASK_VALIDATION,/ORG14/fields/11
ORG14,source_record_id,来源记录定位,text,R,,原表主键或文件加工作表加行号；不得填个人证件原文,INTERNAL,是：任何实际记录必填,本次通用治理字段设计,SOURCE_RECORD_EVIDENCE,ImportSourceEvidence.recordLocator,P5-03,"[""P5-03""]",仅定位，不作为Person标识；日志/审计不写原敏感值,PROPOSED_REQUIRES_TASK_VALIDATION,/ORG14/fields/12
ORG14,approval_ref,审批证据号,text,C,,发布时必填；引用受控签审记录不粘贴敏感附件,INTERNAL,条件必填：发布时必填；引用受控签审记录不粘贴敏感附件,本次通用治理字段设计,APPROVAL_EVIDENCE,SourceEvidence.approvalReference,P5-03,"[""P5-03""]",源审批证据不等于本平台已授权；需owner核验及本次审批digest,PROPOSED_REQUIRES_TASK_VALIDATION,/ORG14/fields/13
ORG14,recorded_at,系统记录时间,datetime,R,,实际录入或纠错时间；不得冒充业务生效时间,INTERNAL,是：任何实际记录必填,本次通用治理字段设计,SOURCE_RECORDED_TIME,ImportSourceEvidence.sourceRecordedAt,P5-03,"[""P5-03""]",保存来源记录时间；目标recordedFrom由DB实际生成，不能回填伪知识,PROPOSED_REQUIRES_TASK_VALIDATION,/ORG14/fields/14
ORG15,responsibility_id,负责人关系ID,id,R,,组织负责人关系的永久稳定记录/对象标识；不可由名称、工号或院区拼接决定，不复用停用标识。,INTERNAL,是：任何实际记录必填,科室原模板LEADER；东华CTLOCDepartmentHeadUserDR,SOURCE_CREATE_ALIAS,OrganizationResponsibility.sourceClientKey,P5-02,"[""P5-02""]",CREATE中为源alias；平台stableId由DB生成。UPDATE需单独已授权platformRef+expectedVersion，不能伪造新ID。,PROPOSED_REQUIRES_TASK_VALIDATION,/ORG15/fields/0
ORG15,target_type,对象类型,code,R,enum:target_type,对象类型；取值见建议码表target_type，采用前需院方确认；不可用显示名称替代代码。,INTERNAL,是：任何实际记录必填,科室原模板LEADER；东华CTLOCDepartmentHeadUserDR,VERSIONED_CODE_BINDING,OrganizationResponsibility.target_type,P5-02,"[""P5-02""]",建议枚举需采纳版本；错误码/未批准码阻断；显示标签不当key。,PROPOSED_REQUIRES_TASK_VALIDATION,/ORG15/fields/1
ORG15,target_id,对象ID,id,R,poly:org_target,组织负责人关系记录的对象ID；按本表一行粒度维护，由组织人事部确认，历史值不得直接覆盖。,INTERNAL,是：任何实际记录必填,科室原模板LEADER；东华CTLOCDepartmentHeadUserDR,TYPED_RELATION_REFERENCE,OrganizationResponsibility.target_id,P5-02,"[""P5-02""]",按精确dataset/type/namespace解析，验证owner/scope/full interval；未ready目标不能忽略或按名猜测。,PROPOSED_REQUIRES_TASK_VALIDATION,/ORG15/fields/2
ORG15,person_id,人员ID,id,R,PER01.person_id,人员ID；引用PER01.person_id的稳定标识；跨表关联须使用相同业务时点下的有效记录。,INTERNAL,是：任何实际记录必填,科室信息表-标准定义模板V1.01.xlsx#科室信息表!A17:LEADER,ROLE_HOLDER,OrganizationResponsibility.holderPerson,P5-02,"[""P4-01"", ""P5-02""]",归属/角色期间与任用任职合法性核验,PROPOSED_REQUIRES_TASK_VALIDATION,/ORG15/fields/3
ORG15,responsibility_role,责任岗位类型,code,R,enum:responsibility_role,责任岗位类型；取值见建议码表responsibility_role，采用前需院方确认；不可用显示名称替代代码。,INTERNAL,是：任何实际记录必填,科室信息表-标准定义模板V1.01.xlsx#科室信息表!A17:LEADER,VERSIONED_CODE_BINDING,OrganizationResponsibility.responsibility_role,P5-02,"[""P5-02""]",建议枚举需采纳版本；错误码/未批准码阻断；显示标签不当key。,PROPOSED_REQUIRES_TASK_VALIDATION,/ORG15/fields/4
ORG15,appointment_doc,任命或授权文件号,text,C,,任命或授权文件号；负责人关系正式启用或调整时必填，可引用受控签审记录。,INTERNAL,条件必填：负责人关系正式启用或调整时必填，可引用受控签审记录。,科室原模板LEADER；东华CTLOCDepartmentHeadUserDR,OWNER_VERSIONED_FACT,OrganizationResponsibility.appointment_doc,P5-02,"[""P5-02""]",明确字段纳入owner的版本化内容/关系；不反向形成通用宽表或绕过审批。,PROPOSED_REQUIRES_TASK_VALIDATION,/ORG15/fields/5
ORG15,is_acting,代理负责人标志,code,R,enum:yes_no,代理负责人标志；取值见建议码表yes_no，采用前需院方确认；不可用显示名称替代代码。,INTERNAL,是：任何实际记录必填,科室原模板LEADER；东华CTLOCDepartmentHeadUserDR,VERSIONED_CODE_BINDING,OrganizationResponsibility.is_acting,P5-02,"[""P5-02""]",建议枚举需采纳版本；错误码/未批准码阻断；显示标签不当key。,PROPOSED_REQUIRES_TASK_VALIDATION,/ORG15/fields/6
ORG15,version_no,版本号,integer,R,,稳定ID内部递增；不是新对象ID,INTERNAL,是：任何实际记录必填,本次通用治理字段设计,SOURCE_VERSION_EVIDENCE,ImportSourceEvidence.sourceVersion,P5-02,"[""P5-02""]",源修订号仅保存来源，不覆盖DB目标versionNo,PROPOSED_REQUIRES_TASK_VALIDATION,/ORG15/fields/7
ORG15,valid_from,业务生效时间,datetime,R,,左闭右开区间起点；ISO 8601并含时区,INTERNAL,是：任何实际记录必填,本次通用治理字段设计,BUSINESS_TIME,businessValidFrom,P5-02,"[""P5-02""]",原始offset保留；仅按已发布contract显式+08:00→local；DB主时间无offset,PROPOSED_REQUIRES_TASK_VALIDATION,/ORG15/fields/8
ORG15,valid_to,业务失效时间,datetime,O,,空表示未设结束；不得早于生效时间,INTERNAL,可空：未知/不适用保持空；不以0或未知码冒充,本次通用治理字段设计,BUSINESS_TIME,businessValidTo,P5-02,"[""P5-02""]",null=无界，必须大于from，整区间检验，不用任意大日期,PROPOSED_REQUIRES_TASK_VALIDATION,/ORG15/fields/9
ORG15,record_status,记录状态,code,R,enum:record_status,草稿与正式有效记录分离,INTERNAL,是：任何实际记录必填,本次通用治理字段设计,LIFECYCLE_INTENT,ImportIntent.sourceRecordStatus,P5-02,"[""P5-02""]",源草稿/正式等映射显式owner命令；不得直接改变审批/业务状态,PROPOSED_REQUIRES_TASK_VALIDATION,/ORG15/fields/10
ORG15,source_system_id,权威来源系统ID,id,R,GOV01.system_id,来源为人工整理时登记来源系统MDM_MANUAL,INTERNAL,是：任何实际记录必填,本次通用治理字段设计,SOURCE_NAMESPACE,SourceSystemReference,P5-02,"[""P5-02""]",精确GOV01源系统注册；MANUAL也要登记，非账号system身份默认映射,PROPOSED_REQUIRES_TASK_VALIDATION,/ORG15/fields/11
ORG15,source_record_id,来源记录定位,text,R,,原表主键或文件加工作表加行号；不得填个人证件原文,INTERNAL,是：任何实际记录必填,本次通用治理字段设计,SOURCE_RECORD_EVIDENCE,ImportSourceEvidence.recordLocator,P5-02,"[""P5-02""]",仅定位，不作为Person标识；日志/审计不写原敏感值,PROPOSED_REQUIRES_TASK_VALIDATION,/ORG15/fields/12
ORG15,approval_ref,审批证据号,text,C,,发布时必填；引用受控签审记录不粘贴敏感附件,INTERNAL,条件必填：发布时必填；引用受控签审记录不粘贴敏感附件,本次通用治理字段设计,APPROVAL_EVIDENCE,SourceEvidence.approvalReference,P5-02,"[""P5-02""]",源审批证据不等于本平台已授权；需owner核验及本次审批digest,PROPOSED_REQUIRES_TASK_VALIDATION,/ORG15/fields/13
ORG15,recorded_at,系统记录时间,datetime,R,,实际录入或纠错时间；不得冒充业务生效时间,INTERNAL,是：任何实际记录必填,本次通用治理字段设计,SOURCE_RECORDED_TIME,ImportSourceEvidence.sourceRecordedAt,P5-02,"[""P5-02""]",保存来源记录时间；目标recordedFrom由DB实际生成，不能回填伪知识,PROPOSED_REQUIRES_TASK_VALIDATION,/ORG15/fields/14
ORG16,capability_id,能力记录ID,id,R,,单元业务能力的永久稳定记录/对象标识；不可由名称、工号或院区拼接决定，不复用停用标识。,INTERNAL,是：任何实际记录必填,东华03医嘱索引/确认/病例可用；1.科室维护是否挂号/会诊,SOURCE_CREATE_ALIAS,UnitCapability.sourceClientKey,P3-08,"[""P3-08""]",CREATE中为源alias；平台stableId由DB生成。UPDATE需单独已授权platformRef+expectedVersion，不能伪造新ID。,PROPOSED_REQUIRES_TASK_VALIDATION,/ORG16/fields/0
ORG16,unit_id,业务单元ID,id,R,ORG07.unit_id,业务单元ID；引用ORG07.unit_id的稳定标识；跨表关联须使用相同业务时点下的有效记录。,INTERNAL,是：任何实际记录必填,东华03医嘱索引/确认/病例可用；1.科室维护是否挂号/会诊,TYPED_RELATION_REFERENCE,UnitCapability.unit_id,P3-08,"[""P3-01"", ""P3-08""]",按精确dataset/type/namespace解析，验证owner/scope/full interval；未ready目标不能忽略或按名猜测。,PROPOSED_REQUIRES_TASK_VALIDATION,/ORG16/fields/1
ORG16,capability_type,业务能力类型,code,R,enum:capability_type,业务能力类型；取值见建议码表capability_type，采用前需院方确认；不可用显示名称替代代码。,INTERNAL,是：任何实际记录必填,东华03医嘱索引/确认/病例可用；1.科室维护是否挂号/会诊,VERSIONED_CODE_BINDING,UnitCapability.capability_type,P3-08,"[""P3-08""]",建议枚举需采纳版本；错误码/未批准码阻断；显示标签不当key。,PROPOSED_REQUIRES_TASK_VALIDATION,/ORG16/fields/2
ORG16,care_setting,就诊场景,code,R,enum:care_setting,就诊场景；取值见建议码表care_setting，采用前需院方确认；不可用显示名称替代代码。,INTERNAL,是：任何实际记录必填,东华03医嘱索引/确认/病例可用；1.科室维护是否挂号/会诊,VERSIONED_CODE_BINDING,UnitCapability.care_setting,P3-08,"[""P3-08""]",建议枚举需采纳版本；错误码/未批准码阻断；显示标签不当key。,PROPOSED_REQUIRES_TASK_VALIDATION,/ORG16/fields/3
ORG16,enabled,启用标志,code,R,enum:yes_no,启用标志；取值见建议码表yes_no，采用前需院方确认；不可用显示名称替代代码。,INTERNAL,是：任何实际记录必填,东华03医嘱索引/确认/病例可用；1.科室维护是否挂号/会诊,VERSIONED_CODE_BINDING,UnitCapability.enabled,P3-08,"[""P3-08""]",建议枚举需采纳版本；错误码/未批准码阻断；显示标签不当key。,PROPOSED_REQUIRES_TASK_VALIDATION,/ORG16/fields/4
ORG16,rule_ref,收治或办理规则ID,id,O,GOV09.config_id,收治或办理规则ID；引用GOV09.config_id的稳定标识；跨表关联须使用相同业务时点下的有效记录。,INTERNAL,可空：未知/不适用保持空；不以0或未知码冒充,东华03医嘱索引/确认/病例可用；1.科室维护是否挂号/会诊,TYPED_RELATION_REFERENCE,UnitCapability.rule_ref,P3-08,"[""P3-08""]",按精确dataset/type/namespace解析，验证owner/scope/full interval；未ready目标不能忽略或按名猜测。,PROPOSED_REQUIRES_TASK_VALIDATION,/ORG16/fields/5
ORG16,approval_dept,审批业务部门,text,R,,单元业务能力记录的审批业务部门；按本表一行粒度维护，由医务部确认，历史值不得直接覆盖。,INTERNAL,是：任何实际记录必填,东华03医嘱索引/确认/病例可用；1.科室维护是否挂号/会诊,OWNER_VERSIONED_FACT,UnitCapability.approval_dept,P3-08,"[""P3-08""]",明确字段纳入owner的版本化内容/关系；不反向形成通用宽表或绕过审批。,PROPOSED_REQUIRES_TASK_VALIDATION,/ORG16/fields/6
ORG16,version_no,版本号,integer,R,,稳定ID内部递增；不是新对象ID,INTERNAL,是：任何实际记录必填,本次通用治理字段设计,SOURCE_VERSION_EVIDENCE,ImportSourceEvidence.sourceVersion,P3-08,"[""P3-08""]",源修订号仅保存来源，不覆盖DB目标versionNo,PROPOSED_REQUIRES_TASK_VALIDATION,/ORG16/fields/7
ORG16,valid_from,业务生效时间,datetime,R,,左闭右开区间起点；ISO 8601并含时区,INTERNAL,是：任何实际记录必填,本次通用治理字段设计,BUSINESS_TIME,businessValidFrom,P3-08,"[""P3-08""]",原始offset保留；仅按已发布contract显式+08:00→local；DB主时间无offset,PROPOSED_REQUIRES_TASK_VALIDATION,/ORG16/fields/8
ORG16,valid_to,业务失效时间,datetime,O,,空表示未设结束；不得早于生效时间,INTERNAL,可空：未知/不适用保持空；不以0或未知码冒充,本次通用治理字段设计,BUSINESS_TIME,businessValidTo,P3-08,"[""P3-08""]",null=无界，必须大于from，整区间检验，不用任意大日期,PROPOSED_REQUIRES_TASK_VALIDATION,/ORG16/fields/9
ORG16,record_status,记录状态,code,R,enum:record_status,草稿与正式有效记录分离,INTERNAL,是：任何实际记录必填,本次通用治理字段设计,LIFECYCLE_INTENT,ImportIntent.sourceRecordStatus,P3-08,"[""P3-08""]",源草稿/正式等映射显式owner命令；不得直接改变审批/业务状态,PROPOSED_REQUIRES_TASK_VALIDATION,/ORG16/fields/10
ORG16,source_system_id,权威来源系统ID,id,R,GOV01.system_id,来源为人工整理时登记来源系统MDM_MANUAL,INTERNAL,是：任何实际记录必填,本次通用治理字段设计,SOURCE_NAMESPACE,SourceSystemReference,P3-08,"[""P3-08""]",精确GOV01源系统注册；MANUAL也要登记，非账号system身份默认映射,PROPOSED_REQUIRES_TASK_VALIDATION,/ORG16/fields/11
ORG16,source_record_id,来源记录定位,text,R,,原表主键或文件加工作表加行号；不得填个人证件原文,INTERNAL,是：任何实际记录必填,本次通用治理字段设计,SOURCE_RECORD_EVIDENCE,ImportSourceEvidence.recordLocator,P3-08,"[""P3-08""]",仅定位，不作为Person标识；日志/审计不写原敏感值,PROPOSED_REQUIRES_TASK_VALIDATION,/ORG16/fields/12
ORG16,approval_ref,审批证据号,text,C,,发布时必填；引用受控签审记录不粘贴敏感附件,INTERNAL,条件必填：发布时必填；引用受控签审记录不粘贴敏感附件,本次通用治理字段设计,APPROVAL_EVIDENCE,SourceEvidence.approvalReference,P3-08,"[""P3-08""]",源审批证据不等于本平台已授权；需owner核验及本次审批digest,PROPOSED_REQUIRES_TASK_VALIDATION,/ORG16/fields/13
ORG16,recorded_at,系统记录时间,datetime,R,,实际录入或纠错时间；不得冒充业务生效时间,INTERNAL,是：任何实际记录必填,本次通用治理字段设计,SOURCE_RECORDED_TIME,ImportSourceEvidence.sourceRecordedAt,P3-08,"[""P3-08""]",保存来源记录时间；目标recordedFrom由DB实际生成，不能回填伪知识,PROPOSED_REQUIRES_TASK_VALIDATION,/ORG16/fields/14
ORG17,subject_license_id,诊疗科目许可ID,id,R,,诊疗科目与许可的永久稳定记录/对象标识；不可由名称、工号或院区拼接决定，不复用停用标识。,INTERNAL,是：任何实际记录必填,科室原模板MEDICALSUBJECTS_CODE,SOURCE_CREATE_ALIAS,SubjectLicensePermission.sourceClientKey,P3-09,"[""P3-09""]",CREATE中为源alias；平台stableId由DB生成。UPDATE需单独已授权platformRef+expectedVersion，不能伪造新ID。,PROPOSED_REQUIRES_TASK_VALIDATION,/ORG17/fields/0
ORG17,target_type,许可对象类型,code,R,enum:target_type,许可对象类型；取值见建议码表target_type，采用前需院方确认；不可用显示名称替代代码。,INTERNAL,是：任何实际记录必填,科室原模板MEDICALSUBJECTS_CODE,VERSIONED_CODE_BINDING,SubjectLicensePermission.target_type,P3-09,"[""P3-09""]",建议枚举需采纳版本；错误码/未批准码阻断；显示标签不当key。,PROPOSED_REQUIRES_TASK_VALIDATION,/ORG17/fields/1
ORG17,target_id,许可对象ID,id,R,poly:org_target,诊疗科目与许可记录的许可对象ID；按本表一行粒度维护，由医务部确认，历史值不得直接覆盖。,INTERNAL,是：任何实际记录必填,科室原模板MEDICALSUBJECTS_CODE,TYPED_RELATION_REFERENCE,SubjectLicensePermission.target_id,P3-09,"[""P3-09""]",按精确dataset/type/namespace解析，验证owner/scope/full interval；未ready目标不能忽略或按名猜测。,PROPOSED_REQUIRES_TASK_VALIDATION,/ORG17/fields/2
ORG17,code_system_id,诊疗科目代码集ID,id,R,REF01.code_system_id,诊疗科目代码集ID；引用REF01.code_system_id的稳定标识；跨表关联须使用相同业务时点下的有效记录。,INTERNAL,是：任何实际记录必填,科室原模板MEDICALSUBJECTS_CODE,TYPED_RELATION_REFERENCE,SubjectLicensePermission.code_system_id,P3-09,"[""P3-09""]",按精确dataset/type/namespace解析，验证owner/scope/full interval；未ready目标不能忽略或按名猜测。,PROPOSED_REQUIRES_TASK_VALIDATION,/ORG17/fields/3
ORG17,code_system_version,代码集版本,text,R,,诊疗科目与许可记录的代码集版本；按本表一行粒度维护，由医务部确认，历史值不得直接覆盖。,INTERNAL,是：任何实际记录必填,科室原模板MEDICALSUBJECTS_CODE,OWNER_VERSIONED_FACT,SubjectLicensePermission.code_system_version,P3-09,"[""P3-09""]",明确字段纳入owner的版本化内容/关系；不反向形成通用宽表或绕过审批。,PROPOSED_REQUIRES_TASK_VALIDATION,/ORG17/fields/4
ORG17,subject_code,诊疗科目代码,text,R,,诊疗科目与许可记录的诊疗科目代码；按本表一行粒度维护，由医务部确认，历史值不得直接覆盖。,INTERNAL,是：任何实际记录必填,科室信息表-标准定义模板V1.01.xlsx#科室信息表!A5:MEDICALSUBJECTS_CODE,OWNER_VERSIONED_FACT,SubjectLicensePermission.subject_code,P3-09,"[""P3-09""]",明确字段纳入owner的版本化内容/关系；不反向形成通用宽表或绕过审批。,PROPOSED_REQUIRES_TASK_VALIDATION,/ORG17/fields/5
ORG17,license_ref,许可证或备案凭证,text,R,,诊疗科目与许可记录的许可证或备案凭证；按本表一行粒度维护，由医务部确认，历史值不得直接覆盖。,INTERNAL,是：任何实际记录必填,科室原模板MEDICALSUBJECTS_CODE,OWNER_VERSIONED_FACT,SubjectLicensePermission.license_ref,P3-09,"[""P3-09""]",明确字段纳入owner的版本化内容/关系；不反向形成通用宽表或绕过审批。,PROPOSED_REQUIRES_TASK_VALIDATION,/ORG17/fields/6
ORG17,permitted_scope,许可范围限制,text,C,,许可范围限制；许可/备案/院内准入存在范围、级别或条件限制时必填；不以空值表示无限许可。,INTERNAL,条件必填：许可/备案/院内准入存在范围、级别或条件限制时必填；不以空值表示无限许可。,科室原模板MEDICALSUBJECTS_CODE,OWNER_VERSIONED_FACT,SubjectLicensePermission.permitted_scope,P3-09,"[""P3-09""]",明确字段纳入owner的版本化内容/关系；不反向形成通用宽表或绕过审批。,PROPOSED_REQUIRES_TASK_VALIDATION,/ORG17/fields/7
ORG17,verifier,核验责任岗位,text,R,,诊疗科目与许可记录的核验责任岗位；按本表一行粒度维护，由医务部确认，历史值不得直接覆盖。,INTERNAL,是：任何实际记录必填,科室原模板MEDICALSUBJECTS_CODE,OWNER_VERSIONED_FACT,SubjectLicensePermission.verifier,P3-09,"[""P3-09""]",明确字段纳入owner的版本化内容/关系；不反向形成通用宽表或绕过审批。,PROPOSED_REQUIRES_TASK_VALIDATION,/ORG17/fields/8
ORG17,version_no,版本号,integer,R,,稳定ID内部递增；不是新对象ID,INTERNAL,是：任何实际记录必填,本次通用治理字段设计,SOURCE_VERSION_EVIDENCE,ImportSourceEvidence.sourceVersion,P3-09,"[""P3-09""]",源修订号仅保存来源，不覆盖DB目标versionNo,PROPOSED_REQUIRES_TASK_VALIDATION,/ORG17/fields/9
ORG17,valid_from,业务生效时间,datetime,R,,左闭右开区间起点；ISO 8601并含时区,INTERNAL,是：任何实际记录必填,本次通用治理字段设计,BUSINESS_TIME,businessValidFrom,P3-09,"[""P3-09""]",原始offset保留；仅按已发布contract显式+08:00→local；DB主时间无offset,PROPOSED_REQUIRES_TASK_VALIDATION,/ORG17/fields/10
ORG17,valid_to,业务失效时间,datetime,O,,空表示未设结束；不得早于生效时间,INTERNAL,可空：未知/不适用保持空；不以0或未知码冒充,本次通用治理字段设计,BUSINESS_TIME,businessValidTo,P3-09,"[""P3-09""]",null=无界，必须大于from，整区间检验，不用任意大日期,PROPOSED_REQUIRES_TASK_VALIDATION,/ORG17/fields/11
ORG17,record_status,记录状态,code,R,enum:record_status,草稿与正式有效记录分离,INTERNAL,是：任何实际记录必填,本次通用治理字段设计,LIFECYCLE_INTENT,ImportIntent.sourceRecordStatus,P3-09,"[""P3-09""]",源草稿/正式等映射显式owner命令；不得直接改变审批/业务状态,PROPOSED_REQUIRES_TASK_VALIDATION,/ORG17/fields/12
ORG17,source_system_id,权威来源系统ID,id,R,GOV01.system_id,来源为人工整理时登记来源系统MDM_MANUAL,INTERNAL,是：任何实际记录必填,本次通用治理字段设计,SOURCE_NAMESPACE,SourceSystemReference,P3-09,"[""P3-09""]",精确GOV01源系统注册；MANUAL也要登记，非账号system身份默认映射,PROPOSED_REQUIRES_TASK_VALIDATION,/ORG17/fields/13
ORG17,source_record_id,来源记录定位,text,R,,原表主键或文件加工作表加行号；不得填个人证件原文,INTERNAL,是：任何实际记录必填,本次通用治理字段设计,SOURCE_RECORD_EVIDENCE,ImportSourceEvidence.recordLocator,P3-09,"[""P3-09""]",仅定位，不作为Person标识；日志/审计不写原敏感值,PROPOSED_REQUIRES_TASK_VALIDATION,/ORG17/fields/14
ORG17,approval_ref,审批证据号,text,C,,发布时必填；引用受控签审记录不粘贴敏感附件,INTERNAL,条件必填：发布时必填；引用受控签审记录不粘贴敏感附件,本次通用治理字段设计,APPROVAL_EVIDENCE,SourceEvidence.approvalReference,P3-09,"[""P3-09""]",源审批证据不等于本平台已授权；需owner核验及本次审批digest,PROPOSED_REQUIRES_TASK_VALIDATION,/ORG17/fields/15
ORG17,recorded_at,系统记录时间,datetime,R,,实际录入或纠错时间；不得冒充业务生效时间,INTERNAL,是：任何实际记录必填,本次通用治理字段设计,SOURCE_RECORDED_TIME,ImportSourceEvidence.sourceRecordedAt,P3-09,"[""P3-09""]",保存来源记录时间；目标recordedFrom由DB实际生成，不能回填伪知识,PROPOSED_REQUIRES_TASK_VALIDATION,/ORG17/fields/16
ORG18,regulatory_map_id,监管映射ID,id,R,,组织监管分类映射的永久稳定记录/对象标识；不可由名称、工号或院区拼接决定，不复用停用标识。,INTERNAL,是：任何实际记录必填,科室原模板CTLOCInsuCode/HSDeptCode,SOURCE_CREATE_ALIAS,RegulatoryMapping.sourceClientKey,P7-01,"[""P7-01""]",CREATE中为源alias；平台stableId由DB生成。UPDATE需单独已授权platformRef+expectedVersion，不能伪造新ID。,PROPOSED_REQUIRES_TASK_VALIDATION,/ORG18/fields/0
ORG18,target_type,院内对象类型,code,R,enum:target_type,院内对象类型；取值见建议码表target_type，采用前需院方确认；不可用显示名称替代代码。,INTERNAL,是：任何实际记录必填,科室原模板CTLOCInsuCode/HSDeptCode,VERSIONED_CODE_BINDING,RegulatoryMapping.target_type,P7-01,"[""P7-01""]",建议枚举需采纳版本；错误码/未批准码阻断；显示标签不当key。,PROPOSED_REQUIRES_TASK_VALIDATION,/ORG18/fields/1
ORG18,target_id,院内对象ID,id,R,poly:org_target,组织监管分类映射记录的院内对象ID；按本表一行粒度维护，由质评部确认，历史值不得直接覆盖。,INTERNAL,是：任何实际记录必填,科室原模板CTLOCInsuCode/HSDeptCode,TYPED_RELATION_REFERENCE,RegulatoryMapping.target_id,P7-01,"[""P7-01""]",按精确dataset/type/namespace解析，验证owner/scope/full interval；未ready目标不能忽略或按名猜测。,PROPOSED_REQUIRES_TASK_VALIDATION,/ORG18/fields/2
ORG18,scheme_id,监管代码集ID,id,R,REF01.code_system_id,监管代码集ID；引用REF01.code_system_id的稳定标识；跨表关联须使用相同业务时点下的有效记录。,INTERNAL,是：任何实际记录必填,科室原模板CTLOCInsuCode/HSDeptCode,TYPED_RELATION_REFERENCE,RegulatoryMapping.scheme_id,P7-01,"[""P7-01""]",按精确dataset/type/namespace解析，验证owner/scope/full interval；未ready目标不能忽略或按名猜测。,PROPOSED_REQUIRES_TASK_VALIDATION,/ORG18/fields/3
ORG18,scheme_version,代码集版本,text,R,,组织监管分类映射记录的代码集版本；按本表一行粒度维护，由质评部确认，历史值不得直接覆盖。,INTERNAL,是：任何实际记录必填,科室原模板CTLOCInsuCode/HSDeptCode,OWNER_VERSIONED_FACT,RegulatoryMapping.scheme_version,P7-01,"[""P7-01""]",明确字段纳入owner的版本化内容/关系；不反向形成通用宽表或绕过审批。,PROPOSED_REQUIRES_TASK_VALIDATION,/ORG18/fields/4
ORG18,external_code,外部科室代码,text,R,,组织监管分类映射记录的外部科室代码；按本表一行粒度维护，由质评部确认，历史值不得直接覆盖。,INTERNAL,是：任何实际记录必填,科室信息表-标准定义模板V1.01.xlsx#科室信息表!A12:CTLOCInsuCode；科室信息表-标准定义模板V1.01.xlsx#科室信息表!A13:HSDeptCode,OWNER_VERSIONED_FACT,RegulatoryMapping.external_code,P7-01,"[""P7-01""]",明确字段纳入owner的版本化内容/关系；不反向形成通用宽表或绕过审批。,PROPOSED_REQUIRES_TASK_VALIDATION,/ORG18/fields/5
ORG18,external_name,外部科室名称,text,R,,组织监管分类映射记录的外部科室名称；按本表一行粒度维护，由质评部确认，历史值不得直接覆盖。,INTERNAL,是：任何实际记录必填,科室原模板CTLOCInsuCode/HSDeptCode,OWNER_VERSIONED_FACT,RegulatoryMapping.external_name,P7-01,"[""P7-01""]",明确字段纳入owner的版本化内容/关系；不反向形成通用宽表或绕过审批。,PROPOSED_REQUIRES_TASK_VALIDATION,/ORG18/fields/6
ORG18,legal_entity_id,适用医疗机构ID,id,R,ORG01.legal_entity_id,适用医疗机构ID；引用ORG01.legal_entity_id的稳定标识；跨表关联须使用相同业务时点下的有效记录。,INTERNAL,是：任何实际记录必填,科室原模板CTLOCInsuCode/HSDeptCode,TYPED_RELATION_REFERENCE,RegulatoryMapping.legal_entity_id,P7-01,"[""P1-01"", ""P7-01""]",按精确dataset/type/namespace解析，验证owner/scope/full interval；未ready目标不能忽略或按名猜测。,PROPOSED_REQUIRES_TASK_VALIDATION,/ORG18/fields/7
ORG18,mapping_relation,语义关系,code,R,enum:mapping_relation,语义关系；取值见建议码表mapping_relation，采用前需院方确认；不可用显示名称替代代码。,INTERNAL,是：任何实际记录必填,科室原模板CTLOCInsuCode/HSDeptCode,VERSIONED_CODE_BINDING,RegulatoryMapping.mapping_relation,P7-01,"[""P7-01""]",建议枚举需采纳版本；错误码/未批准码阻断；显示标签不当key。,PROPOSED_REQUIRES_TASK_VALIDATION,/ORG18/fields/8
ORG18,purpose,使用目的,text,R,,医保、病案卫统、HQMS等分行,INTERNAL,是：任何实际记录必填,科室原模板CTLOCInsuCode/HSDeptCode,OWNER_VERSIONED_FACT,RegulatoryMapping.purpose,P7-01,"[""P7-01""]",明确字段纳入owner的版本化内容/关系；不反向形成通用宽表或绕过审批。,PROPOSED_REQUIRES_TASK_VALIDATION,/ORG18/fields/9
ORG18,version_no,版本号,integer,R,,稳定ID内部递增；不是新对象ID,INTERNAL,是：任何实际记录必填,本次通用治理字段设计,SOURCE_VERSION_EVIDENCE,ImportSourceEvidence.sourceVersion,P7-01,"[""P7-01""]",源修订号仅保存来源，不覆盖DB目标versionNo,PROPOSED_REQUIRES_TASK_VALIDATION,/ORG18/fields/10
ORG18,valid_from,业务生效时间,datetime,R,,左闭右开区间起点；ISO 8601并含时区,INTERNAL,是：任何实际记录必填,本次通用治理字段设计,BUSINESS_TIME,businessValidFrom,P7-01,"[""P7-01""]",原始offset保留；仅按已发布contract显式+08:00→local；DB主时间无offset,PROPOSED_REQUIRES_TASK_VALIDATION,/ORG18/fields/11
ORG18,valid_to,业务失效时间,datetime,O,,空表示未设结束；不得早于生效时间,INTERNAL,可空：未知/不适用保持空；不以0或未知码冒充,本次通用治理字段设计,BUSINESS_TIME,businessValidTo,P7-01,"[""P7-01""]",null=无界，必须大于from，整区间检验，不用任意大日期,PROPOSED_REQUIRES_TASK_VALIDATION,/ORG18/fields/12
ORG18,record_status,记录状态,code,R,enum:record_status,草稿与正式有效记录分离,INTERNAL,是：任何实际记录必填,本次通用治理字段设计,LIFECYCLE_INTENT,ImportIntent.sourceRecordStatus,P7-01,"[""P7-01""]",源草稿/正式等映射显式owner命令；不得直接改变审批/业务状态,PROPOSED_REQUIRES_TASK_VALIDATION,/ORG18/fields/13
ORG18,source_system_id,权威来源系统ID,id,R,GOV01.system_id,来源为人工整理时登记来源系统MDM_MANUAL,INTERNAL,是：任何实际记录必填,本次通用治理字段设计,SOURCE_NAMESPACE,SourceSystemReference,P7-01,"[""P7-01""]",精确GOV01源系统注册；MANUAL也要登记，非账号system身份默认映射,PROPOSED_REQUIRES_TASK_VALIDATION,/ORG18/fields/14
ORG18,source_record_id,来源记录定位,text,R,,原表主键或文件加工作表加行号；不得填个人证件原文,INTERNAL,是：任何实际记录必填,本次通用治理字段设计,SOURCE_RECORD_EVIDENCE,ImportSourceEvidence.recordLocator,P7-01,"[""P7-01""]",仅定位，不作为Person标识；日志/审计不写原敏感值,PROPOSED_REQUIRES_TASK_VALIDATION,/ORG18/fields/15
ORG18,approval_ref,审批证据号,text,C,,发布时必填；引用受控签审记录不粘贴敏感附件,INTERNAL,条件必填：发布时必填；引用受控签审记录不粘贴敏感附件,本次通用治理字段设计,APPROVAL_EVIDENCE,SourceEvidence.approvalReference,P7-01,"[""P7-01""]",源审批证据不等于本平台已授权；需owner核验及本次审批digest,PROPOSED_REQUIRES_TASK_VALIDATION,/ORG18/fields/16
ORG18,recorded_at,系统记录时间,datetime,R,,实际录入或纠错时间；不得冒充业务生效时间,INTERNAL,是：任何实际记录必填,本次通用治理字段设计,SOURCE_RECORDED_TIME,ImportSourceEvidence.sourceRecordedAt,P7-01,"[""P7-01""]",保存来源记录时间；目标recordedFrom由DB实际生成，不能回填伪知识,PROPOSED_REQUIRES_TASK_VALIDATION,/ORG18/fields/17
ORG19,cost_center_id,核算单元ID,id,R,,成本核算单元的永久稳定记录/对象标识；不可由名称、工号或院区拼接决定，不复用停用标识。,INTERNAL,是：任何实际记录必填,本次设计建议,SOURCE_CREATE_ALIAS,CostCenter.sourceClientKey,P7-02,"[""P7-02""]",CREATE中为源alias；平台stableId由DB生成。UPDATE需单独已授权platformRef+expectedVersion，不能伪造新ID。,PROPOSED_REQUIRES_TASK_VALIDATION,/ORG19/fields/0
ORG19,cost_center_code,核算单元代码,text,R,,成本核算单元记录的核算单元代码；按本表一行粒度维护，由财务部确认，历史值不得直接覆盖。,INTERNAL,是：任何实际记录必填,本次设计建议,OWNER_VERSIONED_FACT,CostCenter.cost_center_code,P7-02,"[""P7-02""]",明确字段纳入owner的版本化内容/关系；不反向形成通用宽表或绕过审批。,PROPOSED_REQUIRES_TASK_VALIDATION,/ORG19/fields/1
ORG19,cost_center_name,核算单元名称,text,R,,成本核算单元记录的核算单元名称；按本表一行粒度维护，由财务部确认，历史值不得直接覆盖。,INTERNAL,是：任何实际记录必填,本次设计建议,OWNER_VERSIONED_FACT,CostCenter.cost_center_name,P7-02,"[""P7-02""]",明确字段纳入owner的版本化内容/关系；不反向形成通用宽表或绕过审批。,PROPOSED_REQUIRES_TASK_VALIDATION,/ORG19/fields/2
ORG19,ledger_code,账套标识,text,R,,成本核算单元记录的账套标识；按本表一行粒度维护，由财务部确认，历史值不得直接覆盖。,INTERNAL,是：任何实际记录必填,本次设计建议,OWNER_VERSIONED_FACT,CostCenter.ledger_code,P7-02,"[""P7-02""]",明确字段纳入owner的版本化内容/关系；不反向形成通用宽表或绕过审批。,PROPOSED_REQUIRES_TASK_VALIDATION,/ORG19/fields/3
ORG19,legal_entity_id,会计主体ID,id,R,ORG01.legal_entity_id,会计主体ID；引用ORG01.legal_entity_id的稳定标识；跨表关联须使用相同业务时点下的有效记录。,INTERNAL,是：任何实际记录必填,本次设计建议,TYPED_RELATION_REFERENCE,CostCenter.legal_entity_id,P7-02,"[""P1-01"", ""P7-02""]",按精确dataset/type/namespace解析，验证owner/scope/full interval；未ready目标不能忽略或按名猜测。,PROPOSED_REQUIRES_TASK_VALIDATION,/ORG19/fields/4
ORG19,center_type,核算单元类型,text,R,,成本、收入、利润或责任中心,INTERNAL,是：任何实际记录必填,本次设计建议,OWNER_VERSIONED_FACT,CostCenter.center_type,P7-02,"[""P7-02""]",明确字段纳入owner的版本化内容/关系；不反向形成通用宽表或绕过审批。,PROPOSED_REQUIRES_TASK_VALIDATION,/ORG19/fields/5
ORG19,parent_cost_center_id,上级核算单元,id,O,ORG19.cost_center_id,上级核算单元；引用ORG19.cost_center_id的稳定标识；跨表关联须使用相同业务时点下的有效记录。,INTERNAL,可空：未知/不适用保持空；不以0或未知码冒充,本次设计建议,TYPED_RELATION_REFERENCE,CostCenter.parent_cost_center_id,P7-02,"[""P7-02""]",按精确dataset/type/namespace解析，验证owner/scope/full interval；未ready目标不能忽略或按名猜测。,PROPOSED_REQUIRES_TASK_VALIDATION,/ORG19/fields/6
ORG19,financial_owner,核算责任岗位,text,R,,成本核算单元记录的核算责任岗位；按本表一行粒度维护，由财务部确认，历史值不得直接覆盖。,INTERNAL,是：任何实际记录必填,本次设计建议,OWNER_VERSIONED_FACT,CostCenter.financial_owner,P7-02,"[""P7-02""]",明确字段纳入owner的版本化内容/关系；不反向形成通用宽表或绕过审批。,PROPOSED_REQUIRES_TASK_VALIDATION,/ORG19/fields/7
ORG19,version_no,版本号,integer,R,,稳定ID内部递增；不是新对象ID,INTERNAL,是：任何实际记录必填,本次通用治理字段设计,SOURCE_VERSION_EVIDENCE,ImportSourceEvidence.sourceVersion,P7-02,"[""P7-02""]",源修订号仅保存来源，不覆盖DB目标versionNo,PROPOSED_REQUIRES_TASK_VALIDATION,/ORG19/fields/8
ORG19,valid_from,业务生效时间,datetime,R,,左闭右开区间起点；ISO 8601并含时区,INTERNAL,是：任何实际记录必填,本次通用治理字段设计,BUSINESS_TIME,businessValidFrom,P7-02,"[""P7-02""]",原始offset保留；仅按已发布contract显式+08:00→local；DB主时间无offset,PROPOSED_REQUIRES_TASK_VALIDATION,/ORG19/fields/9
ORG19,valid_to,业务失效时间,datetime,O,,空表示未设结束；不得早于生效时间,INTERNAL,可空：未知/不适用保持空；不以0或未知码冒充,本次通用治理字段设计,BUSINESS_TIME,businessValidTo,P7-02,"[""P7-02""]",null=无界，必须大于from，整区间检验，不用任意大日期,PROPOSED_REQUIRES_TASK_VALIDATION,/ORG19/fields/10
ORG19,record_status,记录状态,code,R,enum:record_status,草稿与正式有效记录分离,INTERNAL,是：任何实际记录必填,本次通用治理字段设计,LIFECYCLE_INTENT,ImportIntent.sourceRecordStatus,P7-02,"[""P7-02""]",源草稿/正式等映射显式owner命令；不得直接改变审批/业务状态,PROPOSED_REQUIRES_TASK_VALIDATION,/ORG19/fields/11
ORG19,source_system_id,权威来源系统ID,id,R,GOV01.system_id,来源为人工整理时登记来源系统MDM_MANUAL,INTERNAL,是：任何实际记录必填,本次通用治理字段设计,SOURCE_NAMESPACE,SourceSystemReference,P7-02,"[""P7-02""]",精确GOV01源系统注册；MANUAL也要登记，非账号system身份默认映射,PROPOSED_REQUIRES_TASK_VALIDATION,/ORG19/fields/12
ORG19,source_record_id,来源记录定位,text,R,,原表主键或文件加工作表加行号；不得填个人证件原文,INTERNAL,是：任何实际记录必填,本次通用治理字段设计,SOURCE_RECORD_EVIDENCE,ImportSourceEvidence.recordLocator,P7-02,"[""P7-02""]",仅定位，不作为Person标识；日志/审计不写原敏感值,PROPOSED_REQUIRES_TASK_VALIDATION,/ORG19/fields/13
ORG19,approval_ref,审批证据号,text,C,,发布时必填；引用受控签审记录不粘贴敏感附件,INTERNAL,条件必填：发布时必填；引用受控签审记录不粘贴敏感附件,本次通用治理字段设计,APPROVAL_EVIDENCE,SourceEvidence.approvalReference,P7-02,"[""P7-02""]",源审批证据不等于本平台已授权；需owner核验及本次审批digest,PROPOSED_REQUIRES_TASK_VALIDATION,/ORG19/fields/14
ORG19,recorded_at,系统记录时间,datetime,R,,实际录入或纠错时间；不得冒充业务生效时间,INTERNAL,是：任何实际记录必填,本次通用治理字段设计,SOURCE_RECORDED_TIME,ImportSourceEvidence.sourceRecordedAt,P7-02,"[""P7-02""]",保存来源记录时间；目标recordedFrom由DB实际生成，不能回填伪知识,PROPOSED_REQUIRES_TASK_VALIDATION,/ORG19/fields/15
ORG20,allocation_id,核算分配关系ID,id,R,,科室核算分配关系的永久稳定记录/对象标识；不可由名称、工号或院区拼接决定，不复用停用标识。,INTERNAL,是：任何实际记录必填,本次设计建议,SOURCE_CREATE_ALIAS,CostAllocation.sourceClientKey,P7-03,"[""P7-03""]",CREATE中为源alias；平台stableId由DB生成。UPDATE需单独已授权platformRef+expectedVersion，不能伪造新ID。,PROPOSED_REQUIRES_TASK_VALIDATION,/ORG20/fields/0
ORG20,target_type,业务对象类型,code,R,enum:target_type,业务对象类型；取值见建议码表target_type，采用前需院方确认；不可用显示名称替代代码。,INTERNAL,是：任何实际记录必填,本次设计建议,VERSIONED_CODE_BINDING,CostAllocation.target_type,P7-03,"[""P7-03""]",建议枚举需采纳版本；错误码/未批准码阻断；显示标签不当key。,PROPOSED_REQUIRES_TASK_VALIDATION,/ORG20/fields/1
ORG20,target_id,业务对象ID,id,R,poly:org_target,科室核算分配关系记录的业务对象ID；按本表一行粒度维护，由财务部确认，历史值不得直接覆盖。,INTERNAL,是：任何实际记录必填,本次设计建议,TYPED_RELATION_REFERENCE,CostAllocation.target_id,P7-03,"[""P7-03""]",按精确dataset/type/namespace解析，验证owner/scope/full interval；未ready目标不能忽略或按名猜测。,PROPOSED_REQUIRES_TASK_VALIDATION,/ORG20/fields/2
ORG20,cost_center_id,核算单元ID,id,R,ORG19.cost_center_id,核算单元ID；引用ORG19.cost_center_id的稳定标识；跨表关联须使用相同业务时点下的有效记录。,INTERNAL,是：任何实际记录必填,本次设计建议,TYPED_RELATION_REFERENCE,CostAllocation.cost_center_id,P7-03,"[""P7-02"", ""P7-03""]",按精确dataset/type/namespace解析，验证owner/scope/full interval；未ready目标不能忽略或按名猜测。,PROPOSED_REQUIRES_TASK_VALIDATION,/ORG20/fields/3
ORG20,allocation_basis,分配口径,code,R,enum:allocation_basis,分配口径；取值见建议码表allocation_basis，采用前需院方确认；不可用显示名称替代代码。,INTERNAL,是：任何实际记录必填,本次设计建议,VERSIONED_CODE_BINDING,CostAllocation.allocation_basis,P7-03,"[""P7-03""]",建议枚举需采纳版本；错误码/未批准码阻断；显示标签不当key。,PROPOSED_REQUIRES_TASK_VALIDATION,/ORG20/fields/4
ORG20,allocation_group,同一分配方案组号,text,R,,科室核算分配关系记录的同一分配方案组号；按本表一行粒度维护，由财务部确认，历史值不得直接覆盖。,INTERNAL,是：任何实际记录必填,本次设计建议,OWNER_VERSIONED_FACT,CostAllocation.allocation_group,P7-03,"[""P7-03""]",明确字段纳入owner的版本化内容/关系；不反向形成通用宽表或绕过审批。,PROPOSED_REQUIRES_TASK_VALIDATION,/ORG20/fields/5
ORG20,weight,权重比例,decimal,C,,固定分摊时取0至1；动态分摊填rule_ref不臆造权重,INTERNAL,条件必填：分配方式为固定比例时必填，0≤weight≤1；同口径同期间同分配组之和为1。,本次设计建议,DECIMAL_ALLOCATION,AllocationWeight.value,P7-03,"[""P7-03""]",DECIMAL，按同组每个业务分段sum=1，不以float或整表平均,PROPOSED_REQUIRES_TASK_VALIDATION,/ORG20/fields/6
ORG20,rule_ref,分配规则编号,text,C,,分配规则编号；分配方式不是固定比例时必填；按工时、工作量等动态规则引用，不编造固定比例。,INTERNAL,条件必填：分配方式不是固定比例时必填；按工时、工作量等动态规则引用，不编造固定比例。,本次设计建议,OWNER_VERSIONED_FACT,CostAllocation.rule_ref,P7-03,"[""P7-03""]",明确字段纳入owner的版本化内容/关系；不反向形成通用宽表或绕过审批。,PROPOSED_REQUIRES_TASK_VALIDATION,/ORG20/fields/7
ORG20,ledger_code,账套标识,text,R,,科室核算分配关系记录的账套标识；按本表一行粒度维护，由财务部确认，历史值不得直接覆盖。,INTERNAL,是：任何实际记录必填,本次设计建议,OWNER_VERSIONED_FACT,CostAllocation.ledger_code,P7-03,"[""P7-03""]",明确字段纳入owner的版本化内容/关系；不反向形成通用宽表或绕过审批。,PROPOSED_REQUIRES_TASK_VALIDATION,/ORG20/fields/8
ORG20,version_no,版本号,integer,R,,稳定ID内部递增；不是新对象ID,INTERNAL,是：任何实际记录必填,本次通用治理字段设计,SOURCE_VERSION_EVIDENCE,ImportSourceEvidence.sourceVersion,P7-03,"[""P7-03""]",源修订号仅保存来源，不覆盖DB目标versionNo,PROPOSED_REQUIRES_TASK_VALIDATION,/ORG20/fields/9
ORG20,valid_from,业务生效时间,datetime,R,,左闭右开区间起点；ISO 8601并含时区,INTERNAL,是：任何实际记录必填,本次通用治理字段设计,BUSINESS_TIME,businessValidFrom,P7-03,"[""P7-03""]",原始offset保留；仅按已发布contract显式+08:00→local；DB主时间无offset,PROPOSED_REQUIRES_TASK_VALIDATION,/ORG20/fields/10
ORG20,valid_to,业务失效时间,datetime,O,,空表示未设结束；不得早于生效时间,INTERNAL,可空：未知/不适用保持空；不以0或未知码冒充,本次通用治理字段设计,BUSINESS_TIME,businessValidTo,P7-03,"[""P7-03""]",null=无界，必须大于from，整区间检验，不用任意大日期,PROPOSED_REQUIRES_TASK_VALIDATION,/ORG20/fields/11
ORG20,record_status,记录状态,code,R,enum:record_status,草稿与正式有效记录分离,INTERNAL,是：任何实际记录必填,本次通用治理字段设计,LIFECYCLE_INTENT,ImportIntent.sourceRecordStatus,P7-03,"[""P7-03""]",源草稿/正式等映射显式owner命令；不得直接改变审批/业务状态,PROPOSED_REQUIRES_TASK_VALIDATION,/ORG20/fields/12
ORG20,source_system_id,权威来源系统ID,id,R,GOV01.system_id,来源为人工整理时登记来源系统MDM_MANUAL,INTERNAL,是：任何实际记录必填,本次通用治理字段设计,SOURCE_NAMESPACE,SourceSystemReference,P7-03,"[""P7-03""]",精确GOV01源系统注册；MANUAL也要登记，非账号system身份默认映射,PROPOSED_REQUIRES_TASK_VALIDATION,/ORG20/fields/13
ORG20,source_record_id,来源记录定位,text,R,,原表主键或文件加工作表加行号；不得填个人证件原文,INTERNAL,是：任何实际记录必填,本次通用治理字段设计,SOURCE_RECORD_EVIDENCE,ImportSourceEvidence.recordLocator,P7-03,"[""P7-03""]",仅定位，不作为Person标识；日志/审计不写原敏感值,PROPOSED_REQUIRES_TASK_VALIDATION,/ORG20/fields/14
ORG20,approval_ref,审批证据号,text,C,,发布时必填；引用受控签审记录不粘贴敏感附件,INTERNAL,条件必填：发布时必填；引用受控签审记录不粘贴敏感附件,本次通用治理字段设计,APPROVAL_EVIDENCE,SourceEvidence.approvalReference,P7-03,"[""P7-03""]",源审批证据不等于本平台已授权；需owner核验及本次审批digest,PROPOSED_REQUIRES_TASK_VALIDATION,/ORG20/fields/15
ORG20,recorded_at,系统记录时间,datetime,R,,实际录入或纠错时间；不得冒充业务生效时间,INTERNAL,是：任何实际记录必填,本次通用治理字段设计,SOURCE_RECORDED_TIME,ImportSourceEvidence.sourceRecordedAt,P7-03,"[""P7-03""]",保存来源记录时间；目标recordedFrom由DB实际生成，不能回填伪知识,PROPOSED_REQUIRES_TASK_VALIDATION,/ORG20/fields/16
ORG21,stat_relation_id,统计归属ID,id,R,,统计归属关系的永久稳定记录/对象标识；不可由名称、工号或院区拼接决定，不复用停用标识。,INTERNAL,是：任何实际记录必填,本次设计建议,SOURCE_CREATE_ALIAS,StatisticalMembership.sourceClientKey,P7-04,"[""P7-04""]",CREATE中为源alias；平台stableId由DB生成。UPDATE需单独已授权platformRef+expectedVersion，不能伪造新ID。,PROPOSED_REQUIRES_TASK_VALIDATION,/ORG21/fields/0
ORG21,target_type,对象类型,code,R,enum:target_type,对象类型；取值见建议码表target_type，采用前需院方确认；不可用显示名称替代代码。,INTERNAL,是：任何实际记录必填,本次设计建议,VERSIONED_CODE_BINDING,StatisticalMembership.target_type,P7-04,"[""P7-04""]",建议枚举需采纳版本；错误码/未批准码阻断；显示标签不当key。,PROPOSED_REQUIRES_TASK_VALIDATION,/ORG21/fields/1
ORG21,target_id,对象ID,id,R,poly:org_target,统计归属关系记录的对象ID；按本表一行粒度维护，由质评部确认，历史值不得直接覆盖。,INTERNAL,是：任何实际记录必填,本次设计建议,TYPED_RELATION_REFERENCE,StatisticalMembership.target_id,P7-04,"[""P7-04""]",按精确dataset/type/namespace解析，验证owner/scope/full interval；未ready目标不能忽略或按名猜测。,PROPOSED_REQUIRES_TASK_VALIDATION,/ORG21/fields/2
ORG21,stat_scheme_code,统计方案编码,text,R,,统计归属关系记录的统计方案编码；按本表一行粒度维护，由质评部确认，历史值不得直接覆盖。,INTERNAL,是：任何实际记录必填,本次设计建议,OWNER_VERSIONED_FACT,StatisticalMembership.stat_scheme_code,P7-04,"[""P7-04""]",明确字段纳入owner的版本化内容/关系；不反向形成通用宽表或绕过审批。,PROPOSED_REQUIRES_TASK_VALIDATION,/ORG21/fields/3
ORG21,stat_scheme_version,统计方案版本,text,R,,统计归属关系记录的统计方案版本；按本表一行粒度维护，由质评部确认，历史值不得直接覆盖。,INTERNAL,是：任何实际记录必填,本次设计建议,OWNER_VERSIONED_FACT,StatisticalMembership.stat_scheme_version,P7-04,"[""P7-04""]",明确字段纳入owner的版本化内容/关系；不反向形成通用宽表或绕过审批。,PROPOSED_REQUIRES_TASK_VALIDATION,/ORG21/fields/4
ORG21,stat_group_code,统计分组代码,text,R,,统计归属关系记录的统计分组代码；按本表一行粒度维护，由质评部确认，历史值不得直接覆盖。,INTERNAL,是：任何实际记录必填,本次设计建议,OWNER_VERSIONED_FACT,StatisticalMembership.stat_group_code,P7-04,"[""P7-04""]",明确字段纳入owner的版本化内容/关系；不反向形成通用宽表或绕过审批。,PROPOSED_REQUIRES_TASK_VALIDATION,/ORG21/fields/5
ORG21,stat_group_name,统计分组名称,text,R,,统计归属关系记录的统计分组名称；按本表一行粒度维护，由质评部确认，历史值不得直接覆盖。,INTERNAL,是：任何实际记录必填,本次设计建议,OWNER_VERSIONED_FACT,StatisticalMembership.stat_group_name,P7-04,"[""P7-04""]",明确字段纳入owner的版本化内容/关系；不反向形成通用宽表或绕过审批。,PROPOSED_REQUIRES_TASK_VALIDATION,/ORG21/fields/6
ORG21,aggregation_rule,去重汇总规则,text,R,,统计归属关系记录的去重汇总规则；按本表一行粒度维护，由质评部确认，历史值不得直接覆盖。,INTERNAL,是：任何实际记录必填,本次设计建议,OWNER_VERSIONED_FACT,StatisticalMembership.aggregation_rule,P7-04,"[""P7-04""]",明确字段纳入owner的版本化内容/关系；不反向形成通用宽表或绕过审批。,PROPOSED_REQUIRES_TASK_VALIDATION,/ORG21/fields/7
ORG21,snapshot_basis,时间取值口径,text,R,,按业务发生时组织或现行组织重述，分别定义,INTERNAL,是：任何实际记录必填,本次设计建议,OWNER_VERSIONED_FACT,StatisticalMembership.snapshot_basis,P7-04,"[""P7-04""]",明确字段纳入owner的版本化内容/关系；不反向形成通用宽表或绕过审批。,PROPOSED_REQUIRES_TASK_VALIDATION,/ORG21/fields/8
ORG21,version_no,版本号,integer,R,,稳定ID内部递增；不是新对象ID,INTERNAL,是：任何实际记录必填,本次通用治理字段设计,SOURCE_VERSION_EVIDENCE,ImportSourceEvidence.sourceVersion,P7-04,"[""P7-04""]",源修订号仅保存来源，不覆盖DB目标versionNo,PROPOSED_REQUIRES_TASK_VALIDATION,/ORG21/fields/9
ORG21,valid_from,业务生效时间,datetime,R,,左闭右开区间起点；ISO 8601并含时区,INTERNAL,是：任何实际记录必填,本次通用治理字段设计,BUSINESS_TIME,businessValidFrom,P7-04,"[""P7-04""]",原始offset保留；仅按已发布contract显式+08:00→local；DB主时间无offset,PROPOSED_REQUIRES_TASK_VALIDATION,/ORG21/fields/10
ORG21,valid_to,业务失效时间,datetime,O,,空表示未设结束；不得早于生效时间,INTERNAL,可空：未知/不适用保持空；不以0或未知码冒充,本次通用治理字段设计,BUSINESS_TIME,businessValidTo,P7-04,"[""P7-04""]",null=无界，必须大于from，整区间检验，不用任意大日期,PROPOSED_REQUIRES_TASK_VALIDATION,/ORG21/fields/11
ORG21,record_status,记录状态,code,R,enum:record_status,草稿与正式有效记录分离,INTERNAL,是：任何实际记录必填,本次通用治理字段设计,LIFECYCLE_INTENT,ImportIntent.sourceRecordStatus,P7-04,"[""P7-04""]",源草稿/正式等映射显式owner命令；不得直接改变审批/业务状态,PROPOSED_REQUIRES_TASK_VALIDATION,/ORG21/fields/12
ORG21,source_system_id,权威来源系统ID,id,R,GOV01.system_id,来源为人工整理时登记来源系统MDM_MANUAL,INTERNAL,是：任何实际记录必填,本次通用治理字段设计,SOURCE_NAMESPACE,SourceSystemReference,P7-04,"[""P7-04""]",精确GOV01源系统注册；MANUAL也要登记，非账号system身份默认映射,PROPOSED_REQUIRES_TASK_VALIDATION,/ORG21/fields/13
ORG21,source_record_id,来源记录定位,text,R,,原表主键或文件加工作表加行号；不得填个人证件原文,INTERNAL,是：任何实际记录必填,本次通用治理字段设计,SOURCE_RECORD_EVIDENCE,ImportSourceEvidence.recordLocator,P7-04,"[""P7-04""]",仅定位，不作为Person标识；日志/审计不写原敏感值,PROPOSED_REQUIRES_TASK_VALIDATION,/ORG21/fields/14
ORG21,approval_ref,审批证据号,text,C,,发布时必填；引用受控签审记录不粘贴敏感附件,INTERNAL,条件必填：发布时必填；引用受控签审记录不粘贴敏感附件,本次通用治理字段设计,APPROVAL_EVIDENCE,SourceEvidence.approvalReference,P7-04,"[""P7-04""]",源审批证据不等于本平台已授权；需owner核验及本次审批digest,PROPOSED_REQUIRES_TASK_VALIDATION,/ORG21/fields/15
ORG21,recorded_at,系统记录时间,datetime,R,,实际录入或纠错时间；不得冒充业务生效时间,INTERNAL,是：任何实际记录必填,本次通用治理字段设计,SOURCE_RECORDED_TIME,ImportSourceEvidence.sourceRecordedAt,P7-04,"[""P7-04""]",保存来源记录时间；目标recordedFrom由DB实际生成，不能回填伪知识,PROPOSED_REQUIRES_TASK_VALIDATION,/ORG21/fields/16
ORG22,org_map_id,组织映射ID,id,R,,源系统组织映射的永久稳定记录/对象标识；不可由名称、工号或院区拼接决定，不复用停用标识。,INTERNAL,是：任何实际记录必填,旧HIS科室编码；所有厂商导入列,SOURCE_CREATE_ALIAS,OrganizationSourceMapping.sourceClientKey,P2-03,"[""P2-03""]",CREATE中为源alias；平台stableId由DB生成。UPDATE需单独已授权platformRef+expectedVersion，不能伪造新ID。,PROPOSED_REQUIRES_TASK_VALIDATION,/ORG22/fields/0
ORG22,from_system_id,源系统ID,id,R,GOV01.system_id,源系统ID；引用GOV01.system_id的稳定标识；跨表关联须使用相同业务时点下的有效记录。,INTERNAL,是：任何实际记录必填,旧HIS科室编码；所有厂商导入列,TYPED_RELATION_REFERENCE,OrganizationSourceMapping.from_system_id,P2-03,"[""P2-03""]",按精确dataset/type/namespace解析，验证owner/scope/full interval；未ready目标不能忽略或按名猜测。,PROPOSED_REQUIRES_TASK_VALIDATION,/ORG22/fields/1
ORG22,source_entity_type,源表对象类型,text,R,,源系统组织映射记录的源表对象类型；按本表一行粒度维护，由信息管理部确认，历史值不得直接覆盖。,INTERNAL,是：任何实际记录必填,旧HIS科室编码；所有厂商导入列,OWNER_VERSIONED_FACT,OrganizationSourceMapping.source_entity_type,P2-03,"[""P2-03""]",明确字段纳入owner的版本化内容/关系；不反向形成通用宽表或绕过审批。,PROPOSED_REQUIRES_TASK_VALIDATION,/ORG22/fields/2
ORG22,source_code,源科室或单元编码,text,R,,源系统组织映射记录的源科室或单元编码；按本表一行粒度维护，由信息管理部确认，历史值不得直接覆盖。,INTERNAL,是：任何实际记录必填,科室信息表-标准定义模板V1.01.xlsx#科室信息表!A2:DEPT_INDEX_NO；科室信息表-标准定义模板V1.01.xlsx#科室信息表!A6:DEPT_CODE,OWNER_VERSIONED_FACT,OrganizationSourceMapping.source_code,P2-03,"[""P2-03""]",明确字段纳入owner的版本化内容/关系；不反向形成通用宽表或绕过审批。,PROPOSED_REQUIRES_TASK_VALIDATION,/ORG22/fields/3
ORG22,source_name,源名称,text,O,,源系统组织映射记录的源名称；按本表一行粒度维护，由信息管理部确认，历史值不得直接覆盖。,INTERNAL,可空：未知/不适用保持空；不以0或未知码冒充,旧HIS科室编码；所有厂商导入列,OWNER_VERSIONED_FACT,OrganizationSourceMapping.source_name,P2-03,"[""P2-03""]",明确字段纳入owner的版本化内容/关系；不反向形成通用宽表或绕过审批。,PROPOSED_REQUIRES_TASK_VALIDATION,/ORG22/fields/4
ORG22,source_context,源院区账套等上下文,text,R,,无上下文明确填DEFAULT，不把空当通配符,INTERNAL,是：任何实际记录必填,旧HIS科室编码；所有厂商导入列,OWNER_VERSIONED_FACT,OrganizationSourceMapping.source_context,P2-03,"[""P2-03""]",明确字段纳入owner的版本化内容/关系；不反向形成通用宽表或绕过审批。,PROPOSED_REQUIRES_TASK_VALIDATION,/ORG22/fields/5
ORG22,target_type,目标对象类型,code,R,enum:target_type,目标对象类型；取值见建议码表target_type，采用前需院方确认；不可用显示名称替代代码。,INTERNAL,是：任何实际记录必填,旧HIS科室编码；所有厂商导入列,VERSIONED_CODE_BINDING,OrganizationSourceMapping.target_type,P2-03,"[""P2-03""]",建议枚举需采纳版本；错误码/未批准码阻断；显示标签不当key。,PROPOSED_REQUIRES_TASK_VALIDATION,/ORG22/fields/6
ORG22,target_id,目标对象ID,id,R,poly:org_target,源系统组织映射记录的目标对象ID；按本表一行粒度维护，由信息管理部确认，历史值不得直接覆盖。,INTERNAL,是：任何实际记录必填,旧HIS科室编码；所有厂商导入列,TYPED_RELATION_REFERENCE,OrganizationSourceMapping.target_id,P2-03,"[""P2-03""]",按精确dataset/type/namespace解析，验证owner/scope/full interval；未ready目标不能忽略或按名猜测。,PROPOSED_REQUIRES_TASK_VALIDATION,/ORG22/fields/7
ORG22,mapping_relation,映射关系,code,R,enum:mapping_relation,映射关系；取值见建议码表mapping_relation，采用前需院方确认；不可用显示名称替代代码。,INTERNAL,是：任何实际记录必填,旧HIS科室编码；所有厂商导入列,VERSIONED_CODE_BINDING,OrganizationSourceMapping.mapping_relation,P2-03,"[""P2-03""]",建议枚举需采纳版本；错误码/未批准码阻断；显示标签不当key。,PROPOSED_REQUIRES_TASK_VALIDATION,/ORG22/fields/8
ORG22,resolution_rule,一对多裁决规则,text,C,,拆分后必须按日期院区业务等确定；不可随机选一个,INTERNAL,条件必填：源代码在相同有效期下对应多个目标或存在拆分时必填，并可由上下文唯一裁决。,旧HIS科室编码；所有厂商导入列,OWNER_VERSIONED_FACT,OrganizationSourceMapping.resolution_rule,P2-03,"[""P2-03""]",明确字段纳入owner的版本化内容/关系；不反向形成通用宽表或绕过审批。,PROPOSED_REQUIRES_TASK_VALIDATION,/ORG22/fields/9
ORG22,verified_by,映射核验岗位,text,R,,源系统组织映射记录的映射核验岗位；按本表一行粒度维护，由信息管理部确认，历史值不得直接覆盖。,INTERNAL,是：任何实际记录必填,旧HIS科室编码；所有厂商导入列,OWNER_VERSIONED_FACT,OrganizationSourceMapping.verified_by,P2-03,"[""P2-03""]",明确字段纳入owner的版本化内容/关系；不反向形成通用宽表或绕过审批。,PROPOSED_REQUIRES_TASK_VALIDATION,/ORG22/fields/10
ORG22,version_no,版本号,integer,R,,稳定ID内部递增；不是新对象ID,INTERNAL,是：任何实际记录必填,本次通用治理字段设计,SOURCE_VERSION_EVIDENCE,ImportSourceEvidence.sourceVersion,P2-03,"[""P2-03""]",源修订号仅保存来源，不覆盖DB目标versionNo,PROPOSED_REQUIRES_TASK_VALIDATION,/ORG22/fields/11
ORG22,valid_from,业务生效时间,datetime,R,,左闭右开区间起点；ISO 8601并含时区,INTERNAL,是：任何实际记录必填,本次通用治理字段设计,BUSINESS_TIME,businessValidFrom,P2-03,"[""P2-03""]",原始offset保留；仅按已发布contract显式+08:00→local；DB主时间无offset,PROPOSED_REQUIRES_TASK_VALIDATION,/ORG22/fields/12
ORG22,valid_to,业务失效时间,datetime,O,,空表示未设结束；不得早于生效时间,INTERNAL,可空：未知/不适用保持空；不以0或未知码冒充,本次通用治理字段设计,BUSINESS_TIME,businessValidTo,P2-03,"[""P2-03""]",null=无界，必须大于from，整区间检验，不用任意大日期,PROPOSED_REQUIRES_TASK_VALIDATION,/ORG22/fields/13
ORG22,record_status,记录状态,code,R,enum:record_status,草稿与正式有效记录分离,INTERNAL,是：任何实际记录必填,本次通用治理字段设计,LIFECYCLE_INTENT,ImportIntent.sourceRecordStatus,P2-03,"[""P2-03""]",源草稿/正式等映射显式owner命令；不得直接改变审批/业务状态,PROPOSED_REQUIRES_TASK_VALIDATION,/ORG22/fields/14
ORG22,source_system_id,权威来源系统ID,id,R,GOV01.system_id,来源为人工整理时登记来源系统MDM_MANUAL,INTERNAL,是：任何实际记录必填,本次通用治理字段设计,SOURCE_NAMESPACE,SourceSystemReference,P2-03,"[""P2-03""]",精确GOV01源系统注册；MANUAL也要登记，非账号system身份默认映射,PROPOSED_REQUIRES_TASK_VALIDATION,/ORG22/fields/15
ORG22,source_record_id,来源记录定位,text,R,,原表主键或文件加工作表加行号；不得填个人证件原文,INTERNAL,是：任何实际记录必填,本次通用治理字段设计,SOURCE_RECORD_EVIDENCE,ImportSourceEvidence.recordLocator,P2-03,"[""P2-03""]",仅定位，不作为Person标识；日志/审计不写原敏感值,PROPOSED_REQUIRES_TASK_VALIDATION,/ORG22/fields/16
ORG22,approval_ref,审批证据号,text,C,,发布时必填；引用受控签审记录不粘贴敏感附件,INTERNAL,条件必填：发布时必填；引用受控签审记录不粘贴敏感附件,本次通用治理字段设计,APPROVAL_EVIDENCE,SourceEvidence.approvalReference,P2-03,"[""P2-03""]",源审批证据不等于本平台已授权；需owner核验及本次审批digest,PROPOSED_REQUIRES_TASK_VALIDATION,/ORG22/fields/17
ORG22,recorded_at,系统记录时间,datetime,R,,实际录入或纠错时间；不得冒充业务生效时间,INTERNAL,是：任何实际记录必填,本次通用治理字段设计,SOURCE_RECORDED_TIME,ImportSourceEvidence.sourceRecordedAt,P2-03,"[""P2-03""]",保存来源记录时间；目标recordedFrom由DB实际生成，不能回填伪知识,PROPOSED_REQUIRES_TASK_VALIDATION,/ORG22/fields/18
ORG23,org_identifier_id,组织标识ID,id,R,,组织标识别名的永久稳定记录/对象标识；不可由名称、工号或院区拼接决定，不复用停用标识。,INTERNAL,是：任何实际记录必填,科室原模板DEPT_ALIAS；厂商拼音/五笔/检索码/别名,SOURCE_CREATE_ALIAS,OrganizationIdentifierOrAlias.sourceClientKey,P2-04,"[""P2-04""]",CREATE中为源alias；平台stableId由DB生成。UPDATE需单独已授权platformRef+expectedVersion，不能伪造新ID。,PROPOSED_REQUIRES_TASK_VALIDATION,/ORG23/fields/0
ORG23,target_type,对象类型,code,R,enum:target_type,对象类型；取值见建议码表target_type，采用前需院方确认；不可用显示名称替代代码。,INTERNAL,是：任何实际记录必填,科室原模板DEPT_ALIAS；厂商拼音/五笔/检索码/别名,VERSIONED_CODE_BINDING,OrganizationIdentifierOrAlias.target_type,P2-04,"[""P2-04""]",建议枚举需采纳版本；错误码/未批准码阻断；显示标签不当key。,PROPOSED_REQUIRES_TASK_VALIDATION,/ORG23/fields/1
ORG23,target_id,对象ID,id,R,poly:org_target,组织标识别名记录的对象ID；按本表一行粒度维护，由组织人事部确认，历史值不得直接覆盖。,INTERNAL,是：任何实际记录必填,科室原模板DEPT_ALIAS；厂商拼音/五笔/检索码/别名,TYPED_RELATION_REFERENCE,OrganizationIdentifierOrAlias.target_id,P2-04,"[""P2-04""]",按精确dataset/type/namespace解析，验证owner/scope/full interval；未ready目标不能忽略或按名猜测。,PROPOSED_REQUIRES_TASK_VALIDATION,/ORG23/fields/2
ORG23,identifier_kind,标识类别,code,R,enum:identifier_kind,标识类别；取值见建议码表identifier_kind，采用前需院方确认；不可用显示名称替代代码。,INTERNAL,是：任何实际记录必填,科室原模板DEPT_ALIAS；厂商拼音/五笔/检索码/别名,VERSIONED_CODE_BINDING,OrganizationIdentifierOrAlias.identifier_kind,P2-04,"[""P2-04""]",建议枚举需采纳版本；错误码/未批准码阻断；显示标签不当key。,PROPOSED_REQUIRES_TASK_VALIDATION,/ORG23/fields/3
ORG23,identifier_system,标识命名空间,text,R,,组织标识别名记录的标识命名空间；按本表一行粒度维护，由组织人事部确认，历史值不得直接覆盖。,INTERNAL,是：任何实际记录必填,科室原模板DEPT_ALIAS；厂商拼音/五笔/检索码/别名,OWNER_VERSIONED_FACT,OrganizationIdentifierOrAlias.identifier_system,P2-04,"[""P2-04""]",明确字段纳入owner的版本化内容/关系；不反向形成通用宽表或绕过审批。,PROPOSED_REQUIRES_TASK_VALIDATION,/ORG23/fields/4
ORG23,identifier_value,标识或别名值,text,R,,组织标识别名记录的标识或别名值；按本表一行粒度维护，由组织人事部确认，历史值不得直接覆盖。,INTERNAL,是：任何实际记录必填,科室信息表-标准定义模板V1.01.xlsx#科室信息表!A8:DEPT_ALIAS,OWNER_VERSIONED_FACT,OrganizationIdentifierOrAlias.identifier_value,P2-04,"[""P2-04""]",明确字段纳入owner的版本化内容/关系；不反向形成通用宽表或绕过审批。,PROPOSED_REQUIRES_TASK_VALIDATION,/ORG23/fields/5
ORG23,language,语言,text,O,,组织标识别名记录的语言；按本表一行粒度维护，由组织人事部确认，历史值不得直接覆盖。,INTERNAL,可空：未知/不适用保持空；不以0或未知码冒充,科室原模板DEPT_ALIAS；厂商拼音/五笔/检索码/别名,OWNER_VERSIONED_FACT,OrganizationIdentifierOrAlias.language,P2-04,"[""P2-04""]",明确字段纳入owner的版本化内容/关系；不反向形成通用宽表或绕过审批。,PROPOSED_REQUIRES_TASK_VALIDATION,/ORG23/fields/6
ORG23,is_preferred,首选展示标志,code,R,enum:yes_no,首选展示标志；取值见建议码表yes_no，采用前需院方确认；不可用显示名称替代代码。,INTERNAL,是：任何实际记录必填,科室原模板DEPT_ALIAS；厂商拼音/五笔/检索码/别名,VERSIONED_CODE_BINDING,OrganizationIdentifierOrAlias.is_preferred,P2-04,"[""P2-04""]",建议枚举需采纳版本；错误码/未批准码阻断；显示标签不当key。,PROPOSED_REQUIRES_TASK_VALIDATION,/ORG23/fields/7
ORG23,version_no,版本号,integer,R,,稳定ID内部递增；不是新对象ID,INTERNAL,是：任何实际记录必填,本次通用治理字段设计,SOURCE_VERSION_EVIDENCE,ImportSourceEvidence.sourceVersion,P2-04,"[""P2-04""]",源修订号仅保存来源，不覆盖DB目标versionNo,PROPOSED_REQUIRES_TASK_VALIDATION,/ORG23/fields/8
ORG23,valid_from,业务生效时间,datetime,R,,左闭右开区间起点；ISO 8601并含时区,INTERNAL,是：任何实际记录必填,本次通用治理字段设计,BUSINESS_TIME,businessValidFrom,P2-04,"[""P2-04""]",原始offset保留；仅按已发布contract显式+08:00→local；DB主时间无offset,PROPOSED_REQUIRES_TASK_VALIDATION,/ORG23/fields/9
ORG23,valid_to,业务失效时间,datetime,O,,空表示未设结束；不得早于生效时间,INTERNAL,可空：未知/不适用保持空；不以0或未知码冒充,本次通用治理字段设计,BUSINESS_TIME,businessValidTo,P2-04,"[""P2-04""]",null=无界，必须大于from，整区间检验，不用任意大日期,PROPOSED_REQUIRES_TASK_VALIDATION,/ORG23/fields/10
ORG23,record_status,记录状态,code,R,enum:record_status,草稿与正式有效记录分离,INTERNAL,是：任何实际记录必填,本次通用治理字段设计,LIFECYCLE_INTENT,ImportIntent.sourceRecordStatus,P2-04,"[""P2-04""]",源草稿/正式等映射显式owner命令；不得直接改变审批/业务状态,PROPOSED_REQUIRES_TASK_VALIDATION,/ORG23/fields/11
ORG23,source_system_id,权威来源系统ID,id,R,GOV01.system_id,来源为人工整理时登记来源系统MDM_MANUAL,INTERNAL,是：任何实际记录必填,本次通用治理字段设计,SOURCE_NAMESPACE,SourceSystemReference,P2-04,"[""P2-04""]",精确GOV01源系统注册；MANUAL也要登记，非账号system身份默认映射,PROPOSED_REQUIRES_TASK_VALIDATION,/ORG23/fields/12
ORG23,source_record_id,来源记录定位,text,R,,原表主键或文件加工作表加行号；不得填个人证件原文,INTERNAL,是：任何实际记录必填,本次通用治理字段设计,SOURCE_RECORD_EVIDENCE,ImportSourceEvidence.recordLocator,P2-04,"[""P2-04""]",仅定位，不作为Person标识；日志/审计不写原敏感值,PROPOSED_REQUIRES_TASK_VALIDATION,/ORG23/fields/13
ORG23,approval_ref,审批证据号,text,C,,发布时必填；引用受控签审记录不粘贴敏感附件,INTERNAL,条件必填：发布时必填；引用受控签审记录不粘贴敏感附件,本次通用治理字段设计,APPROVAL_EVIDENCE,SourceEvidence.approvalReference,P2-04,"[""P2-04""]",源审批证据不等于本平台已授权；需owner核验及本次审批digest,PROPOSED_REQUIRES_TASK_VALIDATION,/ORG23/fields/14
ORG23,recorded_at,系统记录时间,datetime,R,,实际录入或纠错时间；不得冒充业务生效时间,INTERNAL,是：任何实际记录必填,本次通用治理字段设计,SOURCE_RECORDED_TIME,ImportSourceEvidence.sourceRecordedAt,P2-04,"[""P2-04""]",保存来源记录时间；目标recordedFrom由DB实际生成，不能回填伪知识,PROPOSED_REQUIRES_TASK_VALIDATION,/ORG23/fields/15
ORG24,bed_id,床位ID,id,R,,床位资源的永久稳定记录/对象标识；不可由名称、工号或院区拼接决定，不复用停用标识。,INTERNAL,是：任何实际记录必填,科室信息表-标准定义模板V1.01.xlsx#科室信息表!A16:OPEN_BEDS,SOURCE_CREATE_ALIAS,BedResource.sourceClientKey,P7-05,"[""P7-05""]",CREATE中为源alias；平台stableId由DB生成。UPDATE需单独已授权platformRef+expectedVersion，不能伪造新ID。,PROPOSED_REQUIRES_TASK_VALIDATION,/ORG24/fields/0
ORG24,bed_code,床位代码,text,R,,床位资源记录的床位代码；按本表一行粒度维护，由护理部确认，历史值不得直接覆盖。,INTERNAL,是：任何实际记录必填,卫宁ZY_BCDMK；科室原模板OPEN_BEDS延伸,OWNER_VERSIONED_FACT,BedResource.bed_code,P7-05,"[""P7-05""]",明确字段纳入owner的版本化内容/关系；不反向形成通用宽表或绕过审批。,PROPOSED_REQUIRES_TASK_VALIDATION,/ORG24/fields/1
ORG24,bed_label,显示床号,text,R,,床位资源记录的显示床号；按本表一行粒度维护，由护理部确认，历史值不得直接覆盖。,INTERNAL,是：任何实际记录必填,卫宁ZY_BCDMK；科室原模板OPEN_BEDS延伸,OWNER_VERSIONED_FACT,BedResource.bed_label,P7-05,"[""P7-05""]",明确字段纳入owner的版本化内容/关系；不反向形成通用宽表或绕过审批。,PROPOSED_REQUIRES_TASK_VALIDATION,/ORG24/fields/2
ORG24,ward_id,病区ID,id,R,ORG08.ward_id,病区ID；引用ORG08.ward_id的稳定标识；跨表关联须使用相同业务时点下的有效记录。,INTERNAL,是：任何实际记录必填,卫宁ZY_BCDMK；科室原模板OPEN_BEDS延伸,TYPED_RELATION_REFERENCE,BedResource.ward_id,P7-05,"[""P3-02"", ""P7-05""]",按精确dataset/type/namespace解析，验证owner/scope/full interval；未ready目标不能忽略或按名猜测。,PROPOSED_REQUIRES_TASK_VALIDATION,/ORG24/fields/3
ORG24,location_id,所在房间ID,id,C,ORG12.location_id,所在房间ID；引用ORG12.location_id的稳定标识；跨表关联须使用相同业务时点下的有效记录。,INTERNAL,条件必填：实体床位投入使用时必填；非实体候床/虚拟资源须另行明确类型。,卫宁ZY_BCDMK；科室原模板OPEN_BEDS延伸,TYPED_RELATION_REFERENCE,BedResource.location_id,P7-05,"[""P3-06"", ""P7-05""]",按精确dataset/type/namespace解析，验证owner/scope/full interval；未ready目标不能忽略或按名猜测。,PROPOSED_REQUIRES_TASK_VALIDATION,/ORG24/fields/4
ORG24,bed_type,床位类型,text,R,,床位资源记录的床位类型；按本表一行粒度维护，由护理部确认，历史值不得直接覆盖。,INTERNAL,是：任何实际记录必填,卫宁ZY_BCDMK；科室原模板OPEN_BEDS延伸,OWNER_VERSIONED_FACT,BedResource.bed_type,P7-05,"[""P7-05""]",明确字段纳入owner的版本化内容/关系；不反向形成通用宽表或绕过审批。,PROPOSED_REQUIRES_TASK_VALIDATION,/ORG24/fields/5
ORG24,bed_status,床位开放状态,code,R,enum:bed_status,床位开放状态；取值见建议码表bed_status，采用前需院方确认；不可用显示名称替代代码。,INTERNAL,是：任何实际记录必填,卫宁ZY_BCDMK；科室原模板OPEN_BEDS延伸,VERSIONED_CODE_BINDING,BedResource.bed_status,P7-05,"[""P7-05""]",建议枚举需采纳版本；错误码/未批准码阻断；显示标签不当key。,PROPOSED_REQUIRES_TASK_VALIDATION,/ORG24/fields/6
ORG24,charge_item_id,床位收费项目ID,id,C,BIZ02.charge_item_id,床位收费项目ID；引用BIZ02.charge_item_id的稳定标识；跨表关联须使用相同业务时点下的有效记录。,INTERNAL,条件必填：该床位需按床位类别收费时必填，指向已批准收费项目，不直接填价格。,卫宁ZY_BCDMK；科室原模板OPEN_BEDS延伸,TYPED_RELATION_REFERENCE,BedResource.charge_item_id,P7-05,"[""P7-05""]",按精确dataset/type/namespace解析，验证owner/scope/full interval；未ready目标不能忽略或按名猜测。,PROPOSED_REQUIRES_TASK_VALIDATION,/ORG24/fields/7
ORG24,is_licensed_capacity,计入核定编制床标志,code,R,enum:yes_no,计入核定编制床标志；取值见建议码表yes_no，采用前需院方确认；不可用显示名称替代代码。,INTERNAL,是：任何实际记录必填,卫宁ZY_BCDMK；科室原模板OPEN_BEDS延伸,VERSIONED_CODE_BINDING,BedResource.is_licensed_capacity,P7-05,"[""P7-05""]",建议枚举需采纳版本；错误码/未批准码阻断；显示标签不当key。,PROPOSED_REQUIRES_TASK_VALIDATION,/ORG24/fields/8
ORG24,version_no,版本号,integer,R,,稳定ID内部递增；不是新对象ID,INTERNAL,是：任何实际记录必填,本次通用治理字段设计,SOURCE_VERSION_EVIDENCE,ImportSourceEvidence.sourceVersion,P7-05,"[""P7-05""]",源修订号仅保存来源，不覆盖DB目标versionNo,PROPOSED_REQUIRES_TASK_VALIDATION,/ORG24/fields/9
ORG24,valid_from,业务生效时间,datetime,R,,左闭右开区间起点；ISO 8601并含时区,INTERNAL,是：任何实际记录必填,本次通用治理字段设计,BUSINESS_TIME,businessValidFrom,P7-05,"[""P7-05""]",原始offset保留；仅按已发布contract显式+08:00→local；DB主时间无offset,PROPOSED_REQUIRES_TASK_VALIDATION,/ORG24/fields/10
ORG24,valid_to,业务失效时间,datetime,O,,空表示未设结束；不得早于生效时间,INTERNAL,可空：未知/不适用保持空；不以0或未知码冒充,本次通用治理字段设计,BUSINESS_TIME,businessValidTo,P7-05,"[""P7-05""]",null=无界，必须大于from，整区间检验，不用任意大日期,PROPOSED_REQUIRES_TASK_VALIDATION,/ORG24/fields/11
ORG24,record_status,记录状态,code,R,enum:record_status,草稿与正式有效记录分离,INTERNAL,是：任何实际记录必填,本次通用治理字段设计,LIFECYCLE_INTENT,ImportIntent.sourceRecordStatus,P7-05,"[""P7-05""]",源草稿/正式等映射显式owner命令；不得直接改变审批/业务状态,PROPOSED_REQUIRES_TASK_VALIDATION,/ORG24/fields/12
ORG24,source_system_id,权威来源系统ID,id,R,GOV01.system_id,来源为人工整理时登记来源系统MDM_MANUAL,INTERNAL,是：任何实际记录必填,本次通用治理字段设计,SOURCE_NAMESPACE,SourceSystemReference,P7-05,"[""P7-05""]",精确GOV01源系统注册；MANUAL也要登记，非账号system身份默认映射,PROPOSED_REQUIRES_TASK_VALIDATION,/ORG24/fields/13
ORG24,source_record_id,来源记录定位,text,R,,原表主键或文件加工作表加行号；不得填个人证件原文,INTERNAL,是：任何实际记录必填,本次通用治理字段设计,SOURCE_RECORD_EVIDENCE,ImportSourceEvidence.recordLocator,P7-05,"[""P7-05""]",仅定位，不作为Person标识；日志/审计不写原敏感值,PROPOSED_REQUIRES_TASK_VALIDATION,/ORG24/fields/14
ORG24,approval_ref,审批证据号,text,C,,发布时必填；引用受控签审记录不粘贴敏感附件,INTERNAL,条件必填：发布时必填；引用受控签审记录不粘贴敏感附件,本次通用治理字段设计,APPROVAL_EVIDENCE,SourceEvidence.approvalReference,P7-05,"[""P7-05""]",源审批证据不等于本平台已授权；需owner核验及本次审批digest,PROPOSED_REQUIRES_TASK_VALIDATION,/ORG24/fields/15
ORG24,recorded_at,系统记录时间,datetime,R,,实际录入或纠错时间；不得冒充业务生效时间,INTERNAL,是：任何实际记录必填,本次通用治理字段设计,SOURCE_RECORDED_TIME,ImportSourceEvidence.sourceRecordedAt,P7-05,"[""P7-05""]",保存来源记录时间；目标recordedFrom由DB实际生成，不能回填伪知识,PROPOSED_REQUIRES_TASK_VALIDATION,/ORG24/fields/16
ORG25,bed_snapshot_id,床位快照ID,id,R,,床位口径快照的永久稳定记录/对象标识；不可由名称、工号或院区拼接决定，不复用停用标识。,INTERNAL,是：任何实际记录必填,科室原模板OPEN_BEDS,SOURCE_CREATE_ALIAS,BedMetricSnapshot.sourceClientKey,P7-06,"[""P7-06""]",CREATE中为源alias；平台stableId由DB生成。UPDATE需单独已授权platformRef+expectedVersion，不能伪造新ID。,PROPOSED_REQUIRES_TASK_VALIDATION,/ORG25/fields/0
ORG25,target_type,统计对象类型,code,R,enum:target_type,统计对象类型；取值见建议码表target_type，采用前需院方确认；不可用显示名称替代代码。,INTERNAL,是：任何实际记录必填,科室原模板OPEN_BEDS,VERSIONED_CODE_BINDING,BedMetricSnapshot.target_type,P7-06,"[""P7-06""]",建议枚举需采纳版本；错误码/未批准码阻断；显示标签不当key。,PROPOSED_REQUIRES_TASK_VALIDATION,/ORG25/fields/1
ORG25,target_id,统计对象ID,id,R,poly:org_target,床位口径快照记录的统计对象ID；按本表一行粒度维护，由运营部确认，历史值不得直接覆盖。,INTERNAL,是：任何实际记录必填,科室原模板OPEN_BEDS,TYPED_RELATION_REFERENCE,BedMetricSnapshot.target_id,P7-06,"[""P7-06""]",按精确dataset/type/namespace解析，验证owner/scope/full interval；未ready目标不能忽略或按名猜测。,PROPOSED_REQUIRES_TASK_VALIDATION,/ORG25/fields/2
ORG25,as_of_date,统计日期,date,R,,床位口径快照记录的统计日期；按本表一行粒度维护，由运营部确认，历史值不得直接覆盖。,INTERNAL,是：任何实际记录必填,科室原模板OPEN_BEDS,SNAPSHOT_FACT,BedMetricSnapshot.as_of_date,P7-06,"[""P7-06""]",口径snapshot事实，来源时点与record时点分开；修正新revision。,PROPOSED_REQUIRES_TASK_VALIDATION,/ORG25/fields/3
ORG25,bed_count_type,床位口径,text,R,,编制床、开放床、实际可用床、占用床分别填,INTERNAL,是：任何实际记录必填,科室原模板OPEN_BEDS,SNAPSHOT_FACT,BedMetricSnapshot.bed_count_type,P7-06,"[""P7-06""]",口径snapshot事实，来源时点与record时点分开；修正新revision。,PROPOSED_REQUIRES_TASK_VALIDATION,/ORG25/fields/4
ORG25,bed_count,床位数,integer,R,,床位口径快照记录的床位数；按本表一行粒度维护，由运营部确认，历史值不得直接覆盖。,INTERNAL,是：任何实际记录必填,科室信息表-标准定义模板V1.01.xlsx#科室信息表!A16:OPEN_BEDS,SNAPSHOT_FACT,BedMetricSnapshot.bed_count,P7-06,"[""P7-06""]",口径snapshot事实，来源时点与record时点分开；修正新revision。,PROPOSED_REQUIRES_TASK_VALIDATION,/ORG25/fields/5
ORG25,calculation_rule,计算规则或依据,text,R,,床位口径快照记录的计算规则或依据；按本表一行粒度维护，由运营部确认，历史值不得直接覆盖。,INTERNAL,是：任何实际记录必填,科室原模板OPEN_BEDS,SNAPSHOT_FACT,BedMetricSnapshot.calculation_rule,P7-06,"[""P7-06""]",口径snapshot事实，来源时点与record时点分开；修正新revision。,PROPOSED_REQUIRES_TASK_VALIDATION,/ORG25/fields/6
ORG25,source_system_id,来源系统ID,id,R,GOV01.system_id,来源系统ID；引用GOV01.system_id的稳定标识；跨表关联须使用相同业务时点下的有效记录。,INTERNAL,是：任何实际记录必填,科室原模板OPEN_BEDS,SOURCE_NAMESPACE,SourceSystemReference,P7-06,"[""P7-06""]",精确GOV01源系统注册；MANUAL也要登记，非账号system身份默认映射,PROPOSED_REQUIRES_TASK_VALIDATION,/ORG25/fields/7
ORG25,recorded_at,记录时间,datetime,R,,床位口径快照记录的记录时间；按本表一行粒度维护，由运营部确认，历史值不得直接覆盖。,INTERNAL,是：任何实际记录必填,科室原模板OPEN_BEDS,SOURCE_RECORDED_TIME,ImportSourceEvidence.sourceRecordedAt,P7-06,"[""P7-06""]",保存来源记录时间；目标recordedFrom由DB实际生成，不能回填伪知识,PROPOSED_REQUIRES_TASK_VALIDATION,/ORG25/fields/8
ORG26,org_event_id,组织变更事件ID,id,R,,组织变更事件的永久稳定记录/对象标识；不可由名称、工号或院区拼接决定，不复用停用标识。,INTERNAL,是：任何实际记录必填,本次设计建议,SOURCE_CREATE_ALIAS,OrganizationEvolutionEvent.sourceClientKey,P2-05,"[""P2-05""]",CREATE中为源alias；平台stableId由DB生成。UPDATE需单独已授权platformRef+expectedVersion，不能伪造新ID。,PROPOSED_REQUIRES_TASK_VALIDATION,/ORG26/fields/0
ORG26,change_type,事件类型,code,R,enum:change_type,事件类型；取值见建议码表change_type，采用前需院方确认；不可用显示名称替代代码。,INTERNAL,是：任何实际记录必填,本次设计建议,VERSIONED_CODE_BINDING,OrganizationEvolutionEvent.change_type,P2-05,"[""P2-05""]",建议枚举需采纳版本；错误码/未批准码阻断；显示标签不当key。,PROPOSED_REQUIRES_TASK_VALIDATION,/ORG26/fields/1
ORG26,effective_at,业务生效时间,datetime,R,,组织变更事件记录的业务生效时间；按本表一行粒度维护，由组织人事部确认，历史值不得直接覆盖。,INTERNAL,是：任何实际记录必填,本次设计建议,EVENT_OR_SUCCESSION_FACT,OrganizationEvolutionEvent.effective_at,P2-05,"[""P2-05""]",变更/承继是明确事实，不等于立即执行全部受影响业务。,PROPOSED_REQUIRES_TASK_VALIDATION,/ORG26/fields/2
ORG26,decision_ref,批准文件号,text,R,,组织变更事件记录的批准文件号；按本表一行粒度维护，由组织人事部确认，历史值不得直接覆盖。,INTERNAL,是：任何实际记录必填,本次设计建议,EVENT_OR_SUCCESSION_FACT,OrganizationEvolutionEvent.decision_ref,P2-05,"[""P2-05""]",变更/承继是明确事实，不等于立即执行全部受影响业务。,PROPOSED_REQUIRES_TASK_VALIDATION,/ORG26/fields/3
ORG26,reason,变更原因,text,R,,组织变更事件记录的变更原因；按本表一行粒度维护，由组织人事部确认，历史值不得直接覆盖。,INTERNAL,是：任何实际记录必填,本次设计建议,EVENT_OR_SUCCESSION_FACT,OrganizationEvolutionEvent.reason,P2-05,"[""P2-05""]",变更/承继是明确事实，不等于立即执行全部受影响业务。,PROPOSED_REQUIRES_TASK_VALIDATION,/ORG26/fields/4
ORG26,historical_reporting_rule,历史报表保留或重述规则,text,R,,组织变更事件记录的历史报表保留或重述规则；按本表一行粒度维护，由组织人事部确认，历史值不得直接覆盖。,INTERNAL,是：任何实际记录必填,本次设计建议,EVENT_OR_SUCCESSION_FACT,OrganizationEvolutionEvent.historical_reporting_rule,P2-05,"[""P2-05""]",变更/承继是明确事实，不等于立即执行全部受影响业务。,PROPOSED_REQUIRES_TASK_VALIDATION,/ORG26/fields/5
ORG26,migration_plan_ref,关联迁移方案,text,C,,关联迁移方案；组织调整影响在途患者、账号、库存、财务或消费者映射时必填。,INTERNAL,条件必填：组织调整影响在途患者、账号、库存、财务或消费者映射时必填。,本次设计建议,EVENT_OR_SUCCESSION_FACT,OrganizationEvolutionEvent.migration_plan_ref,P2-05,"[""P2-05""]",变更/承继是明确事实，不等于立即执行全部受影响业务。,PROPOSED_REQUIRES_TASK_VALIDATION,/ORG26/fields/6
ORG26,recorded_at,记录时间,datetime,R,,组织变更事件记录的记录时间；按本表一行粒度维护，由组织人事部确认，历史值不得直接覆盖。,INTERNAL,是：任何实际记录必填,本次设计建议,SOURCE_RECORDED_TIME,ImportSourceEvidence.sourceRecordedAt,P2-05,"[""P2-05""]",保存来源记录时间；目标recordedFrom由DB实际生成，不能回填伪知识,PROPOSED_REQUIRES_TASK_VALIDATION,/ORG26/fields/7
ORG27,succession_id,承继关系ID,id,R,,组织变更承继明细的永久稳定记录/对象标识；不可由名称、工号或院区拼接决定，不复用停用标识。,INTERNAL,是：任何实际记录必填,本次设计建议,SOURCE_CREATE_ALIAS,OrganizationSuccessionRelation.sourceClientKey,P2-05,"[""P2-05""]",CREATE中为源alias；平台stableId由DB生成。UPDATE需单独已授权platformRef+expectedVersion，不能伪造新ID。,PROPOSED_REQUIRES_TASK_VALIDATION,/ORG27/fields/0
ORG27,org_event_id,组织变更事件ID,id,R,ORG26.org_event_id,组织变更事件ID；引用ORG26.org_event_id的稳定标识；跨表关联须使用相同业务时点下的有效记录。,INTERNAL,是：任何实际记录必填,本次设计建议,TYPED_RELATION_REFERENCE,OrganizationSuccessionRelation.org_event_id,P2-05,"[""P2-05""]",按精确dataset/type/namespace解析，验证owner/scope/full interval；未ready目标不能忽略或按名猜测。,PROPOSED_REQUIRES_TASK_VALIDATION,/ORG27/fields/1
ORG27,from_target_type,原对象类型,code,C,enum:target_type,原对象类型；取值见建议码表target_type，采用前需院方确认；不可用显示名称替代代码。,INTERNAL,条件必填：撤销、合并、拆分、更名/迁移等存在前身对象的事件必填；纯新设可空。,本次设计建议,VERSIONED_CODE_BINDING,OrganizationSuccessionRelation.from_target_type,P2-05,"[""P2-05""]",建议枚举需采纳版本；错误码/未批准码阻断；显示标签不当key。,PROPOSED_REQUIRES_TASK_VALIDATION,/ORG27/fields/2
ORG27,from_target_id,原对象ID,id,C,poly:org_target,原对象ID；撤销、合并、拆分、更名/迁移等存在前身对象的事件必填；纯新设可空。,INTERNAL,条件必填：撤销、合并、拆分、更名/迁移等存在前身对象的事件必填；纯新设可空。,本次设计建议,TYPED_RELATION_REFERENCE,OrganizationSuccessionRelation.from_target_id,P2-05,"[""P2-05""]",按精确dataset/type/namespace解析，验证owner/scope/full interval；未ready目标不能忽略或按名猜测。,PROPOSED_REQUIRES_TASK_VALIDATION,/ORG27/fields/3
ORG27,to_target_type,新对象类型,code,C,enum:target_type,新对象类型；取值见建议码表target_type，采用前需院方确认；不可用显示名称替代代码。,INTERNAL,条件必填：新设、合并、拆分、迁移等存在承继对象的事件必填；无承继撤销可空。,本次设计建议,VERSIONED_CODE_BINDING,OrganizationSuccessionRelation.to_target_type,P2-05,"[""P2-05""]",建议枚举需采纳版本；错误码/未批准码阻断；显示标签不当key。,PROPOSED_REQUIRES_TASK_VALIDATION,/ORG27/fields/4
ORG27,to_target_id,新对象ID,id,C,poly:org_target,新对象ID；新设、合并、拆分、迁移等存在承继对象的事件必填；无承继撤销可空。,INTERNAL,条件必填：新设、合并、拆分、迁移等存在承继对象的事件必填；无承继撤销可空。,本次设计建议,TYPED_RELATION_REFERENCE,OrganizationSuccessionRelation.to_target_id,P2-05,"[""P2-05""]",按精确dataset/type/namespace解析，验证owner/scope/full interval；未ready目标不能忽略或按名猜测。,PROPOSED_REQUIRES_TASK_VALIDATION,/ORG27/fields/5
ORG27,transfer_scope,承继范围,text,R,,人员、床位、业务或全部；不自动重写历史交易,INTERNAL,是：任何实际记录必填,本次设计建议,EVENT_OR_SUCCESSION_FACT,OrganizationSuccessionRelation.transfer_scope,P2-05,"[""P2-05""]",变更/承继是明确事实，不等于立即执行全部受影响业务。,PROPOSED_REQUIRES_TASK_VALIDATION,/ORG27/fields/6
ORG27,context_rule,业务迁移判定规则,text,C,,业务迁移判定规则；一对多承继或不同业务采取不同迁移去向时必填；不按比例盲目改写历史业务外键。,INTERNAL,条件必填：一对多承继或不同业务采取不同迁移去向时必填；不按比例盲目改写历史业务外键。,本次设计建议,EVENT_OR_SUCCESSION_FACT,OrganizationSuccessionRelation.context_rule,P2-05,"[""P2-05""]",变更/承继是明确事实，不等于立即执行全部受影响业务。,PROPOSED_REQUIRES_TASK_VALIDATION,/ORG27/fields/7
ORG27,recorded_at,记录时间,datetime,R,,组织变更承继明细记录的记录时间；按本表一行粒度维护，由组织人事部确认，历史值不得直接覆盖。,INTERNAL,是：任何实际记录必填,本次设计建议,SOURCE_RECORDED_TIME,ImportSourceEvidence.sourceRecordedAt,P2-05,"[""P2-05""]",保存来源记录时间；目标recordedFrom由DB实际生成，不能回填伪知识,PROPOSED_REQUIRES_TASK_VALIDATION,/ORG27/fields/8
PER01,person_id,人员稳定ID,id,R,,人员主体的永久稳定记录/对象标识；不可由名称、工号或院区拼接决定，不复用停用标识。,INTERNAL,是：任何实际记录必填,人员信息表-标准定义模板V1.01.xlsx#人员信息表!A2:STAFF_INDEX_NO,SOURCE_CREATE_ALIAS,Person.sourceClientKey,P4-01,"[""P4-01""]",CREATE中为源alias；平台stableId由DB生成。UPDATE需单独已授权platformRef+expectedVersion，不能伪造新ID。,PROPOSED_REQUIRES_TASK_VALIDATION,/PER01/fields/0
PER01,person_no,院级人员识别号,text,R,,人员主体记录的院级人员识别号；按本表一行粒度维护，由组织人事部确认，历史值不得直接覆盖。,INTERNAL,是：任何实际记录必填,原表第66行；人员原模板STAFF_INDEX_NO/STAFF_NAME；FHIR Practitioner,IDENTIFIER,PersonIdentifier.personNumber,P4-02,"[""P4-02""]",Person主体id不等于院级业务人员编号,PROPOSED_REQUIRES_TASK_VALIDATION,/PER01/fields/1
PER01,legal_name,法定或登记姓名,text,R,,人员主体记录的法定或登记姓名；按本表一行粒度维护，由组织人事部确认，历史值不得直接覆盖。,RESTRICTED,是：任何实际记录必填,人员信息表-标准定义模板V1.01.xlsx#人员信息表!A6:STAFF_NAME,PROTECTED_FACT,Person.legal_name,P4-01,"[""P4-01""]",按来源privacy加强目的权限和受限存储；不落通用日志/投影。,PROPOSED_REQUIRES_TASK_VALIDATION,/PER01/fields/2
PER01,display_name,业务展示姓名,text,O,,人员主体记录的业务展示姓名；按本表一行粒度维护，由组织人事部确认，历史值不得直接覆盖。,RESTRICTED,可空：未知/不适用保持空；不以0或未知码冒充,原表第66行；人员原模板STAFF_INDEX_NO/STAFF_NAME；FHIR Practitioner,PROTECTED_FACT,Person.display_name,P4-01,"[""P4-01""]",按来源privacy加强目的权限和受限存储；不落通用日志/投影。,PROPOSED_REQUIRES_TASK_VALIDATION,/PER01/fields/3
PER01,gender_code,性别代码,text,C,,必要业务使用时填；绑定所用标准版本,RESTRICTED,条件必填：相关实名核验、执业或必要业务要求使用性别时填；非必要消费视图不下发。,人员信息表-标准定义模板V1.01.xlsx#人员信息表!A10:GENDER,DEMOGRAPHIC_VERSION,PersonDemographicVersion.gender,P4-01,"[""P4-01""]",原字段需Owner明确gender/生理性别用途，不凭证件推导,PROPOSED_REQUIRES_TASK_VALIDATION,/PER01/fields/4
PER01,birth_date,出生日期,date,O,,不得对无身份证人员强行推算；存储目的需明确,RESTRICTED,可空：未知/不适用保持空；不以0或未知码冒充,人员信息表-标准定义模板V1.01.xlsx#人员信息表!A9:BIRTH_DATE,PROTECTED_FACT,Person.birth_date,P4-01,"[""P4-01""]",按来源privacy加强目的权限和受限存储；不落通用日志/投影。,PROPOSED_REQUIRES_TASK_VALIDATION,/PER01/fields/5
PER01,nationality_code,国籍或地区代码,text,O,,使用合法适用版本；不从姓名推断,RESTRICTED,可空：未知/不适用保持空；不以0或未知码冒充,原表第66行；人员原模板STAFF_INDEX_NO/STAFF_NAME；FHIR Practitioner,PROTECTED_FACT,Person.nationality_code,P4-01,"[""P4-01""]",按来源privacy加强目的权限和受限存储；不落通用日志/投影。,PROPOSED_REQUIRES_TASK_VALIDATION,/PER01/fields/6
PER01,identity_verification_status,身份核验状态,code,R,enum:verification_status,身份核验状态；取值见建议码表verification_status，采用前需院方确认；不可用显示名称替代代码。,INTERNAL,是：任何实际记录必填,原表第66行；人员原模板STAFF_INDEX_NO/STAFF_NAME；FHIR Practitioner,VERSIONED_CODE_BINDING,Person.identity_verification_status,P4-01,"[""P4-01""]",建议枚举需采纳版本；错误码/未批准码阻断；显示标签不当key。,PROPOSED_REQUIRES_TASK_VALIDATION,/PER01/fields/7
PER01,identity_evidence_ref,核验凭据引用,text,C,,不在共享主表放身份证扫描件,HIGH_RESTRICTED,条件必填：身份核验状态为已核验时必填；共享表只保留安全引用。,原表第66行；人员原模板STAFF_INDEX_NO/STAFF_NAME；FHIR Practitioner,PROTECTED_FACT,Person.identity_evidence_ref,P4-01,"[""P4-01""]",按来源privacy加强目的权限和受限存储；不落通用日志/投影。,PROPOSED_REQUIRES_TASK_VALIDATION,/PER01/fields/8
PER01,person_status,人员主体状态,text,R,,有效、身份待核实、合并重定向等；不等同在岗或账号状态,INTERNAL,是：任何实际记录必填,原表第66行；人员原模板STAFF_INDEX_NO/STAFF_NAME；FHIR Practitioner,IDENTITY_STATE,PersonIdentityState,P4-01,"[""P4-01""]",仅自然人身份治理；就业/停岗/账号状态各自独立,PROPOSED_REQUIRES_TASK_VALIDATION,/PER01/fields/9
PER01,version_no,版本号,integer,R,,稳定ID内部递增；不是新对象ID,INTERNAL,是：任何实际记录必填,本次通用治理字段设计,SOURCE_VERSION_EVIDENCE,ImportSourceEvidence.sourceVersion,P4-01,"[""P4-01""]",源修订号仅保存来源，不覆盖DB目标versionNo,PROPOSED_REQUIRES_TASK_VALIDATION,/PER01/fields/10
PER01,valid_from,业务生效时间,datetime,R,,左闭右开区间起点；ISO 8601并含时区,INTERNAL,是：任何实际记录必填,本次通用治理字段设计,BUSINESS_TIME,businessValidFrom,P4-01,"[""P4-01""]",原始offset保留；仅按已发布contract显式+08:00→local；DB主时间无offset,PROPOSED_REQUIRES_TASK_VALIDATION,/PER01/fields/11
PER01,valid_to,业务失效时间,datetime,O,,空表示未设结束；不得早于生效时间,INTERNAL,可空：未知/不适用保持空；不以0或未知码冒充,本次通用治理字段设计,BUSINESS_TIME,businessValidTo,P4-01,"[""P4-01""]",null=无界，必须大于from，整区间检验，不用任意大日期,PROPOSED_REQUIRES_TASK_VALIDATION,/PER01/fields/12
PER01,record_status,记录状态,code,R,enum:record_status,草稿与正式有效记录分离,INTERNAL,是：任何实际记录必填,本次通用治理字段设计,LIFECYCLE_INTENT,ImportIntent.sourceRecordStatus,P4-01,"[""P4-01""]",源草稿/正式等映射显式owner命令；不得直接改变审批/业务状态,PROPOSED_REQUIRES_TASK_VALIDATION,/PER01/fields/13
PER01,source_system_id,权威来源系统ID,id,R,GOV01.system_id,来源为人工整理时登记来源系统MDM_MANUAL,INTERNAL,是：任何实际记录必填,本次通用治理字段设计,SOURCE_NAMESPACE,SourceSystemReference,P4-01,"[""P4-01""]",精确GOV01源系统注册；MANUAL也要登记，非账号system身份默认映射,PROPOSED_REQUIRES_TASK_VALIDATION,/PER01/fields/14
PER01,source_record_id,来源记录定位,text,R,,原表主键或文件加工作表加行号；不得填个人证件原文,INTERNAL,是：任何实际记录必填,本次通用治理字段设计,SOURCE_RECORD_EVIDENCE,ImportSourceEvidence.recordLocator,P4-01,"[""P4-01""]",仅定位，不作为Person标识；日志/审计不写原敏感值,PROPOSED_REQUIRES_TASK_VALIDATION,/PER01/fields/15
PER01,approval_ref,审批证据号,text,C,,发布时必填；引用受控签审记录不粘贴敏感附件,INTERNAL,条件必填：发布时必填；引用受控签审记录不粘贴敏感附件,本次通用治理字段设计,APPROVAL_EVIDENCE,SourceEvidence.approvalReference,P4-01,"[""P4-01""]",源审批证据不等于本平台已授权；需owner核验及本次审批digest,PROPOSED_REQUIRES_TASK_VALIDATION,/PER01/fields/16
PER01,recorded_at,系统记录时间,datetime,R,,实际录入或纠错时间；不得冒充业务生效时间,INTERNAL,是：任何实际记录必填,本次通用治理字段设计,SOURCE_RECORDED_TIME,ImportSourceEvidence.sourceRecordedAt,P4-01,"[""P4-01""]",保存来源记录时间；目标recordedFrom由DB实际生成，不能回填伪知识,PROPOSED_REQUIRES_TASK_VALIDATION,/PER01/fields/17
PER02,person_identifier_id,人员证件记录ID,id,R,,人员证件标识的永久稳定记录/对象标识；不可由名称、工号或院区拼接决定，不复用停用标识。,INTERNAL,是：任何实际记录必填,人员原模板CERT_TYPE/ID_CARD_NO；东华SSUSRFreeText1,SOURCE_CREATE_ALIAS,PersonIdentifier.sourceClientKey,P4-02,"[""P4-02""]",CREATE中为源alias；平台stableId由DB生成。UPDATE需单独已授权platformRef+expectedVersion，不能伪造新ID。,PROPOSED_REQUIRES_TASK_VALIDATION,/PER02/fields/0
PER02,person_id,人员ID,id,R,PER01.person_id,人员ID；引用PER01.person_id的稳定标识；跨表关联须使用相同业务时点下的有效记录。,INTERNAL,是：任何实际记录必填,人员原模板CERT_TYPE/ID_CARD_NO；东华SSUSRFreeText1,TYPED_RELATION_REFERENCE,PersonIdentifier.person_id,P4-02,"[""P4-01"", ""P4-02""]",按精确dataset/type/namespace解析，验证owner/scope/full interval；未ready目标不能忽略或按名猜测。,PROPOSED_REQUIRES_TASK_VALIDATION,/PER02/fields/1
PER02,identifier_type,证件类型代码,text,R,,绑定证件类型代码集；非身份证也可建档,INTERNAL,是：任何实际记录必填,人员信息表-标准定义模板V1.01.xlsx#人员信息表!A7:CERT_TYPE,OWNER_VERSIONED_FACT,PersonIdentifier.identifier_type,P4-02,"[""P4-02""]",明确字段纳入owner的版本化内容/关系；不反向形成通用宽表或绕过审批。,PROPOSED_REQUIRES_TASK_VALIDATION,/PER02/fields/2
PER02,identifier_system,证件发行命名空间,text,R,,人员证件标识记录的证件发行命名空间；按本表一行粒度维护，由组织人事部确认，历史值不得直接覆盖。,INTERNAL,是：任何实际记录必填,人员原模板CERT_TYPE/ID_CARD_NO；东华SSUSRFreeText1,OWNER_VERSIONED_FACT,PersonIdentifier.identifier_system,P4-02,"[""P4-02""]",明确字段纳入owner的版本化内容/关系；不反向形成通用宽表或绕过审批。,PROPOSED_REQUIRES_TASK_VALIDATION,/PER02/fields/3
PER02,identifier_token,安全库标识令牌,text,R,,令牌定位加密保管值；共享层不放证件明文,HIGH_RESTRICTED,是：任何实际记录必填,人员信息表-标准定义模板V1.01.xlsx#人员信息表!A8:ID_CARD_NO,PROTECTED_REFERENCE,PersonIdentifier.valueToken,P4-02,"[""P4-02""]",受信token issuer/命名空间可验证；任意上传token不自动可信,PROPOSED_REQUIRES_TASK_VALIDATION,/PER02/fields/4
PER02,masked_value,脱敏展示值,text,O,,人员证件标识记录的脱敏展示值；按本表一行粒度维护，由组织人事部确认，历史值不得直接覆盖。,RESTRICTED,可空：未知/不适用保持空；不以0或未知码冒充,人员原模板CERT_TYPE/ID_CARD_NO；东华SSUSRFreeText1,DISPLAY_ONLY,IdentifierMaskedPresentation,P4-02,"[""P4-02""]",只能脱敏显示与一致性核对，不能用于匹配/唯一性判断,PROPOSED_REQUIRES_TASK_VALIDATION,/PER02/fields/5
PER02,issuer_country,签发国家地区,text,O,,人员证件标识记录的签发国家地区；按本表一行粒度维护，由组织人事部确认，历史值不得直接覆盖。,INTERNAL,可空：未知/不适用保持空；不以0或未知码冒充,人员原模板CERT_TYPE/ID_CARD_NO；东华SSUSRFreeText1,OWNER_VERSIONED_FACT,PersonIdentifier.issuer_country,P4-02,"[""P4-02""]",明确字段纳入owner的版本化内容/关系；不反向形成通用宽表或绕过审批。,PROPOSED_REQUIRES_TASK_VALIDATION,/PER02/fields/6
PER02,document_valid_from,证件有效起始日,date,O,,人员证件标识记录的证件有效起始日；按本表一行粒度维护，由组织人事部确认，历史值不得直接覆盖。,INTERNAL,可空：未知/不适用保持空；不以0或未知码冒充,人员原模板CERT_TYPE/ID_CARD_NO；东华SSUSRFreeText1,OWNER_VERSIONED_FACT,PersonIdentifier.document_valid_from,P4-02,"[""P4-02""]",明确字段纳入owner的版本化内容/关系；不反向形成通用宽表或绕过审批。,PROPOSED_REQUIRES_TASK_VALIDATION,/PER02/fields/7
PER02,document_valid_to,证件有效截止日,date,O,,人员证件标识记录的证件有效截止日；按本表一行粒度维护，由组织人事部确认，历史值不得直接覆盖。,INTERNAL,可空：未知/不适用保持空；不以0或未知码冒充,人员原模板CERT_TYPE/ID_CARD_NO；东华SSUSRFreeText1,OWNER_VERSIONED_FACT,PersonIdentifier.document_valid_to,P4-02,"[""P4-02""]",明确字段纳入owner的版本化内容/关系；不反向形成通用宽表或绕过审批。,PROPOSED_REQUIRES_TASK_VALIDATION,/PER02/fields/8
PER02,verification_status,证件核验状态,code,R,enum:verification_status,证件核验状态；取值见建议码表verification_status，采用前需院方确认；不可用显示名称替代代码。,INTERNAL,是：任何实际记录必填,人员原模板CERT_TYPE/ID_CARD_NO；东华SSUSRFreeText1,VERSIONED_CODE_BINDING,PersonIdentifier.verification_status,P4-02,"[""P4-02""]",建议枚举需采纳版本；错误码/未批准码阻断；显示标签不当key。,PROPOSED_REQUIRES_TASK_VALIDATION,/PER02/fields/9
PER02,evidence_ref,核验依据引用,text,C,,共享表只保留受控引用,HIGH_RESTRICTED,条件必填：证件标识被确认为有效身份匹配依据时必填；不得用未经确认的号码建立同人关系。,人员原模板CERT_TYPE/ID_CARD_NO；东华SSUSRFreeText1,PROTECTED_FACT,PersonIdentifier.evidence_ref,P4-02,"[""P4-02""]",按来源privacy加强目的权限和受限存储；不落通用日志/投影。,PROPOSED_REQUIRES_TASK_VALIDATION,/PER02/fields/10
PER02,version_no,版本号,integer,R,,稳定ID内部递增；不是新对象ID,INTERNAL,是：任何实际记录必填,本次通用治理字段设计,SOURCE_VERSION_EVIDENCE,ImportSourceEvidence.sourceVersion,P4-02,"[""P4-02""]",源修订号仅保存来源，不覆盖DB目标versionNo,PROPOSED_REQUIRES_TASK_VALIDATION,/PER02/fields/11
PER02,valid_from,业务生效时间,datetime,R,,左闭右开区间起点；ISO 8601并含时区,INTERNAL,是：任何实际记录必填,本次通用治理字段设计,BUSINESS_TIME,businessValidFrom,P4-02,"[""P4-02""]",原始offset保留；仅按已发布contract显式+08:00→local；DB主时间无offset,PROPOSED_REQUIRES_TASK_VALIDATION,/PER02/fields/12
PER02,valid_to,业务失效时间,datetime,O,,空表示未设结束；不得早于生效时间,INTERNAL,可空：未知/不适用保持空；不以0或未知码冒充,本次通用治理字段设计,BUSINESS_TIME,businessValidTo,P4-02,"[""P4-02""]",null=无界，必须大于from，整区间检验，不用任意大日期,PROPOSED_REQUIRES_TASK_VALIDATION,/PER02/fields/13
PER02,record_status,记录状态,code,R,enum:record_status,草稿与正式有效记录分离,INTERNAL,是：任何实际记录必填,本次通用治理字段设计,LIFECYCLE_INTENT,ImportIntent.sourceRecordStatus,P4-02,"[""P4-02""]",源草稿/正式等映射显式owner命令；不得直接改变审批/业务状态,PROPOSED_REQUIRES_TASK_VALIDATION,/PER02/fields/14
PER02,source_system_id,权威来源系统ID,id,R,GOV01.system_id,来源为人工整理时登记来源系统MDM_MANUAL,INTERNAL,是：任何实际记录必填,本次通用治理字段设计,SOURCE_NAMESPACE,SourceSystemReference,P4-02,"[""P4-02""]",精确GOV01源系统注册；MANUAL也要登记，非账号system身份默认映射,PROPOSED_REQUIRES_TASK_VALIDATION,/PER02/fields/15
PER02,source_record_id,来源记录定位,text,R,,原表主键或文件加工作表加行号；不得填个人证件原文,INTERNAL,是：任何实际记录必填,本次通用治理字段设计,SOURCE_RECORD_EVIDENCE,ImportSourceEvidence.recordLocator,P4-02,"[""P4-02""]",仅定位，不作为Person标识；日志/审计不写原敏感值,PROPOSED_REQUIRES_TASK_VALIDATION,/PER02/fields/16
PER02,approval_ref,审批证据号,text,C,,发布时必填；引用受控签审记录不粘贴敏感附件,INTERNAL,条件必填：发布时必填；引用受控签审记录不粘贴敏感附件,本次通用治理字段设计,APPROVAL_EVIDENCE,SourceEvidence.approvalReference,P4-02,"[""P4-02""]",源审批证据不等于本平台已授权；需owner核验及本次审批digest,PROPOSED_REQUIRES_TASK_VALIDATION,/PER02/fields/17
PER02,recorded_at,系统记录时间,datetime,R,,实际录入或纠错时间；不得冒充业务生效时间,INTERNAL,是：任何实际记录必填,本次通用治理字段设计,SOURCE_RECORDED_TIME,ImportSourceEvidence.sourceRecordedAt,P4-02,"[""P4-02""]",保存来源记录时间；目标recordedFrom由DB实际生成，不能回填伪知识,PROPOSED_REQUIRES_TASK_VALIDATION,/PER02/fields/18
PER03,contact_id,联系方式ID,id,R,,人员联系方式的永久稳定记录/对象标识；不可由名称、工号或院区拼接决定，不复用停用标识。,INTERNAL,是：任何实际记录必填,人员原模板MOBILE_PHONE；东华办公电话/邮箱,SOURCE_CREATE_ALIAS,PersonContact.sourceClientKey,P7-07,"[""P7-07""]",CREATE中为源alias；平台stableId由DB生成。UPDATE需单独已授权platformRef+expectedVersion，不能伪造新ID。,PROPOSED_REQUIRES_TASK_VALIDATION,/PER03/fields/0
PER03,person_id,人员ID,id,R,PER01.person_id,人员ID；引用PER01.person_id的稳定标识；跨表关联须使用相同业务时点下的有效记录。,INTERNAL,是：任何实际记录必填,人员原模板MOBILE_PHONE；东华办公电话/邮箱,TYPED_RELATION_REFERENCE,PersonContact.person_id,P7-07,"[""P4-01"", ""P7-07""]",按精确dataset/type/namespace解析，验证owner/scope/full interval；未ready目标不能忽略或按名猜测。,PROPOSED_REQUIRES_TASK_VALIDATION,/PER03/fields/1
PER03,contact_type,联系方式类型,code,R,enum:contact_type,联系方式类型；取值见建议码表contact_type，采用前需院方确认；不可用显示名称替代代码。,INTERNAL,是：任何实际记录必填,人员原模板MOBILE_PHONE；东华办公电话/邮箱,VERSIONED_CODE_BINDING,PersonContact.contact_type,P7-07,"[""P7-07""]",建议枚举需采纳版本；错误码/未批准码阻断；显示标签不当key。,PROPOSED_REQUIRES_TASK_VALIDATION,/PER03/fields/2
PER03,contact_value,联系方式内容,text,R,,人员联系方式记录的联系方式内容；按本表一行粒度维护，由组织人事部确认，历史值不得直接覆盖。,RESTRICTED,是：任何实际记录必填,人员信息表-标准定义模板V1.01.xlsx#人员信息表!A11:MOBILE_PHONE,PROTECTED_FACT,PersonContact.contact_value,P7-07,"[""P7-07""]",按来源privacy加强目的权限和受限存储；不落通用日志/投影。,PROPOSED_REQUIRES_TASK_VALIDATION,/PER03/fields/3
PER03,use_purpose,用途,text,R,,工作联络、认证验证或对外服务；不得默认任意复用,INTERNAL,是：任何实际记录必填,人员原模板MOBILE_PHONE；东华办公电话/邮箱,OWNER_VERSIONED_FACT,PersonContact.use_purpose,P7-07,"[""P7-07""]",明确字段纳入owner的版本化内容/关系；不反向形成通用宽表或绕过审批。,PROPOSED_REQUIRES_TASK_VALIDATION,/PER03/fields/4
PER03,is_public,允许对外展示,code,R,enum:yes_no,允许对外展示；取值见建议码表yes_no，采用前需院方确认；不可用显示名称替代代码。,INTERNAL,是：任何实际记录必填,人员原模板MOBILE_PHONE；东华办公电话/邮箱,VERSIONED_CODE_BINDING,PersonContact.is_public,P7-07,"[""P7-07""]",建议枚举需采纳版本；错误码/未批准码阻断；显示标签不当key。,PROPOSED_REQUIRES_TASK_VALIDATION,/PER03/fields/5
PER03,is_verified,已验证标志,code,R,enum:yes_no,已验证标志；取值见建议码表yes_no，采用前需院方确认；不可用显示名称替代代码。,INTERNAL,是：任何实际记录必填,人员原模板MOBILE_PHONE；东华办公电话/邮箱,VERSIONED_CODE_BINDING,PersonContact.is_verified,P7-07,"[""P7-07""]",建议枚举需采纳版本；错误码/未批准码阻断；显示标签不当key。,PROPOSED_REQUIRES_TASK_VALIDATION,/PER03/fields/6
PER03,preferred,首选联系方式,code,R,enum:yes_no,首选联系方式；取值见建议码表yes_no，采用前需院方确认；不可用显示名称替代代码。,INTERNAL,是：任何实际记录必填,人员原模板MOBILE_PHONE；东华办公电话/邮箱,VERSIONED_CODE_BINDING,PersonContact.preferred,P7-07,"[""P7-07""]",建议枚举需采纳版本；错误码/未批准码阻断；显示标签不当key。,PROPOSED_REQUIRES_TASK_VALIDATION,/PER03/fields/7
PER03,version_no,版本号,integer,R,,稳定ID内部递增；不是新对象ID,INTERNAL,是：任何实际记录必填,本次通用治理字段设计,SOURCE_VERSION_EVIDENCE,ImportSourceEvidence.sourceVersion,P7-07,"[""P7-07""]",源修订号仅保存来源，不覆盖DB目标versionNo,PROPOSED_REQUIRES_TASK_VALIDATION,/PER03/fields/8
PER03,valid_from,业务生效时间,datetime,R,,左闭右开区间起点；ISO 8601并含时区,INTERNAL,是：任何实际记录必填,本次通用治理字段设计,BUSINESS_TIME,businessValidFrom,P7-07,"[""P7-07""]",原始offset保留；仅按已发布contract显式+08:00→local；DB主时间无offset,PROPOSED_REQUIRES_TASK_VALIDATION,/PER03/fields/9
PER03,valid_to,业务失效时间,datetime,O,,空表示未设结束；不得早于生效时间,INTERNAL,可空：未知/不适用保持空；不以0或未知码冒充,本次通用治理字段设计,BUSINESS_TIME,businessValidTo,P7-07,"[""P7-07""]",null=无界，必须大于from，整区间检验，不用任意大日期,PROPOSED_REQUIRES_TASK_VALIDATION,/PER03/fields/10
PER03,record_status,记录状态,code,R,enum:record_status,草稿与正式有效记录分离,INTERNAL,是：任何实际记录必填,本次通用治理字段设计,LIFECYCLE_INTENT,ImportIntent.sourceRecordStatus,P7-07,"[""P7-07""]",源草稿/正式等映射显式owner命令；不得直接改变审批/业务状态,PROPOSED_REQUIRES_TASK_VALIDATION,/PER03/fields/11
PER03,source_system_id,权威来源系统ID,id,R,GOV01.system_id,来源为人工整理时登记来源系统MDM_MANUAL,INTERNAL,是：任何实际记录必填,本次通用治理字段设计,SOURCE_NAMESPACE,SourceSystemReference,P7-07,"[""P7-07""]",精确GOV01源系统注册；MANUAL也要登记，非账号system身份默认映射,PROPOSED_REQUIRES_TASK_VALIDATION,/PER03/fields/12
PER03,source_record_id,来源记录定位,text,R,,原表主键或文件加工作表加行号；不得填个人证件原文,INTERNAL,是：任何实际记录必填,本次通用治理字段设计,SOURCE_RECORD_EVIDENCE,ImportSourceEvidence.recordLocator,P7-07,"[""P7-07""]",仅定位，不作为Person标识；日志/审计不写原敏感值,PROPOSED_REQUIRES_TASK_VALIDATION,/PER03/fields/13
PER03,approval_ref,审批证据号,text,C,,发布时必填；引用受控签审记录不粘贴敏感附件,INTERNAL,条件必填：发布时必填；引用受控签审记录不粘贴敏感附件,本次通用治理字段设计,APPROVAL_EVIDENCE,SourceEvidence.approvalReference,P7-07,"[""P7-07""]",源审批证据不等于本平台已授权；需owner核验及本次审批digest,PROPOSED_REQUIRES_TASK_VALIDATION,/PER03/fields/14
PER03,recorded_at,系统记录时间,datetime,R,,实际录入或纠错时间；不得冒充业务生效时间,INTERNAL,是：任何实际记录必填,本次通用治理字段设计,SOURCE_RECORDED_TIME,ImportSourceEvidence.sourceRecordedAt,P7-07,"[""P7-07""]",保存来源记录时间；目标recordedFrom由DB实际生成，不能回填伪知识,PROPOSED_REQUIRES_TASK_VALIDATION,/PER03/fields/15
PER04,employment_id,聘用关系ID,id,R,,聘用合同关系的永久稳定记录/对象标识；不可由名称、工号或院区拼接决定，不复用停用标识。,INTERNAL,是：任何实际记录必填,人员原模板STAFF_CODE/IN_HIRE_DATE/PERSON_CONTRACT_TYPE,SOURCE_CREATE_ALIAS,Engagement.sourceClientKey,P4-03,"[""P4-03""]",CREATE中为源alias；平台stableId由DB生成。UPDATE需单独已授权platformRef+expectedVersion，不能伪造新ID。,PROPOSED_REQUIRES_TASK_VALIDATION,/PER04/fields/0
PER04,person_id,人员ID,id,R,PER01.person_id,人员ID；引用PER01.person_id的稳定标识；跨表关联须使用相同业务时点下的有效记录。,INTERNAL,是：任何实际记录必填,人员原模板STAFF_CODE/IN_HIRE_DATE/PERSON_CONTRACT_TYPE,TYPED_RELATION_REFERENCE,Engagement.person_id,P4-03,"[""P4-01"", ""P4-03""]",按精确dataset/type/namespace解析，验证owner/scope/full interval；未ready目标不能忽略或按名猜测。,PROPOSED_REQUIRES_TASK_VALIDATION,/PER04/fields/1
PER04,legal_entity_id,聘用或接收主体ID,id,R,ORG01.legal_entity_id,聘用或接收主体ID；引用ORG01.legal_entity_id的稳定标识；跨表关联须使用相同业务时点下的有效记录。,INTERNAL,是：任何实际记录必填,人员原模板STAFF_CODE/IN_HIRE_DATE/PERSON_CONTRACT_TYPE,TYPED_RELATION_REFERENCE,Engagement.legal_entity_id,P4-03,"[""P1-01"", ""P4-03""]",按精确dataset/type/namespace解析，验证owner/scope/full interval；未ready目标不能忽略或按名猜测。,PROPOSED_REQUIRES_TASK_VALIDATION,/PER04/fields/2
PER04,employee_no,该聘用主体内工号,text,R,,聘用合同关系记录的该聘用主体内工号；按本表一行粒度维护，由组织人事部确认，历史值不得直接覆盖。,INTERNAL,是：任何实际记录必填,人员信息表-标准定义模板V1.01.xlsx#人员信息表!A5:STAFF_CODE,IDENTIFIER_OR_SOURCE_REVIEW,EmploymentIdentifierOrSourceKey,P4-03,"[""P4-03""]",按发行主体和真实是否重用确定归属，不默认person永久编号,PROPOSED_REQUIRES_TASK_VALIDATION,/PER04/fields/3
PER04,employment_type,人员合同或用工类型,code,R,enum:employment_type,人员合同或用工类型；取值见建议码表employment_type，采用前需院方确认；不可用显示名称替代代码。,INTERNAL,是：任何实际记录必填,人员信息表-标准定义模板V1.01.xlsx#人员信息表!A28:PERSON_CONTRACT_TYPE,VERSIONED_CODE_BINDING,Engagement.employment_type,P4-03,"[""P4-03""]",建议枚举需采纳版本；错误码/未批准码阻断；显示标签不当key。,PROPOSED_REQUIRES_TASK_VALIDATION,/PER04/fields/4
PER04,employment_status,聘用状态,code,R,enum:employment_status,聘用状态；取值见建议码表employment_status，采用前需院方确认；不可用显示名称替代代码。,INTERNAL,是：任何实际记录必填,人员原模板STAFF_CODE/IN_HIRE_DATE/PERSON_CONTRACT_TYPE,ENGAGEMENT_LIFECYCLE,EngagementBusinessState,P4-03,"[""P4-03""]",显式create/suspend/resume/end，禁止直接Person.employmentStatus,PROPOSED_REQUIRES_TASK_VALIDATION,/PER04/fields/5
PER04,join_date,来院工作日期,date,C,,来院工作日期；来院时间被用于本轮在岗判定或任职有效期核验时必填；历史缺失单独标记。,INTERNAL,条件必填：来院时间被用于本轮在岗判定或任职有效期核验时必填；历史缺失单独标记。,人员信息表-标准定义模板V1.01.xlsx#人员信息表!A21:IN_HIRE_DATE,OWNER_VERSIONED_FACT,Engagement.join_date,P4-03,"[""P4-03""]",明确字段纳入owner的版本化内容/关系；不反向形成通用宽表或绕过审批。,PROPOSED_REQUIRES_TASK_VALIDATION,/PER04/fields/6
PER04,contract_start,本次关系开始日期,date,R,,聘用合同关系记录的本次关系开始日期；按本表一行粒度维护，由组织人事部确认，历史值不得直接覆盖。,INTERNAL,是：任何实际记录必填,人员原模板STAFF_CODE/IN_HIRE_DATE/PERSON_CONTRACT_TYPE,OWNER_VERSIONED_FACT,Engagement.contract_start,P4-03,"[""P4-03""]",明确字段纳入owner的版本化内容/关系；不反向形成通用宽表或绕过审批。,PROPOSED_REQUIRES_TASK_VALIDATION,/PER04/fields/7
PER04,contract_end,合同或接收截止日期,date,O,,聘用合同关系记录的合同或接收截止日期；按本表一行粒度维护，由组织人事部确认，历史值不得直接覆盖。,INTERNAL,可空：未知/不适用保持空；不以0或未知码冒充,人员原模板STAFF_CODE/IN_HIRE_DATE/PERSON_CONTRACT_TYPE,OWNER_VERSIONED_FACT,Engagement.contract_end,P4-03,"[""P4-03""]",明确字段纳入owner的版本化内容/关系；不反向形成通用宽表或绕过审批。,PROPOSED_REQUIRES_TASK_VALIDATION,/PER04/fields/8
PER04,departure_date,实际离院日期,date,O,,聘用合同关系记录的实际离院日期；按本表一行粒度维护，由组织人事部确认，历史值不得直接覆盖。,INTERNAL,可空：未知/不适用保持空；不以0或未知码冒充,人员原模板STAFF_CODE/IN_HIRE_DATE/PERSON_CONTRACT_TYPE,OWNER_VERSIONED_FACT,Engagement.departure_date,P4-03,"[""P4-03""]",明确字段纳入owner的版本化内容/关系；不反向形成通用宽表或绕过审批。,PROPOSED_REQUIRES_TASK_VALIDATION,/PER04/fields/9
PER04,hr_source_ref,人事批准依据,text,R,,聘用合同关系记录的人事批准依据；按本表一行粒度维护，由组织人事部确认，历史值不得直接覆盖。,INTERNAL,是：任何实际记录必填,人员原模板STAFF_CODE/IN_HIRE_DATE/PERSON_CONTRACT_TYPE,OWNER_VERSIONED_FACT,Engagement.hr_source_ref,P4-03,"[""P4-03""]",明确字段纳入owner的版本化内容/关系；不反向形成通用宽表或绕过审批。,PROPOSED_REQUIRES_TASK_VALIDATION,/PER04/fields/10
PER04,version_no,版本号,integer,R,,稳定ID内部递增；不是新对象ID,INTERNAL,是：任何实际记录必填,本次通用治理字段设计,SOURCE_VERSION_EVIDENCE,ImportSourceEvidence.sourceVersion,P4-03,"[""P4-03""]",源修订号仅保存来源，不覆盖DB目标versionNo,PROPOSED_REQUIRES_TASK_VALIDATION,/PER04/fields/11
PER04,valid_from,业务生效时间,datetime,R,,左闭右开区间起点；ISO 8601并含时区,INTERNAL,是：任何实际记录必填,本次通用治理字段设计,BUSINESS_TIME,businessValidFrom,P4-03,"[""P4-03""]",原始offset保留；仅按已发布contract显式+08:00→local；DB主时间无offset,PROPOSED_REQUIRES_TASK_VALIDATION,/PER04/fields/12
PER04,valid_to,业务失效时间,datetime,O,,空表示未设结束；不得早于生效时间,INTERNAL,可空：未知/不适用保持空；不以0或未知码冒充,本次通用治理字段设计,BUSINESS_TIME,businessValidTo,P4-03,"[""P4-03""]",null=无界，必须大于from，整区间检验，不用任意大日期,PROPOSED_REQUIRES_TASK_VALIDATION,/PER04/fields/13
PER04,record_status,记录状态,code,R,enum:record_status,草稿与正式有效记录分离,INTERNAL,是：任何实际记录必填,本次通用治理字段设计,LIFECYCLE_INTENT,ImportIntent.sourceRecordStatus,P4-03,"[""P4-03""]",源草稿/正式等映射显式owner命令；不得直接改变审批/业务状态,PROPOSED_REQUIRES_TASK_VALIDATION,/PER04/fields/14
PER04,source_system_id,权威来源系统ID,id,R,GOV01.system_id,来源为人工整理时登记来源系统MDM_MANUAL,INTERNAL,是：任何实际记录必填,本次通用治理字段设计,SOURCE_NAMESPACE,SourceSystemReference,P4-03,"[""P4-03""]",精确GOV01源系统注册；MANUAL也要登记，非账号system身份默认映射,PROPOSED_REQUIRES_TASK_VALIDATION,/PER04/fields/15
PER04,source_record_id,来源记录定位,text,R,,原表主键或文件加工作表加行号；不得填个人证件原文,INTERNAL,是：任何实际记录必填,本次通用治理字段设计,SOURCE_RECORD_EVIDENCE,ImportSourceEvidence.recordLocator,P4-03,"[""P4-03""]",仅定位，不作为Person标识；日志/审计不写原敏感值,PROPOSED_REQUIRES_TASK_VALIDATION,/PER04/fields/16
PER04,approval_ref,审批证据号,text,C,,发布时必填；引用受控签审记录不粘贴敏感附件,INTERNAL,条件必填：发布时必填；引用受控签审记录不粘贴敏感附件,本次通用治理字段设计,APPROVAL_EVIDENCE,SourceEvidence.approvalReference,P4-03,"[""P4-03""]",源审批证据不等于本平台已授权；需owner核验及本次审批digest,PROPOSED_REQUIRES_TASK_VALIDATION,/PER04/fields/17
PER04,recorded_at,系统记录时间,datetime,R,,实际录入或纠错时间；不得冒充业务生效时间,INTERNAL,是：任何实际记录必填,本次通用治理字段设计,SOURCE_RECORDED_TIME,ImportSourceEvidence.sourceRecordedAt,P4-03,"[""P4-03""]",保存来源记录时间；目标recordedFrom由DB实际生成，不能回填伪知识,PROPOSED_REQUIRES_TASK_VALIDATION,/PER04/fields/18
PER05,position_id,岗位ID,id,R,,岗位目录的永久稳定记录/对象标识；不可由名称、工号或院区拼接决定，不复用停用标识。,INTERNAL,是：任何实际记录必填,人员原模板EMPLOYED_POST_LEVEL/EMPLOYED_POST_NAME；卫宁gzgw,SOURCE_CREATE_ALIAS,PositionDefinition.sourceClientKey,P5-01,"[""P5-01""]",CREATE中为源alias；平台stableId由DB生成。UPDATE需单独已授权platformRef+expectedVersion，不能伪造新ID。,PROPOSED_REQUIRES_TASK_VALIDATION,/PER05/fields/0
PER05,position_code,岗位代码,text,R,,岗位目录记录的岗位代码；按本表一行粒度维护，由组织人事部确认，历史值不得直接覆盖。,INTERNAL,是：任何实际记录必填,人员原模板EMPLOYED_POST_LEVEL/EMPLOYED_POST_NAME；卫宁gzgw,OWNER_VERSIONED_FACT,PositionDefinition.position_code,P5-01,"[""P5-01""]",明确字段纳入owner的版本化内容/关系；不反向形成通用宽表或绕过审批。,PROPOSED_REQUIRES_TASK_VALIDATION,/PER05/fields/1
PER05,position_name,岗位名称,text,R,,岗位目录记录的岗位名称；按本表一行粒度维护，由组织人事部确认，历史值不得直接覆盖。,INTERNAL,是：任何实际记录必填,人员信息表-标准定义模板V1.01.xlsx#人员信息表!A17:EMPLOYED_POST_NAME,OWNER_VERSIONED_FACT,PositionDefinition.position_name,P5-01,"[""P5-01""]",明确字段纳入owner的版本化内容/关系；不反向形成通用宽表或绕过审批。,PROPOSED_REQUIRES_TASK_VALIDATION,/PER05/fields/2
PER05,position_category,岗位类别,text,R,,专业技术、管理、工勤等院方批准分类,INTERNAL,是：任何实际记录必填,人员原模板EMPLOYED_POST_LEVEL/EMPLOYED_POST_NAME；卫宁gzgw,OWNER_VERSIONED_FACT,PositionDefinition.position_category,P5-01,"[""P5-01""]",明确字段纳入owner的版本化内容/关系；不反向形成通用宽表或绕过审批。,PROPOSED_REQUIRES_TASK_VALIDATION,/PER05/fields/3
PER05,position_level,岗位等级,text,C,,岗位等级；岗位采用分级管理/聘任等级时必填；非分级岗位可空。,INTERNAL,条件必填：岗位采用分级管理/聘任等级时必填；非分级岗位可空。,人员信息表-标准定义模板V1.01.xlsx#人员信息表!A16:EMPLOYED_POST_LEVEL,OWNER_VERSIONED_FACT,PositionDefinition.position_level,P5-01,"[""P5-01""]",明确字段纳入owner的版本化内容/关系；不反向形成通用宽表或绕过审批。,PROPOSED_REQUIRES_TASK_VALIDATION,/PER05/fields/4
PER05,profession_type,岗位专业类别,code,O,enum:profession_type,岗位专业类别；取值见建议码表profession_type，采用前需院方确认；不可用显示名称替代代码。,INTERNAL,可空：未知/不适用保持空；不以0或未知码冒充,人员原模板EMPLOYED_POST_LEVEL/EMPLOYED_POST_NAME；卫宁gzgw,VERSIONED_CODE_BINDING,PositionDefinition.profession_type,P5-01,"[""P5-01""]",建议枚举需采纳版本；错误码/未批准码阻断；显示标签不当key。,PROPOSED_REQUIRES_TASK_VALIDATION,/PER05/fields/5
PER05,clinical_admin_class,临床行政类别,text,C,,由人事与业务部门确认的岗位临床/行政分类，不推导系统权限,INTERNAL,条件必填：岗位参与临床/行政分类报表或厂商岗位映射时必填；分类不自动授予系统权限。,人员信息表-标准定义模板V1.01.xlsx#人员信息表!A23:CLIN_ADMIN_TYPE,OWNER_VERSIONED_FACT,PositionDefinition.clinical_admin_class,P5-01,"[""P5-01""]",明确字段纳入owner的版本化内容/关系；不反向形成通用宽表或绕过审批。,PROPOSED_REQUIRES_TASK_VALIDATION,/PER05/fields/6
PER05,qualification_requirement,任职资格要求,text,C,,任职资格要求；岗位设置了任职资质、职称或培训准入要求时必填。,INTERNAL,条件必填：岗位设置了任职资质、职称或培训准入要求时必填。,人员原模板EMPLOYED_POST_LEVEL/EMPLOYED_POST_NAME；卫宁gzgw,OWNER_VERSIONED_FACT,PositionDefinition.qualification_requirement,P5-01,"[""P5-01""]",明确字段纳入owner的版本化内容/关系；不反向形成通用宽表或绕过审批。,PROPOSED_REQUIRES_TASK_VALIDATION,/PER05/fields/7
PER05,is_clinical,临床岗位标志,code,R,enum:yes_no,临床岗位标志；取值见建议码表yes_no，采用前需院方确认；不可用显示名称替代代码。,INTERNAL,是：任何实际记录必填,人员原模板EMPLOYED_POST_LEVEL/EMPLOYED_POST_NAME；卫宁gzgw,VERSIONED_CODE_BINDING,PositionDefinition.is_clinical,P5-01,"[""P5-01""]",建议枚举需采纳版本；错误码/未批准码阻断；显示标签不当key。,PROPOSED_REQUIRES_TASK_VALIDATION,/PER05/fields/8
PER05,version_no,版本号,integer,R,,稳定ID内部递增；不是新对象ID,INTERNAL,是：任何实际记录必填,本次通用治理字段设计,SOURCE_VERSION_EVIDENCE,ImportSourceEvidence.sourceVersion,P5-01,"[""P5-01""]",源修订号仅保存来源，不覆盖DB目标versionNo,PROPOSED_REQUIRES_TASK_VALIDATION,/PER05/fields/9
PER05,valid_from,业务生效时间,datetime,R,,左闭右开区间起点；ISO 8601并含时区,INTERNAL,是：任何实际记录必填,本次通用治理字段设计,BUSINESS_TIME,businessValidFrom,P5-01,"[""P5-01""]",原始offset保留；仅按已发布contract显式+08:00→local；DB主时间无offset,PROPOSED_REQUIRES_TASK_VALIDATION,/PER05/fields/10
PER05,valid_to,业务失效时间,datetime,O,,空表示未设结束；不得早于生效时间,INTERNAL,可空：未知/不适用保持空；不以0或未知码冒充,本次通用治理字段设计,BUSINESS_TIME,businessValidTo,P5-01,"[""P5-01""]",null=无界，必须大于from，整区间检验，不用任意大日期,PROPOSED_REQUIRES_TASK_VALIDATION,/PER05/fields/11
PER05,record_status,记录状态,code,R,enum:record_status,草稿与正式有效记录分离,INTERNAL,是：任何实际记录必填,本次通用治理字段设计,LIFECYCLE_INTENT,ImportIntent.sourceRecordStatus,P5-01,"[""P5-01""]",源草稿/正式等映射显式owner命令；不得直接改变审批/业务状态,PROPOSED_REQUIRES_TASK_VALIDATION,/PER05/fields/12
PER05,source_system_id,权威来源系统ID,id,R,GOV01.system_id,来源为人工整理时登记来源系统MDM_MANUAL,INTERNAL,是：任何实际记录必填,本次通用治理字段设计,SOURCE_NAMESPACE,SourceSystemReference,P5-01,"[""P5-01""]",精确GOV01源系统注册；MANUAL也要登记，非账号system身份默认映射,PROPOSED_REQUIRES_TASK_VALIDATION,/PER05/fields/13
PER05,source_record_id,来源记录定位,text,R,,原表主键或文件加工作表加行号；不得填个人证件原文,INTERNAL,是：任何实际记录必填,本次通用治理字段设计,SOURCE_RECORD_EVIDENCE,ImportSourceEvidence.recordLocator,P5-01,"[""P5-01""]",仅定位，不作为Person标识；日志/审计不写原敏感值,PROPOSED_REQUIRES_TASK_VALIDATION,/PER05/fields/14
PER05,approval_ref,审批证据号,text,C,,发布时必填；引用受控签审记录不粘贴敏感附件,INTERNAL,条件必填：发布时必填；引用受控签审记录不粘贴敏感附件,本次通用治理字段设计,APPROVAL_EVIDENCE,SourceEvidence.approvalReference,P5-01,"[""P5-01""]",源审批证据不等于本平台已授权；需owner核验及本次审批digest,PROPOSED_REQUIRES_TASK_VALIDATION,/PER05/fields/15
PER05,recorded_at,系统记录时间,datetime,R,,实际录入或纠错时间；不得冒充业务生效时间,INTERNAL,是：任何实际记录必填,本次通用治理字段设计,SOURCE_RECORDED_TIME,ImportSourceEvidence.sourceRecordedAt,P5-01,"[""P5-01""]",保存来源记录时间；目标recordedFrom由DB实际生成，不能回填伪知识,PROPOSED_REQUIRES_TASK_VALIDATION,/PER05/fields/16
PER06,assignment_id,任职关系ID,id,R,,人员任职关系的永久稳定记录/对象标识；不可由名称、工号或院区拼接决定，不复用停用标识。,INTERNAL,是：任何实际记录必填,人员原模板DEPT_CODE/HOSP_AREA_CODE/聘用时间；东华行政科室,SOURCE_CREATE_ALIAS,Assignment.sourceClientKey,P4-04,"[""P4-04""]",CREATE中为源alias；平台stableId由DB生成。UPDATE需单独已授权platformRef+expectedVersion，不能伪造新ID。,PROPOSED_REQUIRES_TASK_VALIDATION,/PER06/fields/0
PER06,employment_id,聘用关系ID,id,R,PER04.employment_id,聘用关系ID；引用PER04.employment_id的稳定标识；跨表关联须使用相同业务时点下的有效记录。,INTERNAL,是：任何实际记录必填,人员原模板DEPT_CODE/HOSP_AREA_CODE/聘用时间；东华行政科室,TYPED_RELATION_REFERENCE,Assignment.employment_id,P4-04,"[""P4-03"", ""P4-04""]",按精确dataset/type/namespace解析，验证owner/scope/full interval；未ready目标不能忽略或按名猜测。,PROPOSED_REQUIRES_TASK_VALIDATION,/PER06/fields/1
PER06,org_id,任职逻辑科室ID,id,R,ORG04.org_id,任职逻辑科室ID；引用ORG04.org_id的稳定标识；跨表关联须使用相同业务时点下的有效记录。,INTERNAL,是：任何实际记录必填,人员信息表-标准定义模板V1.01.xlsx#人员信息表!A4:DEPT_CODE,TYPED_RELATION_REFERENCE,Assignment.org_id,P4-04,"[""P2-01"", ""P4-04""]",按精确dataset/type/namespace解析，验证owner/scope/full interval；未ready目标不能忽略或按名猜测。,PROPOSED_REQUIRES_TASK_VALIDATION,/PER06/fields/2
PER06,unit_id,业务单元ID,id,C,ORG07.unit_id,业务单元ID；引用ORG07.unit_id的稳定标识；跨表关联须使用相同业务时点下的有效记录。,INTERNAL,条件必填：承担具体临床、护理、医技或药学业务的任职必填；纯院级行政任职可空。,人员信息表-标准定义模板V1.01.xlsx#人员信息表!A4:DEPT_CODE,TYPED_RELATION_REFERENCE,Assignment.unit_id,P4-04,"[""P3-01"", ""P4-04""]",按精确dataset/type/namespace解析，验证owner/scope/full interval；未ready目标不能忽略或按名猜测。,PROPOSED_REQUIRES_TASK_VALIDATION,/PER06/fields/3
PER06,campus_id,工作院区ID,id,C,ORG02.campus_id,院级行政任职可不指定院区；临床任职必须明确,INTERNAL,条件必填：存在明确工作地点的院区任职必填；院级行政关系可空但不得解读为全院区授权。,人员信息表-标准定义模板V1.01.xlsx#人员信息表!A3:HOSP_AREA_CODE,TYPED_RELATION_REFERENCE,Assignment.campus_id,P4-04,"[""P1-02"", ""P4-04""]",按精确dataset/type/namespace解析，验证owner/scope/full interval；未ready目标不能忽略或按名猜测。,PROPOSED_REQUIRES_TASK_VALIDATION,/PER06/fields/4
PER06,position_id,岗位ID,id,R,PER05.position_id,岗位ID；引用PER05.position_id的稳定标识；跨表关联须使用相同业务时点下的有效记录。,INTERNAL,是：任何实际记录必填,人员原模板DEPT_CODE/HOSP_AREA_CODE/聘用时间；东华行政科室,POSITION_ROLE_RELATION,AssignmentPositionRole.positionRef,P5-02,"[""P5-01"", ""P5-02""]",FULL profile必需；P5未就绪时FULL不得应用；不塞回安置基础表,PROPOSED_REQUIRES_TASK_VALIDATION,/PER06/fields/5
PER06,assignment_type,任职关系类型,code,R,enum:assignment_type,任职关系类型；取值见建议码表assignment_type，采用前需院方确认；不可用显示名称替代代码。,INTERNAL,是：任何实际记录必填,人员原模板DEPT_CODE/HOSP_AREA_CODE/聘用时间；东华行政科室,PURPOSE_MODE_TRANSFORM,AssignmentSemantics.purposeAndMode,P4-04,"[""P4-04""]",必须与is_primary_hr联合用已批准转换决策，不能一列揉角色/模式,PROPOSED_REQUIRES_TASK_VALIDATION,/PER06/fields/6
PER06,is_primary_hr,人事主归属,code,R,enum:yes_no,人事主归属；取值见建议码表yes_no，采用前需院方确认；不可用显示名称替代代码。,INTERNAL,是：任何实际记录必填,人员原模板DEPT_CODE/HOSP_AREA_CODE/聘用时间；东华行政科室,SCOPED_PRIMARY,AssignmentSemantics.primaryMode,P4-04,"[""P4-04""]",按person/E/purpose/scope唯一；冲突声明不按Department分别分桶,PROPOSED_REQUIRES_TASK_VALIDATION,/PER06/fields/7
PER06,assignment_status,在岗业务状态,code,R,enum:assignment_status,工作、休假、结束等任职业务状态；与record_status发布状态分离,INTERNAL,是：任何实际记录必填,人员信息表-标准定义模板V1.01.xlsx#人员信息表!A22:POST_STATUS,ASSIGNMENT_BUSINESS_FACT,AssignmentWorkStateFact,P4-04,"[""P4-04""]",源工作/休假/结束与治理发布状态分开；不可用status暗中重新开放END,PROPOSED_REQUIRES_TASK_VALIDATION,/PER06/fields/8
PER06,workload_fraction,任职工作量比例,decimal,O,,不是通用权限权重；仅约定口径后使用,INTERNAL,可空：未知/不适用保持空；不以0或未知码冒充,人员原模板DEPT_CODE/HOSP_AREA_CODE/聘用时间；东华行政科室,WORKLOAD_DECLARATION,AssignmentWorkloadDeclaration,P4-04,"[""P4-04""]",Decimal只为已定义口径声明；不自动证明跨院区排班/FTE容量,PROPOSED_REQUIRES_TASK_VALIDATION,/PER06/fields/9
PER06,appointment_date,聘用岗位时间,date,C,,聘用岗位时间；岗位任命/聘任有正式起始日期时必填；不得复用工号或以录入日期替代。,INTERNAL,条件必填：岗位任命/聘任有正式起始日期时必填；不得复用工号或以录入日期替代。,人员信息表-标准定义模板V1.01.xlsx#人员信息表!A18:EMPLOYED_POST_NAME,POSITION_APPOINTMENT,AssignmentPositionRole.appointedOn,P5-02,"[""P5-02""]",正式岗位聘任日期，与任职实际期间和record时间分开,PROPOSED_REQUIRES_TASK_VALIDATION,/PER06/fields/10
PER06,appointment_ref,任职批准文号,text,R,,人员任职关系记录的任职批准文号；按本表一行粒度维护，由组织人事部确认，历史值不得直接覆盖。,INTERNAL,是：任何实际记录必填,人员原模板DEPT_CODE/HOSP_AREA_CODE/聘用时间；东华行政科室,APPOINTMENT_EVIDENCE,AssignmentAdmission.appointmentEvidence,P4-04,"[""P4-04""]",需要来源批准依据，本平台maker-checker不因填了文号而略过,PROPOSED_REQUIRES_TASK_VALIDATION,/PER06/fields/11
PER06,version_no,版本号,integer,R,,稳定ID内部递增；不是新对象ID,INTERNAL,是：任何实际记录必填,本次通用治理字段设计,SOURCE_VERSION_EVIDENCE,ImportSourceEvidence.sourceVersion,P4-04,"[""P4-04""]",源修订号仅保存来源，不覆盖DB目标versionNo,PROPOSED_REQUIRES_TASK_VALIDATION,/PER06/fields/12
PER06,valid_from,业务生效时间,datetime,R,,左闭右开区间起点；ISO 8601并含时区,INTERNAL,是：任何实际记录必填,本次通用治理字段设计,BUSINESS_TIME,businessValidFrom,P4-04,"[""P4-04""]",原始offset保留；仅按已发布contract显式+08:00→local；DB主时间无offset,PROPOSED_REQUIRES_TASK_VALIDATION,/PER06/fields/13
PER06,valid_to,业务失效时间,datetime,O,,空表示未设结束；不得早于生效时间,INTERNAL,可空：未知/不适用保持空；不以0或未知码冒充,本次通用治理字段设计,BUSINESS_TIME,businessValidTo,P4-04,"[""P4-04""]",null=无界，必须大于from，整区间检验，不用任意大日期,PROPOSED_REQUIRES_TASK_VALIDATION,/PER06/fields/14
PER06,record_status,记录状态,code,R,enum:record_status,草稿与正式有效记录分离,INTERNAL,是：任何实际记录必填,本次通用治理字段设计,LIFECYCLE_INTENT,ImportIntent.sourceRecordStatus,P4-04,"[""P4-04""]",源草稿/正式等映射显式owner命令；不得直接改变审批/业务状态,PROPOSED_REQUIRES_TASK_VALIDATION,/PER06/fields/15
PER06,source_system_id,权威来源系统ID,id,R,GOV01.system_id,来源为人工整理时登记来源系统MDM_MANUAL,INTERNAL,是：任何实际记录必填,本次通用治理字段设计,SOURCE_NAMESPACE,SourceSystemReference,P4-04,"[""P4-04""]",精确GOV01源系统注册；MANUAL也要登记，非账号system身份默认映射,PROPOSED_REQUIRES_TASK_VALIDATION,/PER06/fields/16
PER06,source_record_id,来源记录定位,text,R,,原表主键或文件加工作表加行号；不得填个人证件原文,INTERNAL,是：任何实际记录必填,本次通用治理字段设计,SOURCE_RECORD_EVIDENCE,ImportSourceEvidence.recordLocator,P4-04,"[""P4-04""]",仅定位，不作为Person标识；日志/审计不写原敏感值,PROPOSED_REQUIRES_TASK_VALIDATION,/PER06/fields/17
PER06,approval_ref,审批证据号,text,C,,发布时必填；引用受控签审记录不粘贴敏感附件,INTERNAL,条件必填：发布时必填；引用受控签审记录不粘贴敏感附件,本次通用治理字段设计,APPROVAL_EVIDENCE,SourceEvidence.approvalReference,P4-04,"[""P4-04""]",源审批证据不等于本平台已授权；需owner核验及本次审批digest,PROPOSED_REQUIRES_TASK_VALIDATION,/PER06/fields/18
PER06,recorded_at,系统记录时间,datetime,R,,实际录入或纠错时间；不得冒充业务生效时间,INTERNAL,是：任何实际记录必填,本次通用治理字段设计,SOURCE_RECORDED_TIME,ImportSourceEvidence.sourceRecordedAt,P4-04,"[""P4-04""]",保存来源记录时间；目标recordedFrom由DB实际生成，不能回填伪知识,PROPOSED_REQUIRES_TASK_VALIDATION,/PER06/fields/19
PER07,practitioner_id,专业身份ID,id,R,,卫生专业人员身份的永久稳定记录/对象标识；不可由名称、工号或院区拼接决定，不复用停用标识。,INTERNAL,是：任何实际记录必填,东华医护人员类型；WS/T363.15,SOURCE_CREATE_ALIAS,PractitionerIdentity.sourceClientKey,P5-04,"[""P5-04""]",CREATE中为源alias；平台stableId由DB生成。UPDATE需单独已授权platformRef+expectedVersion，不能伪造新ID。,PROPOSED_REQUIRES_TASK_VALIDATION,/PER07/fields/0
PER07,person_id,人员ID,id,R,PER01.person_id,人员ID；引用PER01.person_id的稳定标识；跨表关联须使用相同业务时点下的有效记录。,INTERNAL,是：任何实际记录必填,东华医护人员类型；WS/T363.15,TYPED_RELATION_REFERENCE,PractitionerIdentity.person_id,P5-04,"[""P4-01"", ""P5-04""]",按精确dataset/type/namespace解析，验证owner/scope/full interval；未ready目标不能忽略或按名猜测。,PROPOSED_REQUIRES_TASK_VALIDATION,/PER07/fields/1
PER07,profession_type,卫生专业类别,code,R,enum:profession_type,卫生专业类别；取值见建议码表profession_type，采用前需院方确认；不可用显示名称替代代码。,INTERNAL,是：任何实际记录必填,东华医护人员类型；WS/T363.15,VERSIONED_CODE_BINDING,PractitionerIdentity.profession_type,P5-04,"[""P5-04""]",建议枚举需采纳版本；错误码/未批准码阻断；显示标签不当key。,PROPOSED_REQUIRES_TASK_VALIDATION,/PER07/fields/2
PER07,specialty_code,专业方向代码,text,C,,专业方向代码；按已批准标准专业目录管理时必填；没有可用标准映射时不得编造代码。,INTERNAL,条件必填：按已批准标准专业目录管理时必填；没有可用标准映射时不得编造代码。,东华医护人员类型；WS/T363.15,SPECIALTY_RELATION,PractitionerSpecialtyRelation.code,P5-13,"[""P5-13""]",分类方案与专业注册scope分开，不将一列限制为医生唯一亚专业,PROPOSED_REQUIRES_TASK_VALIDATION,/PER07/fields/3
PER07,specialty_name,专业方向名称,text,C,,专业方向名称；本次启用专业身份时必填；应与已采用专业代码对应，未编码专业须审签。,INTERNAL,条件必填：本次启用专业身份时必填；应与已采用专业代码对应，未编码专业须审签。,东华医护人员类型；WS/T363.15,SPECIALTY_LABEL_EVIDENCE,PractitionerSpecialtyRelation.sourceLabel,P5-13,"[""P5-13""]",名称不是身份，未知方案先review,PROPOSED_REQUIRES_TASK_VALIDATION,/PER07/fields/4
PER07,professional_status,专业身份状态,code,R,enum:verification_status,专业身份状态；取值见建议码表verification_status，采用前需院方确认；不可用显示名称替代代码。,INTERNAL,是：任何实际记录必填,东华医护人员类型；WS/T363.15,VERSIONED_CODE_BINDING,PractitionerIdentity.professional_status,P5-04,"[""P5-04""]",建议枚举需采纳版本；错误码/未批准码阻断；显示标签不当key。,PROPOSED_REQUIRES_TASK_VALIDATION,/PER07/fields/5
PER07,credential_owner,资质主管部门,text,R,,医生医务部、护理护理部、药师药学部等,INTERNAL,是：任何实际记录必填,东华医护人员类型；WS/T363.15,OWNER_VERSIONED_FACT,PractitionerIdentity.credential_owner,P5-04,"[""P5-04""]",明确字段纳入owner的版本化内容/关系；不反向形成通用宽表或绕过审批。,PROPOSED_REQUIRES_TASK_VALIDATION,/PER07/fields/6
PER07,external_practitioner_no,外部医务人员标识,text,O,,卫生专业人员身份记录的外部医务人员标识；按本表一行粒度维护，由医务部确认，历史值不得直接覆盖。,RESTRICTED,可空：未知/不适用保持空；不以0或未知码冒充,东华医护人员类型；WS/T363.15,PROTECTED_FACT,PractitionerIdentity.external_practitioner_no,P5-04,"[""P5-04""]",按来源privacy加强目的权限和受限存储；不落通用日志/投影。,PROPOSED_REQUIRES_TASK_VALIDATION,/PER07/fields/7
PER07,version_no,版本号,integer,R,,稳定ID内部递增；不是新对象ID,INTERNAL,是：任何实际记录必填,本次通用治理字段设计,SOURCE_VERSION_EVIDENCE,ImportSourceEvidence.sourceVersion,P5-04,"[""P5-04""]",源修订号仅保存来源，不覆盖DB目标versionNo,PROPOSED_REQUIRES_TASK_VALIDATION,/PER07/fields/8
PER07,valid_from,业务生效时间,datetime,R,,左闭右开区间起点；ISO 8601并含时区,INTERNAL,是：任何实际记录必填,本次通用治理字段设计,BUSINESS_TIME,businessValidFrom,P5-04,"[""P5-04""]",原始offset保留；仅按已发布contract显式+08:00→local；DB主时间无offset,PROPOSED_REQUIRES_TASK_VALIDATION,/PER07/fields/9
PER07,valid_to,业务失效时间,datetime,O,,空表示未设结束；不得早于生效时间,INTERNAL,可空：未知/不适用保持空；不以0或未知码冒充,本次通用治理字段设计,BUSINESS_TIME,businessValidTo,P5-04,"[""P5-04""]",null=无界，必须大于from，整区间检验，不用任意大日期,PROPOSED_REQUIRES_TASK_VALIDATION,/PER07/fields/10
PER07,record_status,记录状态,code,R,enum:record_status,草稿与正式有效记录分离,INTERNAL,是：任何实际记录必填,本次通用治理字段设计,LIFECYCLE_INTENT,ImportIntent.sourceRecordStatus,P5-04,"[""P5-04""]",源草稿/正式等映射显式owner命令；不得直接改变审批/业务状态,PROPOSED_REQUIRES_TASK_VALIDATION,/PER07/fields/11
PER07,source_system_id,权威来源系统ID,id,R,GOV01.system_id,来源为人工整理时登记来源系统MDM_MANUAL,INTERNAL,是：任何实际记录必填,本次通用治理字段设计,SOURCE_NAMESPACE,SourceSystemReference,P5-04,"[""P5-04""]",精确GOV01源系统注册；MANUAL也要登记，非账号system身份默认映射,PROPOSED_REQUIRES_TASK_VALIDATION,/PER07/fields/12
PER07,source_record_id,来源记录定位,text,R,,原表主键或文件加工作表加行号；不得填个人证件原文,INTERNAL,是：任何实际记录必填,本次通用治理字段设计,SOURCE_RECORD_EVIDENCE,ImportSourceEvidence.recordLocator,P5-04,"[""P5-04""]",仅定位，不作为Person标识；日志/审计不写原敏感值,PROPOSED_REQUIRES_TASK_VALIDATION,/PER07/fields/13
PER07,approval_ref,审批证据号,text,C,,发布时必填；引用受控签审记录不粘贴敏感附件,INTERNAL,条件必填：发布时必填；引用受控签审记录不粘贴敏感附件,本次通用治理字段设计,APPROVAL_EVIDENCE,SourceEvidence.approvalReference,P5-04,"[""P5-04""]",源审批证据不等于本平台已授权；需owner核验及本次审批digest,PROPOSED_REQUIRES_TASK_VALIDATION,/PER07/fields/14
PER07,recorded_at,系统记录时间,datetime,R,,实际录入或纠错时间；不得冒充业务生效时间,INTERNAL,是：任何实际记录必填,本次通用治理字段设计,SOURCE_RECORDED_TIME,ImportSourceEvidence.sourceRecordedAt,P5-04,"[""P5-04""]",保存来源记录时间；目标recordedFrom由DB实际生成，不能回填伪知识,PROPOSED_REQUIRES_TASK_VALIDATION,/PER07/fields/15
PER08,qualification_id,资质证书ID,id,R,,资质证书的永久稳定记录/对象标识；不可由名称、工号或院区拼接决定，不复用停用标识。,INTERNAL,是：任何实际记录必填,厂商资格证号；人员原模板PRO_TECH_QUAL_LEVEL/NAME部分,SOURCE_CREATE_ALIAS,Credential.sourceClientKey,P5-05,"[""P5-05""]",CREATE中为源alias；平台stableId由DB生成。UPDATE需单独已授权platformRef+expectedVersion，不能伪造新ID。,PROPOSED_REQUIRES_TASK_VALIDATION,/PER08/fields/0
PER08,person_id,人员ID,id,R,PER01.person_id,人员ID；引用PER01.person_id的稳定标识；跨表关联须使用相同业务时点下的有效记录。,INTERNAL,是：任何实际记录必填,厂商资格证号；人员原模板PRO_TECH_QUAL_LEVEL/NAME部分,TYPED_RELATION_REFERENCE,Credential.person_id,P5-05,"[""P4-01"", ""P5-05""]",按精确dataset/type/namespace解析，验证owner/scope/full interval；未ready目标不能忽略或按名猜测。,PROPOSED_REQUIRES_TASK_VALIDATION,/PER08/fields/1
PER08,certificate_kind,证书类别,code,R,enum:certificate_kind,证书类别；取值见建议码表certificate_kind，采用前需院方确认；不可用显示名称替代代码。,INTERNAL,是：任何实际记录必填,厂商资格证号；人员原模板PRO_TECH_QUAL_LEVEL/NAME部分,VERSIONED_CODE_BINDING,Credential.certificate_kind,P5-05,"[""P5-05""]",建议枚举需采纳版本；错误码/未批准码阻断；显示标签不当key。,PROPOSED_REQUIRES_TASK_VALIDATION,/PER08/fields/2
PER08,certificate_name,证书名称,text,R,,资质证书记录的证书名称；按本表一行粒度维护，由医务部确认，历史值不得直接覆盖。,INTERNAL,是：任何实际记录必填,厂商资格证号；人员原模板PRO_TECH_QUAL_LEVEL/NAME部分,OWNER_VERSIONED_FACT,Credential.certificate_name,P5-05,"[""P5-05""]",明确字段纳入owner的版本化内容/关系；不反向形成通用宽表或绕过审批。,PROPOSED_REQUIRES_TASK_VALIDATION,/PER08/fields/3
PER08,certificate_no_secure_ref,证书编号安全引用,text,R,,资质证书记录的证书编号安全引用；按本表一行粒度维护，由医务部确认，历史值不得直接覆盖。,RESTRICTED,是：任何实际记录必填,厂商资格证号；人员原模板PRO_TECH_QUAL_LEVEL/NAME部分,PROTECTED_FACT,Credential.certificate_no_secure_ref,P5-05,"[""P5-05""]",按来源privacy加强目的权限和受限存储；不落通用日志/投影。,PROPOSED_REQUIRES_TASK_VALIDATION,/PER08/fields/4
PER08,qualification_code,资质专业或等级代码,text,C,,资质专业或等级代码；证书采用标准专业/类别/等级编码或被准入规则引用时必填。,INTERNAL,条件必填：证书采用标准专业/类别/等级编码或被准入规则引用时必填。,厂商资格证号；人员原模板PRO_TECH_QUAL_LEVEL/NAME部分,OWNER_VERSIONED_FACT,Credential.qualification_code,P5-05,"[""P5-05""]",明确字段纳入owner的版本化内容/关系；不反向形成通用宽表或绕过审批。,PROPOSED_REQUIRES_TASK_VALIDATION,/PER08/fields/5
PER08,issuer,签发机构,text,C,,签发机构；资质用于正式临床准入前必填；证据、核验日期和责任岗位均应可追溯。,INTERNAL,条件必填：资质用于正式临床准入前必填；证据、核验日期和责任岗位均应可追溯。,厂商资格证号；人员原模板PRO_TECH_QUAL_LEVEL/NAME部分,OWNER_VERSIONED_FACT,Credential.issuer,P5-05,"[""P5-05""]",明确字段纳入owner的版本化内容/关系；不反向形成通用宽表或绕过审批。,PROPOSED_REQUIRES_TASK_VALIDATION,/PER08/fields/6
PER08,issued_on,签发日期,date,O,,资质证书记录的签发日期；按本表一行粒度维护，由医务部确认，历史值不得直接覆盖。,INTERNAL,可空：未知/不适用保持空；不以0或未知码冒充,厂商资格证号；人员原模板PRO_TECH_QUAL_LEVEL/NAME部分,OWNER_VERSIONED_FACT,Credential.issued_on,P5-05,"[""P5-05""]",明确字段纳入owner的版本化内容/关系；不反向形成通用宽表或绕过审批。,PROPOSED_REQUIRES_TASK_VALIDATION,/PER08/fields/7
PER08,certificate_expires_on,证书截止日,date,O,,资质证书记录的证书截止日；按本表一行粒度维护，由医务部确认，历史值不得直接覆盖。,INTERNAL,可空：未知/不适用保持空；不以0或未知码冒充,厂商资格证号；人员原模板PRO_TECH_QUAL_LEVEL/NAME部分,OWNER_VERSIONED_FACT,Credential.certificate_expires_on,P5-05,"[""P5-05""]",明确字段纳入owner的版本化内容/关系；不反向形成通用宽表或绕过审批。,PROPOSED_REQUIRES_TASK_VALIDATION,/PER08/fields/8
PER08,verification_status,核验状态,code,R,enum:verification_status,核验状态；取值见建议码表verification_status，采用前需院方确认；不可用显示名称替代代码。,INTERNAL,是：任何实际记录必填,厂商资格证号；人员原模板PRO_TECH_QUAL_LEVEL/NAME部分,VERSIONED_CODE_BINDING,Credential.verification_status,P5-05,"[""P5-05""]",建议枚举需采纳版本；错误码/未批准码阻断；显示标签不当key。,PROPOSED_REQUIRES_TASK_VALIDATION,/PER08/fields/9
PER08,verified_on,核验日期,date,C,,核验日期；资质用于正式临床准入前必填；证据、核验日期和责任岗位均应可追溯。,INTERNAL,条件必填：资质用于正式临床准入前必填；证据、核验日期和责任岗位均应可追溯。,厂商资格证号；人员原模板PRO_TECH_QUAL_LEVEL/NAME部分,OWNER_VERSIONED_FACT,Credential.verified_on,P5-05,"[""P5-05""]",明确字段纳入owner的版本化内容/关系；不反向形成通用宽表或绕过审批。,PROPOSED_REQUIRES_TASK_VALIDATION,/PER08/fields/10
PER08,verified_by,核验责任岗位,text,C,,核验责任岗位；资质用于正式临床准入前必填；证据、核验日期和责任岗位均应可追溯。,INTERNAL,条件必填：资质用于正式临床准入前必填；证据、核验日期和责任岗位均应可追溯。,厂商资格证号；人员原模板PRO_TECH_QUAL_LEVEL/NAME部分,OWNER_VERSIONED_FACT,Credential.verified_by,P5-05,"[""P5-05""]",明确字段纳入owner的版本化内容/关系；不反向形成通用宽表或绕过审批。,PROPOSED_REQUIRES_TASK_VALIDATION,/PER08/fields/11
PER08,evidence_ref,资质证明引用,text,C,,资质证明引用；资质用于正式临床准入前必填；证据、核验日期和责任岗位均应可追溯。,RESTRICTED,条件必填：资质用于正式临床准入前必填；证据、核验日期和责任岗位均应可追溯。,厂商资格证号；人员原模板PRO_TECH_QUAL_LEVEL/NAME部分,PROTECTED_FACT,Credential.evidence_ref,P5-05,"[""P5-05""]",按来源privacy加强目的权限和受限存储；不落通用日志/投影。,PROPOSED_REQUIRES_TASK_VALIDATION,/PER08/fields/12
PER08,version_no,版本号,integer,R,,稳定ID内部递增；不是新对象ID,INTERNAL,是：任何实际记录必填,本次通用治理字段设计,SOURCE_VERSION_EVIDENCE,ImportSourceEvidence.sourceVersion,P5-05,"[""P5-05""]",源修订号仅保存来源，不覆盖DB目标versionNo,PROPOSED_REQUIRES_TASK_VALIDATION,/PER08/fields/13
PER08,valid_from,业务生效时间,datetime,R,,左闭右开区间起点；ISO 8601并含时区,INTERNAL,是：任何实际记录必填,本次通用治理字段设计,BUSINESS_TIME,businessValidFrom,P5-05,"[""P5-05""]",原始offset保留；仅按已发布contract显式+08:00→local；DB主时间无offset,PROPOSED_REQUIRES_TASK_VALIDATION,/PER08/fields/14
PER08,valid_to,业务失效时间,datetime,O,,空表示未设结束；不得早于生效时间,INTERNAL,可空：未知/不适用保持空；不以0或未知码冒充,本次通用治理字段设计,BUSINESS_TIME,businessValidTo,P5-05,"[""P5-05""]",null=无界，必须大于from，整区间检验，不用任意大日期,PROPOSED_REQUIRES_TASK_VALIDATION,/PER08/fields/15
PER08,record_status,记录状态,code,R,enum:record_status,草稿与正式有效记录分离,INTERNAL,是：任何实际记录必填,本次通用治理字段设计,LIFECYCLE_INTENT,ImportIntent.sourceRecordStatus,P5-05,"[""P5-05""]",源草稿/正式等映射显式owner命令；不得直接改变审批/业务状态,PROPOSED_REQUIRES_TASK_VALIDATION,/PER08/fields/16
PER08,source_system_id,权威来源系统ID,id,R,GOV01.system_id,来源为人工整理时登记来源系统MDM_MANUAL,INTERNAL,是：任何实际记录必填,本次通用治理字段设计,SOURCE_NAMESPACE,SourceSystemReference,P5-05,"[""P5-05""]",精确GOV01源系统注册；MANUAL也要登记，非账号system身份默认映射,PROPOSED_REQUIRES_TASK_VALIDATION,/PER08/fields/17
PER08,source_record_id,来源记录定位,text,R,,原表主键或文件加工作表加行号；不得填个人证件原文,INTERNAL,是：任何实际记录必填,本次通用治理字段设计,SOURCE_RECORD_EVIDENCE,ImportSourceEvidence.recordLocator,P5-05,"[""P5-05""]",仅定位，不作为Person标识；日志/审计不写原敏感值,PROPOSED_REQUIRES_TASK_VALIDATION,/PER08/fields/18
PER08,approval_ref,审批证据号,text,C,,发布时必填；引用受控签审记录不粘贴敏感附件,INTERNAL,条件必填：发布时必填；引用受控签审记录不粘贴敏感附件,本次通用治理字段设计,APPROVAL_EVIDENCE,SourceEvidence.approvalReference,P5-05,"[""P5-05""]",源审批证据不等于本平台已授权；需owner核验及本次审批digest,PROPOSED_REQUIRES_TASK_VALIDATION,/PER08/fields/19
PER08,recorded_at,系统记录时间,datetime,R,,实际录入或纠错时间；不得冒充业务生效时间,INTERNAL,是：任何实际记录必填,本次通用治理字段设计,SOURCE_RECORDED_TIME,ImportSourceEvidence.sourceRecordedAt,P5-05,"[""P5-05""]",保存来源记录时间；目标recordedFrom由DB实际生成，不能回填伪知识,PROPOSED_REQUIRES_TASK_VALIDATION,/PER08/fields/20
PER09,registration_id,执业注册ID,id,R,,执业注册的永久稳定记录/对象标识；不可由名称、工号或院区拼接决定，不复用停用标识。,INTERNAL,是：任何实际记录必填,厂商执业证书编码；原人员模板缺失补充,SOURCE_CREATE_ALIAS,PracticeRegistration.sourceClientKey,P5-06,"[""P5-06""]",CREATE中为源alias；平台stableId由DB生成。UPDATE需单独已授权platformRef+expectedVersion，不能伪造新ID。,PROPOSED_REQUIRES_TASK_VALIDATION,/PER09/fields/0
PER09,practitioner_id,专业身份ID,id,R,PER07.practitioner_id,专业身份ID；引用PER07.practitioner_id的稳定标识；跨表关联须使用相同业务时点下的有效记录。,INTERNAL,是：任何实际记录必填,厂商执业证书编码；原人员模板缺失补充,TYPED_RELATION_REFERENCE,PracticeRegistration.practitioner_id,P5-06,"[""P5-04"", ""P5-06""]",按精确dataset/type/namespace解析，验证owner/scope/full interval；未ready目标不能忽略或按名猜测。,PROPOSED_REQUIRES_TASK_VALIDATION,/PER09/fields/1
PER09,qualification_id,依据资质证书ID,id,R,PER08.qualification_id,依据资质证书ID；引用PER08.qualification_id的稳定标识；跨表关联须使用相同业务时点下的有效记录。,INTERNAL,是：任何实际记录必填,厂商执业证书编码；原人员模板缺失补充,TYPED_RELATION_REFERENCE,PracticeRegistration.qualification_id,P5-06,"[""P5-05"", ""P5-06""]",按精确dataset/type/namespace解析，验证owner/scope/full interval；未ready目标不能忽略或按名猜测。,PROPOSED_REQUIRES_TASK_VALIDATION,/PER09/fields/2
PER09,registered_entity_id,注册医疗机构ID,id,R,ORG01.legal_entity_id,注册医疗机构ID；引用ORG01.legal_entity_id的稳定标识；跨表关联须使用相同业务时点下的有效记录。,INTERNAL,是：任何实际记录必填,厂商执业证书编码；原人员模板缺失补充,TYPED_RELATION_REFERENCE,PracticeRegistration.registered_entity_id,P5-06,"[""P1-01"", ""P5-06""]",按精确dataset/type/namespace解析，验证owner/scope/full interval；未ready目标不能忽略或按名猜测。,PROPOSED_REQUIRES_TASK_VALIDATION,/PER09/fields/3
PER09,registration_no_secure_ref,执业证编号安全引用,text,R,,执业注册记录的执业证编号安全引用；按本表一行粒度维护，由医务部确认，历史值不得直接覆盖。,RESTRICTED,是：任何实际记录必填,厂商执业证书编码；原人员模板缺失补充,PROTECTED_FACT,PracticeRegistration.registration_no_secure_ref,P5-06,"[""P5-06""]",按来源privacy加强目的权限和受限存储；不落通用日志/投影。,PROPOSED_REQUIRES_TASK_VALIDATION,/PER09/fields/4
PER09,registration_category,注册类别,text,R,,执业注册记录的注册类别；按本表一行粒度维护，由医务部确认，历史值不得直接覆盖。,INTERNAL,是：任何实际记录必填,厂商执业证书编码；原人员模板缺失补充,OWNER_VERSIONED_FACT,PracticeRegistration.registration_category,P5-06,"[""P5-06""]",明确字段纳入owner的版本化内容/关系；不反向形成通用宽表或绕过审批。,PROPOSED_REQUIRES_TASK_VALIDATION,/PER09/fields/5
PER09,practice_scope_code,执业范围代码,text,C,,执业范围代码；该执业登记存在执业范围/专业编码时必填，按登记证照或权威登记资料核验。,INTERNAL,条件必填：该执业登记存在执业范围/专业编码时必填，按登记证照或权威登记资料核验。,厂商执业证书编码；原人员模板缺失补充,OWNER_VERSIONED_FACT,PracticeRegistration.practice_scope_code,P5-06,"[""P5-06""]",明确字段纳入owner的版本化内容/关系；不反向形成通用宽表或绕过审批。,PROPOSED_REQUIRES_TASK_VALIDATION,/PER09/fields/6
PER09,practice_scope_text,核验后的执业范围,text,R,,执业注册记录的核验后的执业范围；按本表一行粒度维护，由医务部确认，历史值不得直接覆盖。,INTERNAL,是：任何实际记录必填,厂商执业证书编码；原人员模板缺失补充,OWNER_VERSIONED_FACT,PracticeRegistration.practice_scope_text,P5-06,"[""P5-06""]",明确字段纳入owner的版本化内容/关系；不反向形成通用宽表或绕过审批。,PROPOSED_REQUIRES_TASK_VALIDATION,/PER09/fields/7
PER09,multi_site_record_ref,多机构执业备案引用,text,C,,是否需要备案按实际登记和有效规定核验，不由院区数推断,INTERNAL,条件必填：经医务部门核定实际依法需要多机构执业备案时必填；不能按院区数量推断。,厂商执业证书编码；原人员模板缺失补充,OWNER_VERSIONED_FACT,PracticeRegistration.multi_site_record_ref,P5-06,"[""P5-06""]",明确字段纳入owner的版本化内容/关系；不反向形成通用宽表或绕过审批。,PROPOSED_REQUIRES_TASK_VALIDATION,/PER09/fields/8
PER09,verification_status,注册核验状态,code,R,enum:verification_status,注册核验状态；取值见建议码表verification_status，采用前需院方确认；不可用显示名称替代代码。,INTERNAL,是：任何实际记录必填,厂商执业证书编码；原人员模板缺失补充,VERSIONED_CODE_BINDING,PracticeRegistration.verification_status,P5-06,"[""P5-06""]",建议枚举需采纳版本；错误码/未批准码阻断；显示标签不当key。,PROPOSED_REQUIRES_TASK_VALIDATION,/PER09/fields/9
PER09,version_no,版本号,integer,R,,稳定ID内部递增；不是新对象ID,INTERNAL,是：任何实际记录必填,本次通用治理字段设计,SOURCE_VERSION_EVIDENCE,ImportSourceEvidence.sourceVersion,P5-06,"[""P5-06""]",源修订号仅保存来源，不覆盖DB目标versionNo,PROPOSED_REQUIRES_TASK_VALIDATION,/PER09/fields/10
PER09,valid_from,业务生效时间,datetime,R,,左闭右开区间起点；ISO 8601并含时区,INTERNAL,是：任何实际记录必填,本次通用治理字段设计,BUSINESS_TIME,businessValidFrom,P5-06,"[""P5-06""]",原始offset保留；仅按已发布contract显式+08:00→local；DB主时间无offset,PROPOSED_REQUIRES_TASK_VALIDATION,/PER09/fields/11
PER09,valid_to,业务失效时间,datetime,O,,空表示未设结束；不得早于生效时间,INTERNAL,可空：未知/不适用保持空；不以0或未知码冒充,本次通用治理字段设计,BUSINESS_TIME,businessValidTo,P5-06,"[""P5-06""]",null=无界，必须大于from，整区间检验，不用任意大日期,PROPOSED_REQUIRES_TASK_VALIDATION,/PER09/fields/12
PER09,record_status,记录状态,code,R,enum:record_status,草稿与正式有效记录分离,INTERNAL,是：任何实际记录必填,本次通用治理字段设计,LIFECYCLE_INTENT,ImportIntent.sourceRecordStatus,P5-06,"[""P5-06""]",源草稿/正式等映射显式owner命令；不得直接改变审批/业务状态,PROPOSED_REQUIRES_TASK_VALIDATION,/PER09/fields/13
PER09,source_system_id,权威来源系统ID,id,R,GOV01.system_id,来源为人工整理时登记来源系统MDM_MANUAL,INTERNAL,是：任何实际记录必填,本次通用治理字段设计,SOURCE_NAMESPACE,SourceSystemReference,P5-06,"[""P5-06""]",精确GOV01源系统注册；MANUAL也要登记，非账号system身份默认映射,PROPOSED_REQUIRES_TASK_VALIDATION,/PER09/fields/14
PER09,source_record_id,来源记录定位,text,R,,原表主键或文件加工作表加行号；不得填个人证件原文,INTERNAL,是：任何实际记录必填,本次通用治理字段设计,SOURCE_RECORD_EVIDENCE,ImportSourceEvidence.recordLocator,P5-06,"[""P5-06""]",仅定位，不作为Person标识；日志/审计不写原敏感值,PROPOSED_REQUIRES_TASK_VALIDATION,/PER09/fields/15
PER09,approval_ref,审批证据号,text,C,,发布时必填；引用受控签审记录不粘贴敏感附件,INTERNAL,条件必填：发布时必填；引用受控签审记录不粘贴敏感附件,本次通用治理字段设计,APPROVAL_EVIDENCE,SourceEvidence.approvalReference,P5-06,"[""P5-06""]",源审批证据不等于本平台已授权；需owner核验及本次审批digest,PROPOSED_REQUIRES_TASK_VALIDATION,/PER09/fields/16
PER09,recorded_at,系统记录时间,datetime,R,,实际录入或纠错时间；不得冒充业务生效时间,INTERNAL,是：任何实际记录必填,本次通用治理字段设计,SOURCE_RECORDED_TIME,ImportSourceEvidence.sourceRecordedAt,P5-06,"[""P5-06""]",保存来源记录时间；目标recordedFrom由DB实际生成，不能回填伪知识,PROPOSED_REQUIRES_TASK_VALIDATION,/PER09/fields/17
PER10,practice_scope_id,执业地点关系ID,id,R,,执业服务地点关系的永久稳定记录/对象标识；不可由名称、工号或院区拼接决定，不复用停用标识。,INTERNAL,是：任何实际记录必填,本次设计建议,SOURCE_CREATE_ALIAS,PracticeServiceLocation.sourceClientKey,P5-07,"[""P5-07""]",CREATE中为源alias；平台stableId由DB生成。UPDATE需单独已授权platformRef+expectedVersion，不能伪造新ID。,PROPOSED_REQUIRES_TASK_VALIDATION,/PER10/fields/0
PER10,registration_id,执业注册ID,id,R,PER09.registration_id,执业注册ID；引用PER09.registration_id的稳定标识；跨表关联须使用相同业务时点下的有效记录。,INTERNAL,是：任何实际记录必填,本次设计建议,TYPED_RELATION_REFERENCE,PracticeServiceLocation.registration_id,P5-07,"[""P5-06"", ""P5-07""]",按精确dataset/type/namespace解析，验证owner/scope/full interval；未ready目标不能忽略或按名猜测。,PROPOSED_REQUIRES_TASK_VALIDATION,/PER10/fields/1
PER10,campus_id,服务院区ID,id,R,ORG02.campus_id,服务院区ID；引用ORG02.campus_id的稳定标识；跨表关联须使用相同业务时点下的有效记录。,INTERNAL,是：任何实际记录必填,本次设计建议,TYPED_RELATION_REFERENCE,PracticeServiceLocation.campus_id,P5-07,"[""P1-02"", ""P5-07""]",按精确dataset/type/namespace解析，验证owner/scope/full interval；未ready目标不能忽略或按名猜测。,PROPOSED_REQUIRES_TASK_VALIDATION,/PER10/fields/2
PER10,unit_id,服务业务单元ID,id,C,ORG07.unit_id,服务业务单元ID；引用ORG07.unit_id的稳定标识；跨表关联须使用相同业务时点下的有效记录。,INTERNAL,条件必填：执业服务关系限定到具体业务单元时必填；仅到院区须显式说明批准范围。,本次设计建议,TYPED_RELATION_REFERENCE,PracticeServiceLocation.unit_id,P5-07,"[""P3-01"", ""P5-07""]",按精确dataset/type/namespace解析，验证owner/scope/full interval；未ready目标不能忽略或按名猜测。,PROPOSED_REQUIRES_TASK_VALIDATION,/PER10/fields/3
PER10,allowed_scope,允许开展的业务范围,text,R,,执业服务地点关系记录的允许开展的业务范围；按本表一行粒度维护，由医务部确认，历史值不得直接覆盖。,INTERNAL,是：任何实际记录必填,本次设计建议,OWNER_VERSIONED_FACT,PracticeServiceLocation.allowed_scope,P5-07,"[""P5-07""]",明确字段纳入owner的版本化内容/关系；不反向形成通用宽表或绕过审批。,PROPOSED_REQUIRES_TASK_VALIDATION,/PER10/fields/4
PER10,restriction,限制条件,text,O,,执业服务地点关系记录的限制条件；按本表一行粒度维护，由医务部确认，历史值不得直接覆盖。,INTERNAL,可空：未知/不适用保持空；不以0或未知码冒充,本次设计建议,OWNER_VERSIONED_FACT,PracticeServiceLocation.restriction,P5-07,"[""P5-07""]",明确字段纳入owner的版本化内容/关系；不反向形成通用宽表或绕过审批。,PROPOSED_REQUIRES_TASK_VALIDATION,/PER10/fields/5
PER10,verification_ref,核验或批准凭据,text,R,,执业服务地点关系记录的核验或批准凭据；按本表一行粒度维护，由医务部确认，历史值不得直接覆盖。,INTERNAL,是：任何实际记录必填,本次设计建议,OWNER_VERSIONED_FACT,PracticeServiceLocation.verification_ref,P5-07,"[""P5-07""]",明确字段纳入owner的版本化内容/关系；不反向形成通用宽表或绕过审批。,PROPOSED_REQUIRES_TASK_VALIDATION,/PER10/fields/6
PER10,version_no,版本号,integer,R,,稳定ID内部递增；不是新对象ID,INTERNAL,是：任何实际记录必填,本次通用治理字段设计,SOURCE_VERSION_EVIDENCE,ImportSourceEvidence.sourceVersion,P5-07,"[""P5-07""]",源修订号仅保存来源，不覆盖DB目标versionNo,PROPOSED_REQUIRES_TASK_VALIDATION,/PER10/fields/7
PER10,valid_from,业务生效时间,datetime,R,,左闭右开区间起点；ISO 8601并含时区,INTERNAL,是：任何实际记录必填,本次通用治理字段设计,BUSINESS_TIME,businessValidFrom,P5-07,"[""P5-07""]",原始offset保留；仅按已发布contract显式+08:00→local；DB主时间无offset,PROPOSED_REQUIRES_TASK_VALIDATION,/PER10/fields/8
PER10,valid_to,业务失效时间,datetime,O,,空表示未设结束；不得早于生效时间,INTERNAL,可空：未知/不适用保持空；不以0或未知码冒充,本次通用治理字段设计,BUSINESS_TIME,businessValidTo,P5-07,"[""P5-07""]",null=无界，必须大于from，整区间检验，不用任意大日期,PROPOSED_REQUIRES_TASK_VALIDATION,/PER10/fields/9
PER10,record_status,记录状态,code,R,enum:record_status,草稿与正式有效记录分离,INTERNAL,是：任何实际记录必填,本次通用治理字段设计,LIFECYCLE_INTENT,ImportIntent.sourceRecordStatus,P5-07,"[""P5-07""]",源草稿/正式等映射显式owner命令；不得直接改变审批/业务状态,PROPOSED_REQUIRES_TASK_VALIDATION,/PER10/fields/10
PER10,source_system_id,权威来源系统ID,id,R,GOV01.system_id,来源为人工整理时登记来源系统MDM_MANUAL,INTERNAL,是：任何实际记录必填,本次通用治理字段设计,SOURCE_NAMESPACE,SourceSystemReference,P5-07,"[""P5-07""]",精确GOV01源系统注册；MANUAL也要登记，非账号system身份默认映射,PROPOSED_REQUIRES_TASK_VALIDATION,/PER10/fields/11
PER10,source_record_id,来源记录定位,text,R,,原表主键或文件加工作表加行号；不得填个人证件原文,INTERNAL,是：任何实际记录必填,本次通用治理字段设计,SOURCE_RECORD_EVIDENCE,ImportSourceEvidence.recordLocator,P5-07,"[""P5-07""]",仅定位，不作为Person标识；日志/审计不写原敏感值,PROPOSED_REQUIRES_TASK_VALIDATION,/PER10/fields/12
PER10,approval_ref,审批证据号,text,C,,发布时必填；引用受控签审记录不粘贴敏感附件,INTERNAL,条件必填：发布时必填；引用受控签审记录不粘贴敏感附件,本次通用治理字段设计,APPROVAL_EVIDENCE,SourceEvidence.approvalReference,P5-07,"[""P5-07""]",源审批证据不等于本平台已授权；需owner核验及本次审批digest,PROPOSED_REQUIRES_TASK_VALIDATION,/PER10/fields/13
PER10,recorded_at,系统记录时间,datetime,R,,实际录入或纠错时间；不得冒充业务生效时间,INTERNAL,是：任何实际记录必填,本次通用治理字段设计,SOURCE_RECORDED_TIME,ImportSourceEvidence.sourceRecordedAt,P5-07,"[""P5-07""]",保存来源记录时间；目标recordedFrom由DB实际生成，不能回填伪知识,PROPOSED_REQUIRES_TASK_VALIDATION,/PER10/fields/14
PER11,privilege_id,专项授权ID,id,R,,医疗行为专项授权的永久稳定记录/对象标识；不可由名称、工号或院区拼接决定，不复用停用标识。,INTERNAL,是：任何实际记录必填,卫宁KSS_ZGDMK；东华管制药品权限/处方权；原表抗菌分级,SOURCE_CREATE_ALIAS,ProfessionalPrivilege.sourceClientKey,P5-08,"[""P5-08""]",CREATE中为源alias；平台stableId由DB生成。UPDATE需单独已授权platformRef+expectedVersion，不能伪造新ID。,PROPOSED_REQUIRES_TASK_VALIDATION,/PER11/fields/0
PER11,practitioner_id,专业身份ID,id,R,PER07.practitioner_id,专业身份ID；引用PER07.practitioner_id的稳定标识；跨表关联须使用相同业务时点下的有效记录。,INTERNAL,是：任何实际记录必填,卫宁KSS_ZGDMK；东华管制药品权限/处方权；原表抗菌分级,TYPED_RELATION_REFERENCE,ProfessionalPrivilege.practitioner_id,P5-08,"[""P5-04"", ""P5-08""]",按精确dataset/type/namespace解析，验证owner/scope/full interval；未ready目标不能忽略或按名猜测。,PROPOSED_REQUIRES_TASK_VALIDATION,/PER11/fields/1
PER11,registration_id,依据执业注册ID,id,R,PER09.registration_id,依据执业注册ID；引用PER09.registration_id的稳定标识；跨表关联须使用相同业务时点下的有效记录。,INTERNAL,是：任何实际记录必填,卫宁KSS_ZGDMK；东华管制药品权限/处方权；原表抗菌分级,TYPED_RELATION_REFERENCE,ProfessionalPrivilege.registration_id,P5-08,"[""P5-06"", ""P5-08""]",按精确dataset/type/namespace解析，验证owner/scope/full interval；未ready目标不能忽略或按名猜测。,PROPOSED_REQUIRES_TASK_VALIDATION,/PER11/fields/2
PER11,privilege_type,授权类别,code,R,enum:privilege_type,授权类别；取值见建议码表privilege_type，采用前需院方确认；不可用显示名称替代代码。,INTERNAL,是：任何实际记录必填,卫宁KSS_ZGDMK；东华管制药品权限/处方权；原表抗菌分级,VERSIONED_CODE_BINDING,ProfessionalPrivilege.privilege_type,P5-08,"[""P5-08""]",建议枚举需采纳版本；错误码/未批准码阻断；显示标签不当key。,PROPOSED_REQUIRES_TASK_VALIDATION,/PER11/fields/3
PER11,privilege_code,具体授权项目或级别,text,R,,抗菌分级、手术项目或级别等由业务部门核定,INTERNAL,是：任何实际记录必填,卫宁KSS_ZGDMK；东华管制药品权限/处方权；原表抗菌分级,OWNER_VERSIONED_FACT,ProfessionalPrivilege.privilege_code,P5-08,"[""P5-08""]",明确字段纳入owner的版本化内容/关系；不反向形成通用宽表或绕过审批。,PROPOSED_REQUIRES_TASK_VALIDATION,/PER11/fields/4
PER11,legal_entity_id,适用医疗机构,id,R,ORG01.legal_entity_id,适用医疗机构；引用ORG01.legal_entity_id的稳定标识；跨表关联须使用相同业务时点下的有效记录。,INTERNAL,是：任何实际记录必填,卫宁KSS_ZGDMK；东华管制药品权限/处方权；原表抗菌分级,TYPED_RELATION_REFERENCE,ProfessionalPrivilege.legal_entity_id,P5-08,"[""P1-01"", ""P5-08""]",按精确dataset/type/namespace解析，验证owner/scope/full interval；未ready目标不能忽略或按名猜测。,PROPOSED_REQUIRES_TASK_VALIDATION,/PER11/fields/5
PER11,campus_id,适用院区,id,R,ORG02.campus_id,适用院区；引用ORG02.campus_id的稳定标识；跨表关联须使用相同业务时点下的有效记录。,INTERNAL,是：任何实际记录必填,卫宁KSS_ZGDMK；东华管制药品权限/处方权；原表抗菌分级,TYPED_RELATION_REFERENCE,ProfessionalPrivilege.campus_id,P5-08,"[""P1-02"", ""P5-08""]",按精确dataset/type/namespace解析，验证owner/scope/full interval；未ready目标不能忽略或按名猜测。,PROPOSED_REQUIRES_TASK_VALIDATION,/PER11/fields/6
PER11,unit_id,适用业务单元,id,C,ORG07.unit_id,适用业务单元；引用ORG07.unit_id的稳定标识；跨表关联须使用相同业务时点下的有效记录。,INTERNAL,条件必填：专项医疗授权限定到特定单元时必填；院区级授权不得自动扩大至其他院区。,卫宁KSS_ZGDMK；东华管制药品权限/处方权；原表抗菌分级,TYPED_RELATION_REFERENCE,ProfessionalPrivilege.unit_id,P5-08,"[""P3-01"", ""P5-08""]",按精确dataset/type/namespace解析，验证owner/scope/full interval；未ready目标不能忽略或按名猜测。,PROPOSED_REQUIRES_TASK_VALIDATION,/PER11/fields/7
PER11,grant_status,授权状态,code,R,enum:grant_status,授权状态；取值见建议码表grant_status，采用前需院方确认；不可用显示名称替代代码。,INTERNAL,是：任何实际记录必填,卫宁KSS_ZGDMK；东华管制药品权限/处方权；原表抗菌分级,VERSIONED_CODE_BINDING,ProfessionalPrivilege.grant_status,P5-08,"[""P5-08""]",建议枚举需采纳版本；错误码/未批准码阻断；显示标签不当key。,PROPOSED_REQUIRES_TASK_VALIDATION,/PER11/fields/8
PER11,supervision_required,需上级审核,code,R,enum:yes_no,需上级审核；取值见建议码表yes_no，采用前需院方确认；不可用显示名称替代代码。,INTERNAL,是：任何实际记录必填,卫宁KSS_ZGDMK；东华管制药品权限/处方权；原表抗菌分级,VERSIONED_CODE_BINDING,ProfessionalPrivilege.supervision_required,P5-08,"[""P5-08""]",建议枚举需采纳版本；错误码/未批准码阻断；显示标签不当key。,PROPOSED_REQUIRES_TASK_VALIDATION,/PER11/fields/9
PER11,authorization_ref,授权批准号,text,R,,医疗行为专项授权记录的授权批准号；按本表一行粒度维护，由医务部确认，历史值不得直接覆盖。,INTERNAL,是：任何实际记录必填,卫宁KSS_ZGDMK；东华管制药品权限/处方权；原表抗菌分级,OWNER_VERSIONED_FACT,ProfessionalPrivilege.authorization_ref,P5-08,"[""P5-08""]",明确字段纳入owner的版本化内容/关系；不反向形成通用宽表或绕过审批。,PROPOSED_REQUIRES_TASK_VALIDATION,/PER11/fields/10
PER11,revoked_at,撤销时间,datetime,O,,医疗行为专项授权记录的撤销时间；按本表一行粒度维护，由医务部确认，历史值不得直接覆盖。,INTERNAL,可空：未知/不适用保持空；不以0或未知码冒充,卫宁KSS_ZGDMK；东华管制药品权限/处方权；原表抗菌分级,OWNER_VERSIONED_FACT,ProfessionalPrivilege.revoked_at,P5-08,"[""P5-08""]",明确字段纳入owner的版本化内容/关系；不反向形成通用宽表或绕过审批。,PROPOSED_REQUIRES_TASK_VALIDATION,/PER11/fields/11
PER11,revocation_reason,撤销原因,text,C,,撤销原因；授权被提前撤销时必填，并同时记载撤销生效时间与批准依据。,INTERNAL,条件必填：授权被提前撤销时必填，并同时记载撤销生效时间与批准依据。,卫宁KSS_ZGDMK；东华管制药品权限/处方权；原表抗菌分级,OWNER_VERSIONED_FACT,ProfessionalPrivilege.revocation_reason,P5-08,"[""P5-08""]",明确字段纳入owner的版本化内容/关系；不反向形成通用宽表或绕过审批。,PROPOSED_REQUIRES_TASK_VALIDATION,/PER11/fields/12
PER11,version_no,版本号,integer,R,,稳定ID内部递增；不是新对象ID,INTERNAL,是：任何实际记录必填,本次通用治理字段设计,SOURCE_VERSION_EVIDENCE,ImportSourceEvidence.sourceVersion,P5-08,"[""P5-08""]",源修订号仅保存来源，不覆盖DB目标versionNo,PROPOSED_REQUIRES_TASK_VALIDATION,/PER11/fields/13
PER11,valid_from,业务生效时间,datetime,R,,左闭右开区间起点；ISO 8601并含时区,INTERNAL,是：任何实际记录必填,本次通用治理字段设计,BUSINESS_TIME,businessValidFrom,P5-08,"[""P5-08""]",原始offset保留；仅按已发布contract显式+08:00→local；DB主时间无offset,PROPOSED_REQUIRES_TASK_VALIDATION,/PER11/fields/14
PER11,valid_to,业务失效时间,datetime,O,,空表示未设结束；不得早于生效时间,INTERNAL,可空：未知/不适用保持空；不以0或未知码冒充,本次通用治理字段设计,BUSINESS_TIME,businessValidTo,P5-08,"[""P5-08""]",null=无界，必须大于from，整区间检验，不用任意大日期,PROPOSED_REQUIRES_TASK_VALIDATION,/PER11/fields/15
PER11,record_status,记录状态,code,R,enum:record_status,草稿与正式有效记录分离,INTERNAL,是：任何实际记录必填,本次通用治理字段设计,LIFECYCLE_INTENT,ImportIntent.sourceRecordStatus,P5-08,"[""P5-08""]",源草稿/正式等映射显式owner命令；不得直接改变审批/业务状态,PROPOSED_REQUIRES_TASK_VALIDATION,/PER11/fields/16
PER11,source_system_id,权威来源系统ID,id,R,GOV01.system_id,来源为人工整理时登记来源系统MDM_MANUAL,INTERNAL,是：任何实际记录必填,本次通用治理字段设计,SOURCE_NAMESPACE,SourceSystemReference,P5-08,"[""P5-08""]",精确GOV01源系统注册；MANUAL也要登记，非账号system身份默认映射,PROPOSED_REQUIRES_TASK_VALIDATION,/PER11/fields/17
PER11,source_record_id,来源记录定位,text,R,,原表主键或文件加工作表加行号；不得填个人证件原文,INTERNAL,是：任何实际记录必填,本次通用治理字段设计,SOURCE_RECORD_EVIDENCE,ImportSourceEvidence.recordLocator,P5-08,"[""P5-08""]",仅定位，不作为Person标识；日志/审计不写原敏感值,PROPOSED_REQUIRES_TASK_VALIDATION,/PER11/fields/18
PER11,approval_ref,审批证据号,text,C,,发布时必填；引用受控签审记录不粘贴敏感附件,INTERNAL,条件必填：发布时必填；引用受控签审记录不粘贴敏感附件,本次通用治理字段设计,APPROVAL_EVIDENCE,SourceEvidence.approvalReference,P5-08,"[""P5-08""]",源审批证据不等于本平台已授权；需owner核验及本次审批digest,PROPOSED_REQUIRES_TASK_VALIDATION,/PER11/fields/19
PER11,recorded_at,系统记录时间,datetime,R,,实际录入或纠错时间；不得冒充业务生效时间,INTERNAL,是：任何实际记录必填,本次通用治理字段设计,SOURCE_RECORDED_TIME,ImportSourceEvidence.sourceRecordedAt,P5-08,"[""P5-08""]",保存来源记录时间；目标recordedFrom由DB实际生成，不能回填伪知识,PROPOSED_REQUIRES_TASK_VALIDATION,/PER11/fields/20
PER12,title_qualification_id,资格记录ID,id,R,,专业技术资格记录的永久稳定记录/对象标识；不可由名称、工号或院区拼接决定，不复用停用标识。,INTERNAL,是：任何实际记录必填,人员原模板PRO_TECH_QUAL_LEVEL/PRO_TECH_QUAL_NAME,SOURCE_CREATE_ALIAS,TitleQualification.sourceClientKey,P5-09,"[""P5-09""]",CREATE中为源alias；平台stableId由DB生成。UPDATE需单独已授权platformRef+expectedVersion，不能伪造新ID。,PROPOSED_REQUIRES_TASK_VALIDATION,/PER12/fields/0
PER12,person_id,人员ID,id,R,PER01.person_id,人员ID；引用PER01.person_id的稳定标识；跨表关联须使用相同业务时点下的有效记录。,INTERNAL,是：任何实际记录必填,人员原模板PRO_TECH_QUAL_LEVEL/PRO_TECH_QUAL_NAME,TYPED_RELATION_REFERENCE,TitleQualification.person_id,P5-09,"[""P4-01"", ""P5-09""]",按精确dataset/type/namespace解析，验证owner/scope/full interval；未ready目标不能忽略或按名猜测。,PROPOSED_REQUIRES_TASK_VALIDATION,/PER12/fields/1
PER12,title_code,专业技术资格代码,text,R,,专业技术资格记录记录的专业技术资格代码；按本表一行粒度维护，由组织人事部确认，历史值不得直接覆盖。,INTERNAL,是：任何实际记录必填,人员原模板PRO_TECH_QUAL_LEVEL/PRO_TECH_QUAL_NAME,OWNER_VERSIONED_FACT,TitleQualification.title_code,P5-09,"[""P5-09""]",明确字段纳入owner的版本化内容/关系；不反向形成通用宽表或绕过审批。,PROPOSED_REQUIRES_TASK_VALIDATION,/PER12/fields/2
PER12,title_name,专业技术资格名称,text,R,,专业技术资格记录记录的专业技术资格名称；按本表一行粒度维护，由组织人事部确认，历史值不得直接覆盖。,INTERNAL,是：任何实际记录必填,人员信息表-标准定义模板V1.01.xlsx#人员信息表!A20:PRO_TECH_QUAL_NAME,OWNER_VERSIONED_FACT,TitleQualification.title_name,P5-09,"[""P5-09""]",明确字段纳入owner的版本化内容/关系；不反向形成通用宽表或绕过审批。,PROPOSED_REQUIRES_TASK_VALIDATION,/PER12/fields/3
PER12,title_level,资格等级,text,R,,专业技术资格记录记录的资格等级；按本表一行粒度维护，由组织人事部确认，历史值不得直接覆盖。,INTERNAL,是：任何实际记录必填,人员信息表-标准定义模板V1.01.xlsx#人员信息表!A19:PRO_TECH_QUAL_LEVEL,OWNER_VERSIONED_FACT,TitleQualification.title_level,P5-09,"[""P5-09""]",明确字段纳入owner的版本化内容/关系；不反向形成通用宽表或绕过审批。,PROPOSED_REQUIRES_TASK_VALIDATION,/PER12/fields/4
PER12,acquired_on,取得日期,date,C,,取得日期；技术资格被用于聘任、监管或准入时必填；证据缺失时不得宣告资格已核验。,INTERNAL,条件必填：技术资格被用于聘任、监管或准入时必填；证据缺失时不得宣告资格已核验。,人员原模板PRO_TECH_QUAL_LEVEL/PRO_TECH_QUAL_NAME,OWNER_VERSIONED_FACT,TitleQualification.acquired_on,P5-09,"[""P5-09""]",明确字段纳入owner的版本化内容/关系；不反向形成通用宽表或绕过审批。,PROPOSED_REQUIRES_TASK_VALIDATION,/PER12/fields/5
PER12,qualification_id,关联证明证书ID,id,O,PER08.qualification_id,关联证明证书ID；引用PER08.qualification_id的稳定标识；跨表关联须使用相同业务时点下的有效记录。,INTERNAL,可空：未知/不适用保持空；不以0或未知码冒充,人员原模板PRO_TECH_QUAL_LEVEL/PRO_TECH_QUAL_NAME,TYPED_RELATION_REFERENCE,TitleQualification.qualification_id,P5-09,"[""P5-05"", ""P5-09""]",按精确dataset/type/namespace解析，验证owner/scope/full interval；未ready目标不能忽略或按名猜测。,PROPOSED_REQUIRES_TASK_VALIDATION,/PER12/fields/6
PER12,code_system_version,职称代码版本,text,R,,专业技术资格记录记录的职称代码版本；按本表一行粒度维护，由组织人事部确认，历史值不得直接覆盖。,INTERNAL,是：任何实际记录必填,人员原模板PRO_TECH_QUAL_LEVEL/PRO_TECH_QUAL_NAME,OWNER_VERSIONED_FACT,TitleQualification.code_system_version,P5-09,"[""P5-09""]",明确字段纳入owner的版本化内容/关系；不反向形成通用宽表或绕过审批。,PROPOSED_REQUIRES_TASK_VALIDATION,/PER12/fields/7
PER12,version_no,版本号,integer,R,,稳定ID内部递增；不是新对象ID,INTERNAL,是：任何实际记录必填,本次通用治理字段设计,SOURCE_VERSION_EVIDENCE,ImportSourceEvidence.sourceVersion,P5-09,"[""P5-09""]",源修订号仅保存来源，不覆盖DB目标versionNo,PROPOSED_REQUIRES_TASK_VALIDATION,/PER12/fields/8
PER12,valid_from,业务生效时间,datetime,R,,左闭右开区间起点；ISO 8601并含时区,INTERNAL,是：任何实际记录必填,本次通用治理字段设计,BUSINESS_TIME,businessValidFrom,P5-09,"[""P5-09""]",原始offset保留；仅按已发布contract显式+08:00→local；DB主时间无offset,PROPOSED_REQUIRES_TASK_VALIDATION,/PER12/fields/9
PER12,valid_to,业务失效时间,datetime,O,,空表示未设结束；不得早于生效时间,INTERNAL,可空：未知/不适用保持空；不以0或未知码冒充,本次通用治理字段设计,BUSINESS_TIME,businessValidTo,P5-09,"[""P5-09""]",null=无界，必须大于from，整区间检验，不用任意大日期,PROPOSED_REQUIRES_TASK_VALIDATION,/PER12/fields/10
PER12,record_status,记录状态,code,R,enum:record_status,草稿与正式有效记录分离,INTERNAL,是：任何实际记录必填,本次通用治理字段设计,LIFECYCLE_INTENT,ImportIntent.sourceRecordStatus,P5-09,"[""P5-09""]",源草稿/正式等映射显式owner命令；不得直接改变审批/业务状态,PROPOSED_REQUIRES_TASK_VALIDATION,/PER12/fields/11
PER12,source_system_id,权威来源系统ID,id,R,GOV01.system_id,来源为人工整理时登记来源系统MDM_MANUAL,INTERNAL,是：任何实际记录必填,本次通用治理字段设计,SOURCE_NAMESPACE,SourceSystemReference,P5-09,"[""P5-09""]",精确GOV01源系统注册；MANUAL也要登记，非账号system身份默认映射,PROPOSED_REQUIRES_TASK_VALIDATION,/PER12/fields/12
PER12,source_record_id,来源记录定位,text,R,,原表主键或文件加工作表加行号；不得填个人证件原文,INTERNAL,是：任何实际记录必填,本次通用治理字段设计,SOURCE_RECORD_EVIDENCE,ImportSourceEvidence.recordLocator,P5-09,"[""P5-09""]",仅定位，不作为Person标识；日志/审计不写原敏感值,PROPOSED_REQUIRES_TASK_VALIDATION,/PER12/fields/13
PER12,approval_ref,审批证据号,text,C,,发布时必填；引用受控签审记录不粘贴敏感附件,INTERNAL,条件必填：发布时必填；引用受控签审记录不粘贴敏感附件,本次通用治理字段设计,APPROVAL_EVIDENCE,SourceEvidence.approvalReference,P5-09,"[""P5-09""]",源审批证据不等于本平台已授权；需owner核验及本次审批digest,PROPOSED_REQUIRES_TASK_VALIDATION,/PER12/fields/14
PER12,recorded_at,系统记录时间,datetime,R,,实际录入或纠错时间；不得冒充业务生效时间,INTERNAL,是：任何实际记录必填,本次通用治理字段设计,SOURCE_RECORDED_TIME,ImportSourceEvidence.sourceRecordedAt,P5-09,"[""P5-09""]",保存来源记录时间；目标recordedFrom由DB实际生成，不能回填伪知识,PROPOSED_REQUIRES_TASK_VALIDATION,/PER12/fields/15
PER13,title_appointment_id,职务聘任ID,id,R,,专业职务聘任的永久稳定记录/对象标识；不可由名称、工号或院区拼接决定，不复用停用标识。,INTERNAL,是：任何实际记录必填,原模板EMPLOYED_POST_NAME两行拆分,SOURCE_CREATE_ALIAS,TitleAppointment.sourceClientKey,P5-09,"[""P5-09""]",CREATE中为源alias；平台stableId由DB生成。UPDATE需单独已授权platformRef+expectedVersion，不能伪造新ID。,PROPOSED_REQUIRES_TASK_VALIDATION,/PER13/fields/0
PER13,employment_id,聘用关系ID,id,R,PER04.employment_id,聘用关系ID；引用PER04.employment_id的稳定标识；跨表关联须使用相同业务时点下的有效记录。,INTERNAL,是：任何实际记录必填,原模板EMPLOYED_POST_NAME两行拆分,TYPED_RELATION_REFERENCE,TitleAppointment.employment_id,P5-09,"[""P4-03"", ""P5-09""]",按精确dataset/type/namespace解析，验证owner/scope/full interval；未ready目标不能忽略或按名猜测。,PROPOSED_REQUIRES_TASK_VALIDATION,/PER13/fields/1
PER13,assignment_id,关联任职ID,id,C,PER06.assignment_id,关联任职ID；引用PER06.assignment_id的稳定标识；跨表关联须使用相同业务时点下的有效记录。,INTERNAL,条件必填：技术职务聘任与具体人事任职绑定时必填。,原模板EMPLOYED_POST_NAME两行拆分,TYPED_RELATION_REFERENCE,TitleAppointment.assignment_id,P5-09,"[""P4-04"", ""P5-09""]",按精确dataset/type/namespace解析，验证owner/scope/full interval；未ready目标不能忽略或按名猜测。,PROPOSED_REQUIRES_TASK_VALIDATION,/PER13/fields/2
PER13,title_qualification_id,依据技术资格ID,id,C,PER12.title_qualification_id,依据技术资格ID；引用PER12.title_qualification_id的稳定标识；跨表关联须使用相同业务时点下的有效记录。,INTERNAL,条件必填：该项职务聘任以已取得技术资格为前提时必填；特殊聘任须保留批准依据。,原模板EMPLOYED_POST_NAME两行拆分,TYPED_RELATION_REFERENCE,TitleAppointment.title_qualification_id,P5-09,"[""P5-09""]",按精确dataset/type/namespace解析，验证owner/scope/full interval；未ready目标不能忽略或按名猜测。,PROPOSED_REQUIRES_TASK_VALIDATION,/PER13/fields/3
PER13,appointed_title_code,聘任职务代码,text,R,,专业职务聘任记录的聘任职务代码；按本表一行粒度维护，由组织人事部确认，历史值不得直接覆盖。,INTERNAL,是：任何实际记录必填,原模板EMPLOYED_POST_NAME两行拆分,OWNER_VERSIONED_FACT,TitleAppointment.appointed_title_code,P5-09,"[""P5-09""]",明确字段纳入owner的版本化内容/关系；不反向形成通用宽表或绕过审批。,PROPOSED_REQUIRES_TASK_VALIDATION,/PER13/fields/4
PER13,appointed_title_name,聘任职务名称,text,R,,专业职务聘任记录的聘任职务名称；按本表一行粒度维护，由组织人事部确认，历史值不得直接覆盖。,INTERNAL,是：任何实际记录必填,原模板EMPLOYED_POST_NAME两行拆分,OWNER_VERSIONED_FACT,TitleAppointment.appointed_title_name,P5-09,"[""P5-09""]",明确字段纳入owner的版本化内容/关系；不反向形成通用宽表或绕过审批。,PROPOSED_REQUIRES_TASK_VALIDATION,/PER13/fields/5
PER13,appointed_level,聘用等级,text,R,,专业职务聘任记录的聘用等级；按本表一行粒度维护，由组织人事部确认，历史值不得直接覆盖。,INTERNAL,是：任何实际记录必填,人员信息表-标准定义模板V1.01.xlsx#人员信息表!A16:EMPLOYED_POST_LEVEL,OWNER_VERSIONED_FACT,TitleAppointment.appointed_level,P5-09,"[""P5-09""]",明确字段纳入owner的版本化内容/关系；不反向形成通用宽表或绕过审批。,PROPOSED_REQUIRES_TASK_VALIDATION,/PER13/fields/6
PER13,appointed_on,聘任日期,date,R,,专业职务聘任记录的聘任日期；按本表一行粒度维护，由组织人事部确认，历史值不得直接覆盖。,INTERNAL,是：任何实际记录必填,原模板EMPLOYED_POST_NAME两行拆分,OWNER_VERSIONED_FACT,TitleAppointment.appointed_on,P5-09,"[""P5-09""]",明确字段纳入owner的版本化内容/关系；不反向形成通用宽表或绕过审批。,PROPOSED_REQUIRES_TASK_VALIDATION,/PER13/fields/7
PER13,appointment_doc,聘任文件号,text,R,,专业职务聘任记录的聘任文件号；按本表一行粒度维护，由组织人事部确认，历史值不得直接覆盖。,INTERNAL,是：任何实际记录必填,原模板EMPLOYED_POST_NAME两行拆分,OWNER_VERSIONED_FACT,TitleAppointment.appointment_doc,P5-09,"[""P5-09""]",明确字段纳入owner的版本化内容/关系；不反向形成通用宽表或绕过审批。,PROPOSED_REQUIRES_TASK_VALIDATION,/PER13/fields/8
PER13,version_no,版本号,integer,R,,稳定ID内部递增；不是新对象ID,INTERNAL,是：任何实际记录必填,本次通用治理字段设计,SOURCE_VERSION_EVIDENCE,ImportSourceEvidence.sourceVersion,P5-09,"[""P5-09""]",源修订号仅保存来源，不覆盖DB目标versionNo,PROPOSED_REQUIRES_TASK_VALIDATION,/PER13/fields/9
PER13,valid_from,业务生效时间,datetime,R,,左闭右开区间起点；ISO 8601并含时区,INTERNAL,是：任何实际记录必填,本次通用治理字段设计,BUSINESS_TIME,businessValidFrom,P5-09,"[""P5-09""]",原始offset保留；仅按已发布contract显式+08:00→local；DB主时间无offset,PROPOSED_REQUIRES_TASK_VALIDATION,/PER13/fields/10
PER13,valid_to,业务失效时间,datetime,O,,空表示未设结束；不得早于生效时间,INTERNAL,可空：未知/不适用保持空；不以0或未知码冒充,本次通用治理字段设计,BUSINESS_TIME,businessValidTo,P5-09,"[""P5-09""]",null=无界，必须大于from，整区间检验，不用任意大日期,PROPOSED_REQUIRES_TASK_VALIDATION,/PER13/fields/11
PER13,record_status,记录状态,code,R,enum:record_status,草稿与正式有效记录分离,INTERNAL,是：任何实际记录必填,本次通用治理字段设计,LIFECYCLE_INTENT,ImportIntent.sourceRecordStatus,P5-09,"[""P5-09""]",源草稿/正式等映射显式owner命令；不得直接改变审批/业务状态,PROPOSED_REQUIRES_TASK_VALIDATION,/PER13/fields/12
PER13,source_system_id,权威来源系统ID,id,R,GOV01.system_id,来源为人工整理时登记来源系统MDM_MANUAL,INTERNAL,是：任何实际记录必填,本次通用治理字段设计,SOURCE_NAMESPACE,SourceSystemReference,P5-09,"[""P5-09""]",精确GOV01源系统注册；MANUAL也要登记，非账号system身份默认映射,PROPOSED_REQUIRES_TASK_VALIDATION,/PER13/fields/13
PER13,source_record_id,来源记录定位,text,R,,原表主键或文件加工作表加行号；不得填个人证件原文,INTERNAL,是：任何实际记录必填,本次通用治理字段设计,SOURCE_RECORD_EVIDENCE,ImportSourceEvidence.recordLocator,P5-09,"[""P5-09""]",仅定位，不作为Person标识；日志/审计不写原敏感值,PROPOSED_REQUIRES_TASK_VALIDATION,/PER13/fields/14
PER13,approval_ref,审批证据号,text,C,,发布时必填；引用受控签审记录不粘贴敏感附件,INTERNAL,条件必填：发布时必填；引用受控签审记录不粘贴敏感附件,本次通用治理字段设计,APPROVAL_EVIDENCE,SourceEvidence.approvalReference,P5-09,"[""P5-09""]",源审批证据不等于本平台已授权；需owner核验及本次审批digest,PROPOSED_REQUIRES_TASK_VALIDATION,/PER13/fields/15
PER13,recorded_at,系统记录时间,datetime,R,,实际录入或纠错时间；不得冒充业务生效时间,INTERNAL,是：任何实际记录必填,本次通用治理字段设计,SOURCE_RECORDED_TIME,ImportSourceEvidence.sourceRecordedAt,P5-09,"[""P5-09""]",保存来源记录时间；目标recordedFrom由DB实际生成，不能回填伪知识,PROPOSED_REQUIRES_TASK_VALIDATION,/PER13/fields/16
PER14,membership_id,医疗组成员ID,id,R,,医疗组成员的永久稳定记录/对象标识；不可由名称、工号或院区拼接决定，不复用停用标识。,INTERNAL,是：任何实际记录必填,东华07医疗单元及关联医护人员,SOURCE_CREATE_ALIAS,MedicalTeamMembership.sourceClientKey,P5-03,"[""P5-03""]",CREATE中为源alias；平台stableId由DB生成。UPDATE需单独已授权platformRef+expectedVersion，不能伪造新ID。,PROPOSED_REQUIRES_TASK_VALIDATION,/PER14/fields/0
PER14,team_id,医疗组ID,id,R,ORG14.team_id,医疗组ID；引用ORG14.team_id的稳定标识；跨表关联须使用相同业务时点下的有效记录。,INTERNAL,是：任何实际记录必填,东华07医疗单元及关联医护人员,TYPED_RELATION_REFERENCE,MedicalTeamMembership.team_id,P5-03,"[""P5-03""]",按精确dataset/type/namespace解析，验证owner/scope/full interval；未ready目标不能忽略或按名猜测。,PROPOSED_REQUIRES_TASK_VALIDATION,/PER14/fields/1
PER14,practitioner_id,专业身份ID,id,R,PER07.practitioner_id,专业身份ID；引用PER07.practitioner_id的稳定标识；跨表关联须使用相同业务时点下的有效记录。,INTERNAL,是：任何实际记录必填,东华07医疗单元及关联医护人员,TYPED_RELATION_REFERENCE,MedicalTeamMembership.practitioner_id,P5-03,"[""P5-03"", ""P5-04""]",按精确dataset/type/namespace解析，验证owner/scope/full interval；未ready目标不能忽略或按名猜测。,PROPOSED_REQUIRES_TASK_VALIDATION,/PER14/fields/2
PER14,assignment_id,依托任职ID,id,C,PER06.assignment_id,依托任职ID；引用PER06.assignment_id的稳定标识；跨表关联须使用相同业务时点下的有效记录。,INTERNAL,条件必填：成员资格依托本院具体任职时必填；外部协作成员采用已审定的替代依据。,东华07医疗单元及关联医护人员,TYPED_RELATION_REFERENCE,MedicalTeamMembership.assignment_id,P5-03,"[""P4-04"", ""P5-03""]",按精确dataset/type/namespace解析，验证owner/scope/full interval；未ready目标不能忽略或按名猜测。,PROPOSED_REQUIRES_TASK_VALIDATION,/PER14/fields/3
PER14,is_leader,组长标志,code,R,enum:yes_no,组长标志；取值见建议码表yes_no，采用前需院方确认；不可用显示名称替代代码。,INTERNAL,是：任何实际记录必填,东华07医疗单元及关联医护人员,VERSIONED_CODE_BINDING,MedicalTeamMembership.is_leader,P5-03,"[""P5-03""]",建议枚举需采纳版本；错误码/未批准码阻断；显示标签不当key。,PROPOSED_REQUIRES_TASK_VALIDATION,/PER14/fields/4
PER14,outpatient_enabled,门诊服务标志,code,R,enum:yes_no,门诊服务标志；取值见建议码表yes_no，采用前需院方确认；不可用显示名称替代代码。,INTERNAL,是：任何实际记录必填,东华07医疗单元及关联医护人员,TEAM_DUTY_DECLARATION,TeamMembershipDuty.outpatient,P5-03,"[""P5-03""]",组内职责声明不等于处方/诊疗许可,PROPOSED_REQUIRES_TASK_VALIDATION,/PER14/fields/5
PER14,inpatient_enabled,住院服务标志,code,R,enum:yes_no,住院服务标志；取值见建议码表yes_no，采用前需院方确认；不可用显示名称替代代码。,INTERNAL,是：任何实际记录必填,东华07医疗单元及关联医护人员,TEAM_DUTY_DECLARATION,TeamMembershipDuty.inpatient,P5-03,"[""P5-03""]",住院职责不替代专项授权,PROPOSED_REQUIRES_TASK_VALIDATION,/PER14/fields/6
PER14,team_role,组内职责,text,C,,组内职责；医疗组按组长、成员、带教等职责分工运作时必填，不由系统角色反推。,INTERNAL,条件必填：医疗组按组长、成员、带教等职责分工运作时必填，不由系统角色反推。,东华07医疗单元及关联医护人员,OWNER_VERSIONED_FACT,MedicalTeamMembership.team_role,P5-03,"[""P5-03""]",明确字段纳入owner的版本化内容/关系；不反向形成通用宽表或绕过审批。,PROPOSED_REQUIRES_TASK_VALIDATION,/PER14/fields/7
PER14,version_no,版本号,integer,R,,稳定ID内部递增；不是新对象ID,INTERNAL,是：任何实际记录必填,本次通用治理字段设计,SOURCE_VERSION_EVIDENCE,ImportSourceEvidence.sourceVersion,P5-03,"[""P5-03""]",源修订号仅保存来源，不覆盖DB目标versionNo,PROPOSED_REQUIRES_TASK_VALIDATION,/PER14/fields/8
PER14,valid_from,业务生效时间,datetime,R,,左闭右开区间起点；ISO 8601并含时区,INTERNAL,是：任何实际记录必填,本次通用治理字段设计,BUSINESS_TIME,businessValidFrom,P5-03,"[""P5-03""]",原始offset保留；仅按已发布contract显式+08:00→local；DB主时间无offset,PROPOSED_REQUIRES_TASK_VALIDATION,/PER14/fields/9
PER14,valid_to,业务失效时间,datetime,O,,空表示未设结束；不得早于生效时间,INTERNAL,可空：未知/不适用保持空；不以0或未知码冒充,本次通用治理字段设计,BUSINESS_TIME,businessValidTo,P5-03,"[""P5-03""]",null=无界，必须大于from，整区间检验，不用任意大日期,PROPOSED_REQUIRES_TASK_VALIDATION,/PER14/fields/10
PER14,record_status,记录状态,code,R,enum:record_status,草稿与正式有效记录分离,INTERNAL,是：任何实际记录必填,本次通用治理字段设计,LIFECYCLE_INTENT,ImportIntent.sourceRecordStatus,P5-03,"[""P5-03""]",源草稿/正式等映射显式owner命令；不得直接改变审批/业务状态,PROPOSED_REQUIRES_TASK_VALIDATION,/PER14/fields/11
PER14,source_system_id,权威来源系统ID,id,R,GOV01.system_id,来源为人工整理时登记来源系统MDM_MANUAL,INTERNAL,是：任何实际记录必填,本次通用治理字段设计,SOURCE_NAMESPACE,SourceSystemReference,P5-03,"[""P5-03""]",精确GOV01源系统注册；MANUAL也要登记，非账号system身份默认映射,PROPOSED_REQUIRES_TASK_VALIDATION,/PER14/fields/12
PER14,source_record_id,来源记录定位,text,R,,原表主键或文件加工作表加行号；不得填个人证件原文,INTERNAL,是：任何实际记录必填,本次通用治理字段设计,SOURCE_RECORD_EVIDENCE,ImportSourceEvidence.recordLocator,P5-03,"[""P5-03""]",仅定位，不作为Person标识；日志/审计不写原敏感值,PROPOSED_REQUIRES_TASK_VALIDATION,/PER14/fields/13
PER14,approval_ref,审批证据号,text,C,,发布时必填；引用受控签审记录不粘贴敏感附件,INTERNAL,条件必填：发布时必填；引用受控签审记录不粘贴敏感附件,本次通用治理字段设计,APPROVAL_EVIDENCE,SourceEvidence.approvalReference,P5-03,"[""P5-03""]",源审批证据不等于本平台已授权；需owner核验及本次审批digest,PROPOSED_REQUIRES_TASK_VALIDATION,/PER14/fields/14
PER14,recorded_at,系统记录时间,datetime,R,,实际录入或纠错时间；不得冒充业务生效时间,INTERNAL,是：任何实际记录必填,本次通用治理字段设计,SOURCE_RECORDED_TIME,ImportSourceEvidence.sourceRecordedAt,P5-03,"[""P5-03""]",保存来源记录时间；目标recordedFrom由DB实际生成，不能回填伪知识,PROPOSED_REQUIRES_TASK_VALIDATION,/PER14/fields/15
PER15,rotation_id,轮转计划ID,id,R,,轮转支援计划的永久稳定记录/对象标识；不可由名称、工号或院区拼接决定，不复用停用标识。,INTERNAL,是：任何实际记录必填,本次设计建议,SOURCE_CREATE_ALIAS,TemporaryArrangementPlan.sourceClientKey,P4-07,"[""P4-07""]",CREATE中为源alias；平台stableId由DB生成。UPDATE需单独已授权platformRef+expectedVersion，不能伪造新ID。,PROPOSED_REQUIRES_TASK_VALIDATION,/PER15/fields/0
PER15,person_id,人员ID,id,R,PER01.person_id,人员ID；引用PER01.person_id的稳定标识；跨表关联须使用相同业务时点下的有效记录。,INTERNAL,是：任何实际记录必填,本次设计建议,TYPED_RELATION_REFERENCE,TemporaryArrangementPlan.person_id,P4-07,"[""P4-01"", ""P4-07""]",按精确dataset/type/namespace解析，验证owner/scope/full interval；未ready目标不能忽略或按名猜测。,PROPOSED_REQUIRES_TASK_VALIDATION,/PER15/fields/1
PER15,from_assignment_id,原任职关系ID,id,C,PER06.assignment_id,原任职关系ID；引用PER06.assignment_id的稳定标识；跨表关联须使用相同业务时点下的有效记录。,INTERNAL,条件必填：已有本院任职人员轮转/支援调出时必填；外部首次来院可空。,本次设计建议,TYPED_RELATION_REFERENCE,TemporaryArrangementPlan.from_assignment_id,P4-07,"[""P4-04"", ""P4-07""]",按精确dataset/type/namespace解析，验证owner/scope/full interval；未ready目标不能忽略或按名猜测。,PROPOSED_REQUIRES_TASK_VALIDATION,/PER15/fields/2
PER15,to_assignment_id,目标任职关系ID,id,R,PER06.assignment_id,目标任职关系ID；引用PER06.assignment_id的稳定标识；跨表关联须使用相同业务时点下的有效记录。,INTERNAL,是：任何实际记录必填,本次设计建议,TYPED_RELATION_REFERENCE,TemporaryArrangementPlan.to_assignment_id,P4-07,"[""P4-04"", ""P4-07""]",按精确dataset/type/namespace解析，验证owner/scope/full interval；未ready目标不能忽略或按名猜测。,PROPOSED_REQUIRES_TASK_VALIDATION,/PER15/fields/3
PER15,rotation_purpose,轮转或支援目的,text,R,,轮转支援计划记录的轮转或支援目的；按本表一行粒度维护，由组织人事部确认，历史值不得直接覆盖。,INTERNAL,是：任何实际记录必填,本次设计建议,OWNER_VERSIONED_FACT,TemporaryArrangementPlan.rotation_purpose,P4-07,"[""P4-07""]",明确字段纳入owner的版本化内容/关系；不反向形成通用宽表或绕过审批。,PROPOSED_REQUIRES_TASK_VALIDATION,/PER15/fields/4
PER15,training_program,培训项目名称,text,O,,轮转支援计划记录的培训项目名称；按本表一行粒度维护，由组织人事部确认，历史值不得直接覆盖。,INTERNAL,可空：未知/不适用保持空；不以0或未知码冒充,本次设计建议,TRAINING_PLAN,TemporaryArrangementPlan.trainingProgram,P4-11,"[""P4-11""]",轮转计划与实际期间、监督关系分开,PROPOSED_REQUIRES_TASK_VALIDATION,/PER15/fields/5
PER15,supervisor_person_id,带教或接收负责人ID,id,C,PER01.person_id,带教或接收负责人ID；引用PER01.person_id的稳定标识；跨表关联须使用相同业务时点下的有效记录。,INTERNAL,条件必填：学生、进修、规培等需带教审核或支援需指定接收责任人时必填。,本次设计建议,SUPERVISION_RELATION,SupervisionRelation.supervisor,P5-10,"[""P4-01"", ""P5-10""]",不能仅ID存在就视为有资格带教,PROPOSED_REQUIRES_TASK_VALIDATION,/PER15/fields/6
PER15,plan_approval_ref,批准凭据,text,R,,轮转支援计划记录的批准凭据；按本表一行粒度维护，由组织人事部确认，历史值不得直接覆盖。,INTERNAL,是：任何实际记录必填,本次设计建议,OWNER_VERSIONED_FACT,TemporaryArrangementPlan.plan_approval_ref,P4-07,"[""P4-07""]",明确字段纳入owner的版本化内容/关系；不反向形成通用宽表或绕过审批。,PROPOSED_REQUIRES_TASK_VALIDATION,/PER15/fields/7
PER15,version_no,版本号,integer,R,,稳定ID内部递增；不是新对象ID,INTERNAL,是：任何实际记录必填,本次通用治理字段设计,SOURCE_VERSION_EVIDENCE,ImportSourceEvidence.sourceVersion,P4-07,"[""P4-07""]",源修订号仅保存来源，不覆盖DB目标versionNo,PROPOSED_REQUIRES_TASK_VALIDATION,/PER15/fields/8
PER15,valid_from,业务生效时间,datetime,R,,左闭右开区间起点；ISO 8601并含时区,INTERNAL,是：任何实际记录必填,本次通用治理字段设计,BUSINESS_TIME,businessValidFrom,P4-07,"[""P4-07""]",原始offset保留；仅按已发布contract显式+08:00→local；DB主时间无offset,PROPOSED_REQUIRES_TASK_VALIDATION,/PER15/fields/9
PER15,valid_to,业务失效时间,datetime,O,,空表示未设结束；不得早于生效时间,INTERNAL,可空：未知/不适用保持空；不以0或未知码冒充,本次通用治理字段设计,BUSINESS_TIME,businessValidTo,P4-07,"[""P4-07""]",null=无界，必须大于from，整区间检验，不用任意大日期,PROPOSED_REQUIRES_TASK_VALIDATION,/PER15/fields/10
PER15,record_status,记录状态,code,R,enum:record_status,草稿与正式有效记录分离,INTERNAL,是：任何实际记录必填,本次通用治理字段设计,LIFECYCLE_INTENT,ImportIntent.sourceRecordStatus,P4-07,"[""P4-07""]",源草稿/正式等映射显式owner命令；不得直接改变审批/业务状态,PROPOSED_REQUIRES_TASK_VALIDATION,/PER15/fields/11
PER15,source_system_id,权威来源系统ID,id,R,GOV01.system_id,来源为人工整理时登记来源系统MDM_MANUAL,INTERNAL,是：任何实际记录必填,本次通用治理字段设计,SOURCE_NAMESPACE,SourceSystemReference,P4-07,"[""P4-07""]",精确GOV01源系统注册；MANUAL也要登记，非账号system身份默认映射,PROPOSED_REQUIRES_TASK_VALIDATION,/PER15/fields/12
PER15,source_record_id,来源记录定位,text,R,,原表主键或文件加工作表加行号；不得填个人证件原文,INTERNAL,是：任何实际记录必填,本次通用治理字段设计,SOURCE_RECORD_EVIDENCE,ImportSourceEvidence.recordLocator,P4-07,"[""P4-07""]",仅定位，不作为Person标识；日志/审计不写原敏感值,PROPOSED_REQUIRES_TASK_VALIDATION,/PER15/fields/13
PER15,approval_ref,审批证据号,text,C,,发布时必填；引用受控签审记录不粘贴敏感附件,INTERNAL,条件必填：发布时必填；引用受控签审记录不粘贴敏感附件,本次通用治理字段设计,APPROVAL_EVIDENCE,SourceEvidence.approvalReference,P4-07,"[""P4-07""]",源审批证据不等于本平台已授权；需owner核验及本次审批digest,PROPOSED_REQUIRES_TASK_VALIDATION,/PER15/fields/14
PER15,recorded_at,系统记录时间,datetime,R,,实际录入或纠错时间；不得冒充业务生效时间,INTERNAL,是：任何实际记录必填,本次通用治理字段设计,SOURCE_RECORDED_TIME,ImportSourceEvidence.sourceRecordedAt,P4-07,"[""P4-07""]",保存来源记录时间；目标recordedFrom由DB实际生成，不能回填伪知识,PROPOSED_REQUIRES_TASK_VALIDATION,/PER15/fields/15
PER16,supervision_id,监督关系ID,id,R,,带教与审核关系的永久稳定记录/对象标识；不可由名称、工号或院区拼接决定，不复用停用标识。,INTERNAL,是：任何实际记录必填,东华04模板说明PRACTICE；不把厂商私有码当国家码,SOURCE_CREATE_ALIAS,SupervisionRelation.sourceClientKey,P5-10,"[""P5-10""]",CREATE中为源alias；平台stableId由DB生成。UPDATE需单独已授权platformRef+expectedVersion，不能伪造新ID。,PROPOSED_REQUIRES_TASK_VALIDATION,/PER16/fields/0
PER16,trainee_practitioner_id,被指导专业身份ID,id,R,PER07.practitioner_id,被指导专业身份ID；引用PER07.practitioner_id的稳定标识；跨表关联须使用相同业务时点下的有效记录。,INTERNAL,是：任何实际记录必填,东华04模板说明PRACTICE；不把厂商私有码当国家码,TYPED_RELATION_REFERENCE,SupervisionRelation.trainee_practitioner_id,P5-10,"[""P5-04"", ""P5-10""]",按精确dataset/type/namespace解析，验证owner/scope/full interval；未ready目标不能忽略或按名猜测。,PROPOSED_REQUIRES_TASK_VALIDATION,/PER16/fields/1
PER16,supervisor_practitioner_id,审核人专业身份ID,id,R,PER07.practitioner_id,审核人专业身份ID；引用PER07.practitioner_id的稳定标识；跨表关联须使用相同业务时点下的有效记录。,INTERNAL,是：任何实际记录必填,东华04模板说明PRACTICE；不把厂商私有码当国家码,TYPED_RELATION_REFERENCE,SupervisionRelation.supervisor_practitioner_id,P5-10,"[""P5-04"", ""P5-10""]",按精确dataset/type/namespace解析，验证owner/scope/full interval；未ready目标不能忽略或按名猜测。,PROPOSED_REQUIRES_TASK_VALIDATION,/PER16/fields/2
PER16,unit_id,适用单元ID,id,R,ORG07.unit_id,适用单元ID；引用ORG07.unit_id的稳定标识；跨表关联须使用相同业务时点下的有效记录。,INTERNAL,是：任何实际记录必填,东华04模板说明PRACTICE；不把厂商私有码当国家码,TYPED_RELATION_REFERENCE,SupervisionRelation.unit_id,P5-10,"[""P3-01"", ""P5-10""]",按精确dataset/type/namespace解析，验证owner/scope/full interval；未ready目标不能忽略或按名猜测。,PROPOSED_REQUIRES_TASK_VALIDATION,/PER16/fields/3
PER16,review_scope,需审核业务范围,text,R,,带教与审核关系记录的需审核业务范围；按本表一行粒度维护，由医务部确认，历史值不得直接覆盖。,INTERNAL,是：任何实际记录必填,东华04模板说明PRACTICE；不把厂商私有码当国家码,OWNER_VERSIONED_FACT,SupervisionRelation.review_scope,P5-10,"[""P5-10""]",明确字段纳入owner的版本化内容/关系；不反向形成通用宽表或绕过审批。,PROPOSED_REQUIRES_TASK_VALIDATION,/PER16/fields/4
PER16,review_before_effective,审核后方可生效,code,R,enum:yes_no,审核后方可生效；取值见建议码表yes_no，采用前需院方确认；不可用显示名称替代代码。,INTERNAL,是：任何实际记录必填,东华04模板说明PRACTICE；不把厂商私有码当国家码,VERSIONED_CODE_BINDING,SupervisionRelation.review_before_effective,P5-10,"[""P5-10""]",建议枚举需采纳版本；错误码/未批准码阻断；显示标签不当key。,PROPOSED_REQUIRES_TASK_VALIDATION,/PER16/fields/5
PER16,approval_ref_business,带教安排凭据,text,R,,带教与审核关系记录的带教安排凭据；按本表一行粒度维护，由医务部确认，历史值不得直接覆盖。,INTERNAL,是：任何实际记录必填,东华04模板说明PRACTICE；不把厂商私有码当国家码,OWNER_VERSIONED_FACT,SupervisionRelation.approval_ref_business,P5-10,"[""P5-10""]",明确字段纳入owner的版本化内容/关系；不反向形成通用宽表或绕过审批。,PROPOSED_REQUIRES_TASK_VALIDATION,/PER16/fields/6
PER16,version_no,版本号,integer,R,,稳定ID内部递增；不是新对象ID,INTERNAL,是：任何实际记录必填,本次通用治理字段设计,SOURCE_VERSION_EVIDENCE,ImportSourceEvidence.sourceVersion,P5-10,"[""P5-10""]",源修订号仅保存来源，不覆盖DB目标versionNo,PROPOSED_REQUIRES_TASK_VALIDATION,/PER16/fields/7
PER16,valid_from,业务生效时间,datetime,R,,左闭右开区间起点；ISO 8601并含时区,INTERNAL,是：任何实际记录必填,本次通用治理字段设计,BUSINESS_TIME,businessValidFrom,P5-10,"[""P5-10""]",原始offset保留；仅按已发布contract显式+08:00→local；DB主时间无offset,PROPOSED_REQUIRES_TASK_VALIDATION,/PER16/fields/8
PER16,valid_to,业务失效时间,datetime,O,,空表示未设结束；不得早于生效时间,INTERNAL,可空：未知/不适用保持空；不以0或未知码冒充,本次通用治理字段设计,BUSINESS_TIME,businessValidTo,P5-10,"[""P5-10""]",null=无界，必须大于from，整区间检验，不用任意大日期,PROPOSED_REQUIRES_TASK_VALIDATION,/PER16/fields/9
PER16,record_status,记录状态,code,R,enum:record_status,草稿与正式有效记录分离,INTERNAL,是：任何实际记录必填,本次通用治理字段设计,LIFECYCLE_INTENT,ImportIntent.sourceRecordStatus,P5-10,"[""P5-10""]",源草稿/正式等映射显式owner命令；不得直接改变审批/业务状态,PROPOSED_REQUIRES_TASK_VALIDATION,/PER16/fields/10
PER16,source_system_id,权威来源系统ID,id,R,GOV01.system_id,来源为人工整理时登记来源系统MDM_MANUAL,INTERNAL,是：任何实际记录必填,本次通用治理字段设计,SOURCE_NAMESPACE,SourceSystemReference,P5-10,"[""P5-10""]",精确GOV01源系统注册；MANUAL也要登记，非账号system身份默认映射,PROPOSED_REQUIRES_TASK_VALIDATION,/PER16/fields/11
PER16,source_record_id,来源记录定位,text,R,,原表主键或文件加工作表加行号；不得填个人证件原文,INTERNAL,是：任何实际记录必填,本次通用治理字段设计,SOURCE_RECORD_EVIDENCE,ImportSourceEvidence.recordLocator,P5-10,"[""P5-10""]",仅定位，不作为Person标识；日志/审计不写原敏感值,PROPOSED_REQUIRES_TASK_VALIDATION,/PER16/fields/12
PER16,approval_ref,审批证据号,text,C,,发布时必填；引用受控签审记录不粘贴敏感附件,INTERNAL,条件必填：发布时必填；引用受控签审记录不粘贴敏感附件,本次通用治理字段设计,APPROVAL_EVIDENCE,SourceEvidence.approvalReference,P5-10,"[""P5-10""]",源审批证据不等于本平台已授权；需owner核验及本次审批digest,PROPOSED_REQUIRES_TASK_VALIDATION,/PER16/fields/13
PER16,recorded_at,系统记录时间,datetime,R,,实际录入或纠错时间；不得冒充业务生效时间,INTERNAL,是：任何实际记录必填,本次通用治理字段设计,SOURCE_RECORDED_TIME,ImportSourceEvidence.sourceRecordedAt,P5-10,"[""P5-10""]",保存来源记录时间；目标recordedFrom由DB实际生成，不能回填伪知识,PROPOSED_REQUIRES_TASK_VALIDATION,/PER16/fields/14
PER17,account_id,账号稳定ID,id,R,,系统账号的永久稳定记录/对象标识；不可由名称、工号或院区拼接决定，不复用停用标识。,INTERNAL,是：任何实际记录必填,东华06用户医护人员；卫宁操作员czryk,SOURCE_CREATE_ALIAS,Account.sourceClientKey,P6-01,"[""P6-01""]",CREATE中为源alias；平台stableId由DB生成。UPDATE需单独已授权platformRef+expectedVersion，不能伪造新ID。,PROPOSED_REQUIRES_TASK_VALIDATION,/PER17/fields/0
PER17,system_id,应用系统ID,id,R,GOV01.system_id,应用系统ID；引用GOV01.system_id的稳定标识；跨表关联须使用相同业务时点下的有效记录。,INTERNAL,是：任何实际记录必填,东华06用户医护人员；卫宁操作员czryk,TYPED_RELATION_REFERENCE,Account.system_id,P6-01,"[""P6-01""]",按精确dataset/type/namespace解析，验证owner/scope/full interval；未ready目标不能忽略或按名猜测。,PROPOSED_REQUIRES_TASK_VALIDATION,/PER17/fields/1
PER17,account_subject,认证主体标识sub,text,R,,系统账号记录的认证主体标识sub；按本表一行粒度维护，由信息管理部确认，历史值不得直接覆盖。,INTERNAL,是：任何实际记录必填,东华06用户医护人员；卫宁操作员czryk,OWNER_VERSIONED_FACT,Account.account_subject,P6-01,"[""P6-01""]",明确字段纳入owner的版本化内容/关系；不反向形成通用宽表或绕过审批。,PROPOSED_REQUIRES_TASK_VALIDATION,/PER17/fields/2
PER17,login_name,登录名,text,R,,系统账号记录的登录名；按本表一行粒度维护，由信息管理部确认，历史值不得直接覆盖。,INTERNAL,是：任何实际记录必填,东华06用户医护人员；卫宁操作员czryk,OWNER_VERSIONED_FACT,Account.login_name,P6-01,"[""P6-01""]",明确字段纳入owner的版本化内容/关系；不反向形成通用宽表或绕过审批。,PROPOSED_REQUIRES_TASK_VALIDATION,/PER17/fields/3
PER17,account_kind,账号类型,code,R,enum:account_kind,账号类型；取值见建议码表account_kind，采用前需院方确认；不可用显示名称替代代码。,INTERNAL,是：任何实际记录必填,东华06用户医护人员；卫宁操作员czryk,VERSIONED_CODE_BINDING,Account.account_kind,P6-01,"[""P6-01""]",建议枚举需采纳版本；错误码/未批准码阻断；显示标签不当key。,PROPOSED_REQUIRES_TASK_VALIDATION,/PER17/fields/4
PER17,person_id,实名关联人员ID,id,C,PER01.person_id,HUMAN账号必填；服务账号此项可空,INTERNAL,条件必填：账号类型为HUMAN时必填；服务账号不得绑定虚构员工。,东华06用户医护人员；卫宁操作员czryk,TYPED_RELATION_REFERENCE,Account.person_id,P6-01,"[""P4-01"", ""P6-01""]",按精确dataset/type/namespace解析，验证owner/scope/full interval；未ready目标不能忽略或按名猜测。,PROPOSED_REQUIRES_TASK_VALIDATION,/PER17/fields/5
PER17,responsible_person_id,账号责任人ID,id,R,PER01.person_id,账号责任人ID；引用PER01.person_id的稳定标识；跨表关联须使用相同业务时点下的有效记录。,INTERNAL,是：任何实际记录必填,东华06用户医护人员；卫宁操作员czryk,ACCOUNT_RESPONSIBILITY,AccountResponsibility.personRef,P6-01,"[""P4-01"", ""P6-01""]",服务账号负责人不是自然人登录身份绑定,PROPOSED_REQUIRES_TASK_VALIDATION,/PER17/fields/6
PER17,account_status,账号状态,code,R,enum:account_status,账号状态；取值见建议码表account_status，采用前需院方确认；不可用显示名称替代代码。,INTERNAL,是：任何实际记录必填,东华06用户医护人员；卫宁操作员czryk,VERSIONED_CODE_BINDING,Account.account_status,P6-01,"[""P6-01""]",建议枚举需采纳版本；错误码/未批准码阻断；显示标签不当key。,PROPOSED_REQUIRES_TASK_VALIDATION,/PER17/fields/7
PER17,default_unit_id,默认登录单元,id,C,ORG07.unit_id,默认登录单元；引用ORG07.unit_id的稳定标识；跨表关联须使用相同业务时点下的有效记录。,INTERNAL,条件必填：应用需要默认登录单元时必填；默认值不等于完整授权范围。,东华06用户医护人员；卫宁操作员czryk,TYPED_RELATION_REFERENCE,Account.default_unit_id,P6-01,"[""P3-01"", ""P6-01""]",按精确dataset/type/namespace解析，验证owner/scope/full interval；未ready目标不能忽略或按名猜测。,PROPOSED_REQUIRES_TASK_VALIDATION,/PER17/fields/8
PER17,authentication_policy_ref,认证策略引用,text,R,,不保存密码、私钥、MFA密钥或恢复码,INTERNAL,是：任何实际记录必填,东华06用户医护人员；卫宁操作员czryk,OWNER_VERSIONED_FACT,Account.authentication_policy_ref,P6-01,"[""P6-01""]",明确字段纳入owner的版本化内容/关系；不反向形成通用宽表或绕过审批。,PROPOSED_REQUIRES_TASK_VALIDATION,/PER17/fields/9
PER17,must_change_initial_secret,初次登录改密标志,code,R,enum:yes_no,初次登录改密标志；取值见建议码表yes_no，采用前需院方确认；不可用显示名称替代代码。,INTERNAL,是：任何实际记录必填,东华06用户医护人员；卫宁操作员czryk,AUTH_POLICY_METADATA,AuthenticationPolicy.requireFirstUseChange,P6-01,"[""P6-01""]",不传递初始口令或私钥；不声称本字段已实现第三方认证,PROPOSED_REQUIRES_TASK_VALIDATION,/PER17/fields/10
PER17,disabled_at,停用时间,datetime,O,,系统账号记录的停用时间；按本表一行粒度维护，由信息管理部确认，历史值不得直接覆盖。,INTERNAL,可空：未知/不适用保持空；不以0或未知码冒充,东华06用户医护人员；卫宁操作员czryk,OWNER_VERSIONED_FACT,Account.disabled_at,P6-01,"[""P6-01""]",明确字段纳入owner的版本化内容/关系；不反向形成通用宽表或绕过审批。,PROPOSED_REQUIRES_TASK_VALIDATION,/PER17/fields/11
PER17,version_no,版本号,integer,R,,稳定ID内部递增；不是新对象ID,INTERNAL,是：任何实际记录必填,本次通用治理字段设计,SOURCE_VERSION_EVIDENCE,ImportSourceEvidence.sourceVersion,P6-01,"[""P6-01""]",源修订号仅保存来源，不覆盖DB目标versionNo,PROPOSED_REQUIRES_TASK_VALIDATION,/PER17/fields/12
PER17,valid_from,业务生效时间,datetime,R,,左闭右开区间起点；ISO 8601并含时区,INTERNAL,是：任何实际记录必填,本次通用治理字段设计,BUSINESS_TIME,businessValidFrom,P6-01,"[""P6-01""]",原始offset保留；仅按已发布contract显式+08:00→local；DB主时间无offset,PROPOSED_REQUIRES_TASK_VALIDATION,/PER17/fields/13
PER17,valid_to,业务失效时间,datetime,O,,空表示未设结束；不得早于生效时间,INTERNAL,可空：未知/不适用保持空；不以0或未知码冒充,本次通用治理字段设计,BUSINESS_TIME,businessValidTo,P6-01,"[""P6-01""]",null=无界，必须大于from，整区间检验，不用任意大日期,PROPOSED_REQUIRES_TASK_VALIDATION,/PER17/fields/14
PER17,record_status,记录状态,code,R,enum:record_status,草稿与正式有效记录分离,INTERNAL,是：任何实际记录必填,本次通用治理字段设计,LIFECYCLE_INTENT,ImportIntent.sourceRecordStatus,P6-01,"[""P6-01""]",源草稿/正式等映射显式owner命令；不得直接改变审批/业务状态,PROPOSED_REQUIRES_TASK_VALIDATION,/PER17/fields/15
PER17,source_system_id,权威来源系统ID,id,R,GOV01.system_id,来源为人工整理时登记来源系统MDM_MANUAL,INTERNAL,是：任何实际记录必填,本次通用治理字段设计,SOURCE_NAMESPACE,SourceSystemReference,P6-01,"[""P6-01""]",精确GOV01源系统注册；MANUAL也要登记，非账号system身份默认映射,PROPOSED_REQUIRES_TASK_VALIDATION,/PER17/fields/16
PER17,source_record_id,来源记录定位,text,R,,原表主键或文件加工作表加行号；不得填个人证件原文,INTERNAL,是：任何实际记录必填,本次通用治理字段设计,SOURCE_RECORD_EVIDENCE,ImportSourceEvidence.recordLocator,P6-01,"[""P6-01""]",仅定位，不作为Person标识；日志/审计不写原敏感值,PROPOSED_REQUIRES_TASK_VALIDATION,/PER17/fields/17
PER17,approval_ref,审批证据号,text,C,,发布时必填；引用受控签审记录不粘贴敏感附件,INTERNAL,条件必填：发布时必填；引用受控签审记录不粘贴敏感附件,本次通用治理字段设计,APPROVAL_EVIDENCE,SourceEvidence.approvalReference,P6-01,"[""P6-01""]",源审批证据不等于本平台已授权；需owner核验及本次审批digest,PROPOSED_REQUIRES_TASK_VALIDATION,/PER17/fields/18
PER17,recorded_at,系统记录时间,datetime,R,,实际录入或纠错时间；不得冒充业务生效时间,INTERNAL,是：任何实际记录必填,本次通用治理字段设计,SOURCE_RECORDED_TIME,ImportSourceEvidence.sourceRecordedAt,P6-01,"[""P6-01""]",保存来源记录时间；目标recordedFrom由DB实际生成，不能回填伪知识,PROPOSED_REQUIRES_TASK_VALIDATION,/PER17/fields/19
PER18,iam_role_id,应用角色ID,id,R,,应用权限角色的永久稳定记录/对象标识；不可由名称、工号或院区拼接决定，不复用停用标识。,INTERNAL,是：任何实际记录必填,东华05安全组；卫宁gzgwqx,SOURCE_CREATE_ALIAS,ApplicationRole.sourceClientKey,P6-02,"[""P6-02""]",CREATE中为源alias；平台stableId由DB生成。UPDATE需单独已授权platformRef+expectedVersion，不能伪造新ID。,PROPOSED_REQUIRES_TASK_VALIDATION,/PER18/fields/0
PER18,system_id,所属系统ID,id,R,GOV01.system_id,所属系统ID；引用GOV01.system_id的稳定标识；跨表关联须使用相同业务时点下的有效记录。,INTERNAL,是：任何实际记录必填,东华05安全组；卫宁gzgwqx,TYPED_RELATION_REFERENCE,ApplicationRole.system_id,P6-02,"[""P6-02""]",按精确dataset/type/namespace解析，验证owner/scope/full interval；未ready目标不能忽略或按名猜测。,PROPOSED_REQUIRES_TASK_VALIDATION,/PER18/fields/1
PER18,role_code,权限角色代码,text,R,,应用权限角色记录的权限角色代码；按本表一行粒度维护，由信息管理部确认，历史值不得直接覆盖。,INTERNAL,是：任何实际记录必填,东华05安全组；卫宁gzgwqx,OWNER_VERSIONED_FACT,ApplicationRole.role_code,P6-02,"[""P6-02""]",明确字段纳入owner的版本化内容/关系；不反向形成通用宽表或绕过审批。,PROPOSED_REQUIRES_TASK_VALIDATION,/PER18/fields/2
PER18,role_name,权限角色名称,text,R,,应用权限角色记录的权限角色名称；按本表一行粒度维护，由信息管理部确认，历史值不得直接覆盖。,INTERNAL,是：任何实际记录必填,东华05安全组；卫宁gzgwqx,OWNER_VERSIONED_FACT,ApplicationRole.role_name,P6-02,"[""P6-02""]",明确字段纳入owner的版本化内容/关系；不反向形成通用宽表或绕过审批。,PROPOSED_REQUIRES_TASK_VALIDATION,/PER18/fields/3
PER18,permission_manifest_ref,菜单动作权限清单引用,text,R,,应用权限角色记录的菜单动作权限清单引用；按本表一行粒度维护，由信息管理部确认，历史值不得直接覆盖。,INTERNAL,是：任何实际记录必填,东华05安全组；卫宁gzgwqx,OWNER_VERSIONED_FACT,ApplicationRole.permission_manifest_ref,P6-02,"[""P6-02""]",明确字段纳入owner的版本化内容/关系；不反向形成通用宽表或绕过审批。,PROPOSED_REQUIRES_TASK_VALIDATION,/PER18/fields/4
PER18,risk_level,权限风险等级,text,R,,应用权限角色记录的权限风险等级；按本表一行粒度维护，由信息管理部确认，历史值不得直接覆盖。,INTERNAL,是：任何实际记录必填,东华05安全组；卫宁gzgwqx,OWNER_VERSIONED_FACT,ApplicationRole.risk_level,P6-02,"[""P6-02""]",明确字段纳入owner的版本化内容/关系；不反向形成通用宽表或绕过审批。,PROPOSED_REQUIRES_TASK_VALIDATION,/PER18/fields/5
PER18,business_approver_role,业务审批岗位,text,R,,应用权限角色记录的业务审批岗位；按本表一行粒度维护，由信息管理部确认，历史值不得直接覆盖。,INTERNAL,是：任何实际记录必填,东华05安全组；卫宁gzgwqx,OWNER_VERSIONED_FACT,ApplicationRole.business_approver_role,P6-02,"[""P6-02""]",明确字段纳入owner的版本化内容/关系；不反向形成通用宽表或绕过审批。,PROPOSED_REQUIRES_TASK_VALIDATION,/PER18/fields/6
PER18,separation_of_duties,职责分离限制,text,C,,职责分离限制；角色涉及制单/审核/付款、处方/审核或其他互斥职责时必填。,INTERNAL,条件必填：角色涉及制单/审核/付款、处方/审核或其他互斥职责时必填。,东华05安全组；卫宁gzgwqx,OWNER_VERSIONED_FACT,ApplicationRole.separation_of_duties,P6-02,"[""P6-02""]",明确字段纳入owner的版本化内容/关系；不反向形成通用宽表或绕过审批。,PROPOSED_REQUIRES_TASK_VALIDATION,/PER18/fields/7
PER18,is_privileged,高权限角色标志,code,R,enum:yes_no,高权限角色标志；取值见建议码表yes_no，采用前需院方确认；不可用显示名称替代代码。,INTERNAL,是：任何实际记录必填,东华05安全组；卫宁gzgwqx,VERSIONED_CODE_BINDING,ApplicationRole.is_privileged,P6-02,"[""P6-02""]",建议枚举需采纳版本；错误码/未批准码阻断；显示标签不当key。,PROPOSED_REQUIRES_TASK_VALIDATION,/PER18/fields/8
PER18,version_no,版本号,integer,R,,稳定ID内部递增；不是新对象ID,INTERNAL,是：任何实际记录必填,本次通用治理字段设计,SOURCE_VERSION_EVIDENCE,ImportSourceEvidence.sourceVersion,P6-02,"[""P6-02""]",源修订号仅保存来源，不覆盖DB目标versionNo,PROPOSED_REQUIRES_TASK_VALIDATION,/PER18/fields/9
PER18,valid_from,业务生效时间,datetime,R,,左闭右开区间起点；ISO 8601并含时区,INTERNAL,是：任何实际记录必填,本次通用治理字段设计,BUSINESS_TIME,businessValidFrom,P6-02,"[""P6-02""]",原始offset保留；仅按已发布contract显式+08:00→local；DB主时间无offset,PROPOSED_REQUIRES_TASK_VALIDATION,/PER18/fields/10
PER18,valid_to,业务失效时间,datetime,O,,空表示未设结束；不得早于生效时间,INTERNAL,可空：未知/不适用保持空；不以0或未知码冒充,本次通用治理字段设计,BUSINESS_TIME,businessValidTo,P6-02,"[""P6-02""]",null=无界，必须大于from，整区间检验，不用任意大日期,PROPOSED_REQUIRES_TASK_VALIDATION,/PER18/fields/11
PER18,record_status,记录状态,code,R,enum:record_status,草稿与正式有效记录分离,INTERNAL,是：任何实际记录必填,本次通用治理字段设计,LIFECYCLE_INTENT,ImportIntent.sourceRecordStatus,P6-02,"[""P6-02""]",源草稿/正式等映射显式owner命令；不得直接改变审批/业务状态,PROPOSED_REQUIRES_TASK_VALIDATION,/PER18/fields/12
PER18,source_system_id,权威来源系统ID,id,R,GOV01.system_id,来源为人工整理时登记来源系统MDM_MANUAL,INTERNAL,是：任何实际记录必填,本次通用治理字段设计,SOURCE_NAMESPACE,SourceSystemReference,P6-02,"[""P6-02""]",精确GOV01源系统注册；MANUAL也要登记，非账号system身份默认映射,PROPOSED_REQUIRES_TASK_VALIDATION,/PER18/fields/13
PER18,source_record_id,来源记录定位,text,R,,原表主键或文件加工作表加行号；不得填个人证件原文,INTERNAL,是：任何实际记录必填,本次通用治理字段设计,SOURCE_RECORD_EVIDENCE,ImportSourceEvidence.recordLocator,P6-02,"[""P6-02""]",仅定位，不作为Person标识；日志/审计不写原敏感值,PROPOSED_REQUIRES_TASK_VALIDATION,/PER18/fields/14
PER18,approval_ref,审批证据号,text,C,,发布时必填；引用受控签审记录不粘贴敏感附件,INTERNAL,条件必填：发布时必填；引用受控签审记录不粘贴敏感附件,本次通用治理字段设计,APPROVAL_EVIDENCE,SourceEvidence.approvalReference,P6-02,"[""P6-02""]",源审批证据不等于本平台已授权；需owner核验及本次审批digest,PROPOSED_REQUIRES_TASK_VALIDATION,/PER18/fields/15
PER18,recorded_at,系统记录时间,datetime,R,,实际录入或纠错时间；不得冒充业务生效时间,INTERNAL,是：任何实际记录必填,本次通用治理字段设计,SOURCE_RECORDED_TIME,ImportSourceEvidence.sourceRecordedAt,P6-02,"[""P6-02""]",保存来源记录时间；目标recordedFrom由DB实际生成，不能回填伪知识,PROPOSED_REQUIRES_TASK_VALIDATION,/PER18/fields/16
PER19,account_grant_id,账号授权ID,id,R,,账号范围授权的永久稳定记录/对象标识；不可由名称、工号或院区拼接决定，不复用停用标识。,INTERNAL,是：任何实际记录必填,东华06医院/科室/安全组三列；08用户登录其他科室,SOURCE_CREATE_ALIAS,ScopedAccessGrant.sourceClientKey,P6-03,"[""P6-03""]",CREATE中为源alias；平台stableId由DB生成。UPDATE需单独已授权platformRef+expectedVersion，不能伪造新ID。,PROPOSED_REQUIRES_TASK_VALIDATION,/PER19/fields/0
PER19,account_id,账号ID,id,R,PER17.account_id,账号ID；引用PER17.account_id的稳定标识；跨表关联须使用相同业务时点下的有效记录。,INTERNAL,是：任何实际记录必填,东华06医院/科室/安全组三列；08用户登录其他科室,TYPED_RELATION_REFERENCE,ScopedAccessGrant.account_id,P6-03,"[""P6-01"", ""P6-03""]",按精确dataset/type/namespace解析，验证owner/scope/full interval；未ready目标不能忽略或按名猜测。,PROPOSED_REQUIRES_TASK_VALIDATION,/PER19/fields/1
PER19,iam_role_id,权限角色ID,id,R,PER18.iam_role_id,权限角色ID；引用PER18.iam_role_id的稳定标识；跨表关联须使用相同业务时点下的有效记录。,INTERNAL,是：任何实际记录必填,东华06医院/科室/安全组三列；08用户登录其他科室,TYPED_RELATION_REFERENCE,ScopedAccessGrant.iam_role_id,P6-03,"[""P6-02"", ""P6-03""]",按精确dataset/type/namespace解析，验证owner/scope/full interval；未ready目标不能忽略或按名猜测。,PROPOSED_REQUIRES_TASK_VALIDATION,/PER19/fields/2
PER19,campus_id,院区范围,id,R,ORG02.campus_id,院区范围；引用ORG02.campus_id的稳定标识；跨表关联须使用相同业务时点下的有效记录。,INTERNAL,是：任何实际记录必填,东华06医院/科室/安全组三列；08用户登录其他科室,TYPED_RELATION_REFERENCE,ScopedAccessGrant.campus_id,P6-03,"[""P1-02"", ""P6-03""]",按精确dataset/type/namespace解析，验证owner/scope/full interval；未ready目标不能忽略或按名猜测。,PROPOSED_REQUIRES_TASK_VALIDATION,/PER19/fields/3
PER19,unit_id,业务单元范围,id,C,ORG07.unit_id,业务单元范围；引用ORG07.unit_id的稳定标识；跨表关联须使用相同业务时点下的有效记录。,INTERNAL,条件必填：权限按临床业务单元/科室隔离时必填；空范围不能被实现为全部科室。,东华06医院/科室/安全组三列；08用户登录其他科室,TYPED_RELATION_REFERENCE,ScopedAccessGrant.unit_id,P6-03,"[""P3-01"", ""P6-03""]",按精确dataset/type/namespace解析，验证owner/scope/full interval；未ready目标不能忽略或按名猜测。,PROPOSED_REQUIRES_TASK_VALIDATION,/PER19/fields/4
PER19,assignment_id,任职依据ID,id,C,PER06.assignment_id,任职依据ID；引用PER06.assignment_id的稳定标识；跨表关联须使用相同业务时点下的有效记录。,INTERNAL,条件必填：账号权限依据员工岗位任职批准时必填；其他依据必须显式审签。,东华06医院/科室/安全组三列；08用户登录其他科室,TYPED_RELATION_REFERENCE,ScopedAccessGrant.assignment_id,P6-03,"[""P4-04"", ""P6-03""]",按精确dataset/type/namespace解析，验证owner/scope/full interval；未ready目标不能忽略或按名猜测。,PROPOSED_REQUIRES_TASK_VALIDATION,/PER19/fields/5
PER19,scope_expression,其他资源范围表达式,text,C,,必须可执行且经审核；空不是全院,INTERNAL,条件必填：存在患者、资源、操作类别等额外权限过滤条件时必填，使用版本化可执行表达式。,东华06医院/科室/安全组三列；08用户登录其他科室,CONSTRAINED_SCOPE_AST,ScopedAccessGrant.scopeAst,P6-03,"[""P6-03""]",仅白名单DSL，不执行原文SQL/JS；null不全院、数组不笛卡尔,PROPOSED_REQUIRES_TASK_VALIDATION,/PER19/fields/6
PER19,grant_status,授权状态,code,R,enum:grant_status,授权状态；取值见建议码表grant_status，采用前需院方确认；不可用显示名称替代代码。,INTERNAL,是：任何实际记录必填,东华06医院/科室/安全组三列；08用户登录其他科室,VERSIONED_CODE_BINDING,ScopedAccessGrant.grant_status,P6-03,"[""P6-03""]",建议枚举需采纳版本；错误码/未批准码阻断；显示标签不当key。,PROPOSED_REQUIRES_TASK_VALIDATION,/PER19/fields/7
PER19,approval_ticket,权限申请审批单号,text,R,,账号范围授权记录的权限申请审批单号；按本表一行粒度维护，由业务系统归口部门确认，历史值不得直接覆盖。,INTERNAL,是：任何实际记录必填,东华06医院/科室/安全组三列；08用户登录其他科室,OWNER_VERSIONED_FACT,ScopedAccessGrant.approval_ticket,P6-03,"[""P6-03""]",明确字段纳入owner的版本化内容/关系；不反向形成通用宽表或绕过审批。,PROPOSED_REQUIRES_TASK_VALIDATION,/PER19/fields/8
PER19,revoked_at,撤销时间,datetime,O,,账号范围授权记录的撤销时间；按本表一行粒度维护，由业务系统归口部门确认，历史值不得直接覆盖。,INTERNAL,可空：未知/不适用保持空；不以0或未知码冒充,东华06医院/科室/安全组三列；08用户登录其他科室,OWNER_VERSIONED_FACT,ScopedAccessGrant.revoked_at,P6-03,"[""P6-03""]",明确字段纳入owner的版本化内容/关系；不反向形成通用宽表或绕过审批。,PROPOSED_REQUIRES_TASK_VALIDATION,/PER19/fields/9
PER19,grant_reason,授权事由,text,R,,账号范围授权记录的授权事由；按本表一行粒度维护，由业务系统归口部门确认，历史值不得直接覆盖。,INTERNAL,是：任何实际记录必填,东华06医院/科室/安全组三列；08用户登录其他科室,OWNER_VERSIONED_FACT,ScopedAccessGrant.grant_reason,P6-03,"[""P6-03""]",明确字段纳入owner的版本化内容/关系；不反向形成通用宽表或绕过审批。,PROPOSED_REQUIRES_TASK_VALIDATION,/PER19/fields/10
PER19,version_no,版本号,integer,R,,稳定ID内部递增；不是新对象ID,INTERNAL,是：任何实际记录必填,本次通用治理字段设计,SOURCE_VERSION_EVIDENCE,ImportSourceEvidence.sourceVersion,P6-03,"[""P6-03""]",源修订号仅保存来源，不覆盖DB目标versionNo,PROPOSED_REQUIRES_TASK_VALIDATION,/PER19/fields/11
PER19,valid_from,业务生效时间,datetime,R,,左闭右开区间起点；ISO 8601并含时区,INTERNAL,是：任何实际记录必填,本次通用治理字段设计,BUSINESS_TIME,businessValidFrom,P6-03,"[""P6-03""]",原始offset保留；仅按已发布contract显式+08:00→local；DB主时间无offset,PROPOSED_REQUIRES_TASK_VALIDATION,/PER19/fields/12
PER19,valid_to,业务失效时间,datetime,O,,空表示未设结束；不得早于生效时间,INTERNAL,可空：未知/不适用保持空；不以0或未知码冒充,本次通用治理字段设计,BUSINESS_TIME,businessValidTo,P6-03,"[""P6-03""]",null=无界，必须大于from，整区间检验，不用任意大日期,PROPOSED_REQUIRES_TASK_VALIDATION,/PER19/fields/13
PER19,record_status,记录状态,code,R,enum:record_status,草稿与正式有效记录分离,INTERNAL,是：任何实际记录必填,本次通用治理字段设计,LIFECYCLE_INTENT,ImportIntent.sourceRecordStatus,P6-03,"[""P6-03""]",源草稿/正式等映射显式owner命令；不得直接改变审批/业务状态,PROPOSED_REQUIRES_TASK_VALIDATION,/PER19/fields/14
PER19,source_system_id,权威来源系统ID,id,R,GOV01.system_id,来源为人工整理时登记来源系统MDM_MANUAL,INTERNAL,是：任何实际记录必填,本次通用治理字段设计,SOURCE_NAMESPACE,SourceSystemReference,P6-03,"[""P6-03""]",精确GOV01源系统注册；MANUAL也要登记，非账号system身份默认映射,PROPOSED_REQUIRES_TASK_VALIDATION,/PER19/fields/15
PER19,source_record_id,来源记录定位,text,R,,原表主键或文件加工作表加行号；不得填个人证件原文,INTERNAL,是：任何实际记录必填,本次通用治理字段设计,SOURCE_RECORD_EVIDENCE,ImportSourceEvidence.recordLocator,P6-03,"[""P6-03""]",仅定位，不作为Person标识；日志/审计不写原敏感值,PROPOSED_REQUIRES_TASK_VALIDATION,/PER19/fields/16
PER19,approval_ref,审批证据号,text,C,,发布时必填；引用受控签审记录不粘贴敏感附件,INTERNAL,条件必填：发布时必填；引用受控签审记录不粘贴敏感附件,本次通用治理字段设计,APPROVAL_EVIDENCE,SourceEvidence.approvalReference,P6-03,"[""P6-03""]",源审批证据不等于本平台已授权；需owner核验及本次审批digest,PROPOSED_REQUIRES_TASK_VALIDATION,/PER19/fields/17
PER19,recorded_at,系统记录时间,datetime,R,,实际录入或纠错时间；不得冒充业务生效时间,INTERNAL,是：任何实际记录必填,本次通用治理字段设计,SOURCE_RECORDED_TIME,ImportSourceEvidence.sourceRecordedAt,P6-03,"[""P6-03""]",保存来源记录时间；目标recordedFrom由DB实际生成，不能回填伪知识,PROPOSED_REQUIRES_TASK_VALIDATION,/PER19/fields/18
PER20,sign_binding_id,签名绑定ID,id,R,,电子签名证书绑定的永久稳定记录/对象标识；不可由名称、工号或院区拼接决定，不复用停用标识。,INTERNAL,是：任何实际记录必填,东华SSUSRIgnoreCALogon仅作为风险项，不继承绕过设置,SOURCE_CREATE_ALIAS,SignatureCertificateBinding.sourceClientKey,P6-04,"[""P6-04""]",CREATE中为源alias；平台stableId由DB生成。UPDATE需单独已授权platformRef+expectedVersion，不能伪造新ID。,PROPOSED_REQUIRES_TASK_VALIDATION,/PER20/fields/0
PER20,account_id,实名账号ID,id,R,PER17.account_id,实名账号ID；引用PER17.account_id的稳定标识；跨表关联须使用相同业务时点下的有效记录。,INTERNAL,是：任何实际记录必填,东华SSUSRIgnoreCALogon仅作为风险项，不继承绕过设置,TYPED_RELATION_REFERENCE,SignatureCertificateBinding.account_id,P6-04,"[""P6-01"", ""P6-04""]",按精确dataset/type/namespace解析，验证owner/scope/full interval；未ready目标不能忽略或按名猜测。,PROPOSED_REQUIRES_TASK_VALIDATION,/PER20/fields/1
PER20,person_id,人员ID,id,R,PER01.person_id,人员ID；引用PER01.person_id的稳定标识；跨表关联须使用相同业务时点下的有效记录。,INTERNAL,是：任何实际记录必填,东华SSUSRIgnoreCALogon仅作为风险项，不继承绕过设置,TYPED_RELATION_REFERENCE,SignatureCertificateBinding.person_id,P6-04,"[""P4-01"", ""P6-04""]",按精确dataset/type/namespace解析，验证owner/scope/full interval；未ready目标不能忽略或按名猜测。,PROPOSED_REQUIRES_TASK_VALIDATION,/PER20/fields/2
PER20,certificate_serial,证书序列号,text,R,,电子签名证书绑定记录的证书序列号；按本表一行粒度维护，由信息管理部确认，历史值不得直接覆盖。,INTERNAL,是：任何实际记录必填,东华SSUSRIgnoreCALogon仅作为风险项，不继承绕过设置,CERTIFICATE_REFERENCE,SignatureCertificateBinding.serial,P6-04,"[""P6-04""]",证书身份可核验；禁止私钥或密码内容,PROPOSED_REQUIRES_TASK_VALIDATION,/PER20/fields/3
PER20,certificate_issuer,签发机构,text,R,,电子签名证书绑定记录的签发机构；按本表一行粒度维护，由信息管理部确认，历史值不得直接覆盖。,INTERNAL,是：任何实际记录必填,东华SSUSRIgnoreCALogon仅作为风险项，不继承绕过设置,OWNER_VERSIONED_FACT,SignatureCertificateBinding.certificate_issuer,P6-04,"[""P6-04""]",明确字段纳入owner的版本化内容/关系；不反向形成通用宽表或绕过审批。,PROPOSED_REQUIRES_TASK_VALIDATION,/PER20/fields/4
PER20,certificate_fingerprint,公钥证书指纹,text,R,,电子签名证书绑定记录的公钥证书指纹；按本表一行粒度维护，由信息管理部确认，历史值不得直接覆盖。,INTERNAL,是：任何实际记录必填,东华SSUSRIgnoreCALogon仅作为风险项，不继承绕过设置,OWNER_VERSIONED_FACT,SignatureCertificateBinding.certificate_fingerprint,P6-04,"[""P6-04""]",明确字段纳入owner的版本化内容/关系；不反向形成通用宽表或绕过审批。,PROPOSED_REQUIRES_TASK_VALIDATION,/PER20/fields/5
PER20,cert_not_before,证书起始时间,datetime,R,,电子签名证书绑定记录的证书起始时间；按本表一行粒度维护，由信息管理部确认，历史值不得直接覆盖。,INTERNAL,是：任何实际记录必填,东华SSUSRIgnoreCALogon仅作为风险项，不继承绕过设置,OWNER_VERSIONED_FACT,SignatureCertificateBinding.cert_not_before,P6-04,"[""P6-04""]",明确字段纳入owner的版本化内容/关系；不反向形成通用宽表或绕过审批。,PROPOSED_REQUIRES_TASK_VALIDATION,/PER20/fields/6
PER20,cert_not_after,证书截止时间,datetime,R,,电子签名证书绑定记录的证书截止时间；按本表一行粒度维护，由信息管理部确认，历史值不得直接覆盖。,INTERNAL,是：任何实际记录必填,东华SSUSRIgnoreCALogon仅作为风险项，不继承绕过设置,OWNER_VERSIONED_FACT,SignatureCertificateBinding.cert_not_after,P6-04,"[""P6-04""]",明确字段纳入owner的版本化内容/关系；不反向形成通用宽表或绕过审批。,PROPOSED_REQUIRES_TASK_VALIDATION,/PER20/fields/7
PER20,revocation_status,吊销状态,text,R,,电子签名证书绑定记录的吊销状态；按本表一行粒度维护，由信息管理部确认，历史值不得直接覆盖。,INTERNAL,是：任何实际记录必填,东华SSUSRIgnoreCALogon仅作为风险项，不继承绕过设置,VERIFICATION_OBSERVATION,CertificateRevocationObservation.status,P6-04,"[""P6-04""]",带核验来源时间和freshness；未知/过时不能当GOOD,PROPOSED_REQUIRES_TASK_VALIDATION,/PER20/fields/8
PER20,verification_time,状态核验时间,datetime,R,,电子签名证书绑定记录的状态核验时间；按本表一行粒度维护，由信息管理部确认，历史值不得直接覆盖。,INTERNAL,是：任何实际记录必填,东华SSUSRIgnoreCALogon仅作为风险项，不继承绕过设置,OWNER_VERSIONED_FACT,SignatureCertificateBinding.verification_time,P6-04,"[""P6-04""]",明确字段纳入owner的版本化内容/关系；不反向形成通用宽表或绕过审批。,PROPOSED_REQUIRES_TASK_VALIDATION,/PER20/fields/9
PER20,version_no,版本号,integer,R,,稳定ID内部递增；不是新对象ID,INTERNAL,是：任何实际记录必填,本次通用治理字段设计,SOURCE_VERSION_EVIDENCE,ImportSourceEvidence.sourceVersion,P6-04,"[""P6-04""]",源修订号仅保存来源，不覆盖DB目标versionNo,PROPOSED_REQUIRES_TASK_VALIDATION,/PER20/fields/10
PER20,valid_from,业务生效时间,datetime,R,,左闭右开区间起点；ISO 8601并含时区,INTERNAL,是：任何实际记录必填,本次通用治理字段设计,BUSINESS_TIME,businessValidFrom,P6-04,"[""P6-04""]",原始offset保留；仅按已发布contract显式+08:00→local；DB主时间无offset,PROPOSED_REQUIRES_TASK_VALIDATION,/PER20/fields/11
PER20,valid_to,业务失效时间,datetime,O,,空表示未设结束；不得早于生效时间,INTERNAL,可空：未知/不适用保持空；不以0或未知码冒充,本次通用治理字段设计,BUSINESS_TIME,businessValidTo,P6-04,"[""P6-04""]",null=无界，必须大于from，整区间检验，不用任意大日期,PROPOSED_REQUIRES_TASK_VALIDATION,/PER20/fields/12
PER20,record_status,记录状态,code,R,enum:record_status,草稿与正式有效记录分离,INTERNAL,是：任何实际记录必填,本次通用治理字段设计,LIFECYCLE_INTENT,ImportIntent.sourceRecordStatus,P6-04,"[""P6-04""]",源草稿/正式等映射显式owner命令；不得直接改变审批/业务状态,PROPOSED_REQUIRES_TASK_VALIDATION,/PER20/fields/13
PER20,source_system_id,权威来源系统ID,id,R,GOV01.system_id,来源为人工整理时登记来源系统MDM_MANUAL,INTERNAL,是：任何实际记录必填,本次通用治理字段设计,SOURCE_NAMESPACE,SourceSystemReference,P6-04,"[""P6-04""]",精确GOV01源系统注册；MANUAL也要登记，非账号system身份默认映射,PROPOSED_REQUIRES_TASK_VALIDATION,/PER20/fields/14
PER20,source_record_id,来源记录定位,text,R,,原表主键或文件加工作表加行号；不得填个人证件原文,INTERNAL,是：任何实际记录必填,本次通用治理字段设计,SOURCE_RECORD_EVIDENCE,ImportSourceEvidence.recordLocator,P6-04,"[""P6-04""]",仅定位，不作为Person标识；日志/审计不写原敏感值,PROPOSED_REQUIRES_TASK_VALIDATION,/PER20/fields/15
PER20,approval_ref,审批证据号,text,C,,发布时必填；引用受控签审记录不粘贴敏感附件,INTERNAL,条件必填：发布时必填；引用受控签审记录不粘贴敏感附件,本次通用治理字段设计,APPROVAL_EVIDENCE,SourceEvidence.approvalReference,P6-04,"[""P6-04""]",源审批证据不等于本平台已授权；需owner核验及本次审批digest,PROPOSED_REQUIRES_TASK_VALIDATION,/PER20/fields/16
PER20,recorded_at,系统记录时间,datetime,R,,实际录入或纠错时间；不得冒充业务生效时间,INTERNAL,是：任何实际记录必填,本次通用治理字段设计,SOURCE_RECORDED_TIME,ImportSourceEvidence.sourceRecordedAt,P6-04,"[""P6-04""]",保存来源记录时间；目标recordedFrom由DB实际生成，不能回填伪知识,PROPOSED_REQUIRES_TASK_VALIDATION,/PER20/fields/17
PER21,person_map_id,人员映射ID,id,R,,人员账号历史映射的永久稳定记录/对象标识；不可由名称、工号或院区拼接决定，不复用停用标识。,INTERNAL,是：任何实际记录必填,原模板STAFF_INDEX_NO/STAFF_CODE；厂商人事ID/医生代码/用户代码,SOURCE_CREATE_ALIAS,TypedSourceRecordMapping.sourceClientKey,P4-05,"[""P4-05""]",CREATE中为源alias；平台stableId由DB生成。UPDATE需单独已授权platformRef+expectedVersion，不能伪造新ID。,PROPOSED_REQUIRES_TASK_VALIDATION,/PER21/fields/0
PER21,from_system_id,源系统ID,id,R,GOV01.system_id,源系统ID；引用GOV01.system_id的稳定标识；跨表关联须使用相同业务时点下的有效记录。,INTERNAL,是：任何实际记录必填,原模板STAFF_INDEX_NO/STAFF_CODE；厂商人事ID/医生代码/用户代码,TYPED_RELATION_REFERENCE,TypedSourceRecordMapping.from_system_id,P4-05,"[""P4-05""]",按精确dataset/type/namespace解析，验证owner/scope/full interval；未ready目标不能忽略或按名猜测。,PROPOSED_REQUIRES_TASK_VALIDATION,/PER21/fields/1
PER21,source_entity_type,源对象类型,text,R,,PERSON、EMPLOYEE、PRACTITIONER、ACCOUNT分开标注,INTERNAL,是：任何实际记录必填,原模板STAFF_INDEX_NO/STAFF_CODE；厂商人事ID/医生代码/用户代码,OWNER_VERSIONED_FACT,TypedSourceRecordMapping.source_entity_type,P4-05,"[""P4-05""]",明确字段纳入owner的版本化内容/关系；不反向形成通用宽表或绕过审批。,PROPOSED_REQUIRES_TASK_VALIDATION,/PER21/fields/2
PER21,source_code,源标识,text,R,,人员账号历史映射记录的源标识；按本表一行粒度维护，由信息管理部确认，历史值不得直接覆盖。,INTERNAL,是：任何实际记录必填,人员信息表-标准定义模板V1.01.xlsx#人员信息表!A2:STAFF_INDEX_NO；人员信息表-标准定义模板V1.01.xlsx#人员信息表!A5:STAFF_CODE,OWNER_VERSIONED_FACT,TypedSourceRecordMapping.source_code,P4-05,"[""P4-05""]",明确字段纳入owner的版本化内容/关系；不反向形成通用宽表或绕过审批。,PROPOSED_REQUIRES_TASK_VALIDATION,/PER21/fields/3
PER21,source_context,源医院或账套上下文,text,R,,人员账号历史映射记录的源医院或账套上下文；按本表一行粒度维护，由信息管理部确认，历史值不得直接覆盖。,INTERNAL,是：任何实际记录必填,原模板STAFF_INDEX_NO/STAFF_CODE；厂商人事ID/医生代码/用户代码,OWNER_VERSIONED_FACT,TypedSourceRecordMapping.source_context,P4-05,"[""P4-05""]",明确字段纳入owner的版本化内容/关系；不反向形成通用宽表或绕过审批。,PROPOSED_REQUIRES_TASK_VALIDATION,/PER21/fields/4
PER21,target_entity_type,目标对象类型,text,R,,PER01、PER04、PER07、PER17四种之一,INTERNAL,是：任何实际记录必填,原模板STAFF_INDEX_NO/STAFF_CODE；厂商人事ID/医生代码/用户代码,OWNER_VERSIONED_FACT,TypedSourceRecordMapping.target_entity_type,P4-05,"[""P4-05""]",明确字段纳入owner的版本化内容/关系；不反向形成通用宽表或绕过审批。,PROPOSED_REQUIRES_TASK_VALIDATION,/PER21/fields/5
PER21,target_id,目标对象ID,id,R,poly:person_target,人员账号历史映射记录的目标对象ID；按本表一行粒度维护，由信息管理部确认，历史值不得直接覆盖。,INTERNAL,是：任何实际记录必填,原模板STAFF_INDEX_NO/STAFF_CODE；厂商人事ID/医生代码/用户代码,TYPED_RELATION_REFERENCE,TypedSourceRecordMapping.target_id,P4-05,"[""P4-05""]",按精确dataset/type/namespace解析，验证owner/scope/full interval；未ready目标不能忽略或按名猜测。,PROPOSED_REQUIRES_TASK_VALIDATION,/PER21/fields/6
PER21,mapping_relation,映射语义,code,R,enum:mapping_relation,映射语义；取值见建议码表mapping_relation，采用前需院方确认；不可用显示名称替代代码。,INTERNAL,是：任何实际记录必填,原模板STAFF_INDEX_NO/STAFF_CODE；厂商人事ID/医生代码/用户代码,VERSIONED_CODE_BINDING,TypedSourceRecordMapping.mapping_relation,P4-05,"[""P4-05""]",建议枚举需采纳版本；错误码/未批准码阻断；显示标签不当key。,PROPOSED_REQUIRES_TASK_VALIDATION,/PER21/fields/7
PER21,verified_by,核验岗位,text,R,,人员账号历史映射记录的核验岗位；按本表一行粒度维护，由信息管理部确认，历史值不得直接覆盖。,INTERNAL,是：任何实际记录必填,原模板STAFF_INDEX_NO/STAFF_CODE；厂商人事ID/医生代码/用户代码,OWNER_VERSIONED_FACT,TypedSourceRecordMapping.verified_by,P4-05,"[""P4-05""]",明确字段纳入owner的版本化内容/关系；不反向形成通用宽表或绕过审批。,PROPOSED_REQUIRES_TASK_VALIDATION,/PER21/fields/8
PER21,resolution_evidence,同一人判定依据引用,text,C,,同一人判定依据引用；完成同一人映射、冲突工号裁决或人工身份归并时必填。,RESTRICTED,条件必填：完成同一人映射、冲突工号裁决或人工身份归并时必填。,原模板STAFF_INDEX_NO/STAFF_CODE；厂商人事ID/医生代码/用户代码,PROTECTED_FACT,TypedSourceRecordMapping.resolution_evidence,P4-05,"[""P4-05""]",按来源privacy加强目的权限和受限存储；不落通用日志/投影。,PROPOSED_REQUIRES_TASK_VALIDATION,/PER21/fields/9
PER21,version_no,版本号,integer,R,,稳定ID内部递增；不是新对象ID,INTERNAL,是：任何实际记录必填,本次通用治理字段设计,SOURCE_VERSION_EVIDENCE,ImportSourceEvidence.sourceVersion,P4-05,"[""P4-05""]",源修订号仅保存来源，不覆盖DB目标versionNo,PROPOSED_REQUIRES_TASK_VALIDATION,/PER21/fields/10
PER21,valid_from,业务生效时间,datetime,R,,左闭右开区间起点；ISO 8601并含时区,INTERNAL,是：任何实际记录必填,本次通用治理字段设计,BUSINESS_TIME,businessValidFrom,P4-05,"[""P4-05""]",原始offset保留；仅按已发布contract显式+08:00→local；DB主时间无offset,PROPOSED_REQUIRES_TASK_VALIDATION,/PER21/fields/11
PER21,valid_to,业务失效时间,datetime,O,,空表示未设结束；不得早于生效时间,INTERNAL,可空：未知/不适用保持空；不以0或未知码冒充,本次通用治理字段设计,BUSINESS_TIME,businessValidTo,P4-05,"[""P4-05""]",null=无界，必须大于from，整区间检验，不用任意大日期,PROPOSED_REQUIRES_TASK_VALIDATION,/PER21/fields/12
PER21,record_status,记录状态,code,R,enum:record_status,草稿与正式有效记录分离,INTERNAL,是：任何实际记录必填,本次通用治理字段设计,LIFECYCLE_INTENT,ImportIntent.sourceRecordStatus,P4-05,"[""P4-05""]",源草稿/正式等映射显式owner命令；不得直接改变审批/业务状态,PROPOSED_REQUIRES_TASK_VALIDATION,/PER21/fields/13
PER21,source_system_id,权威来源系统ID,id,R,GOV01.system_id,来源为人工整理时登记来源系统MDM_MANUAL,INTERNAL,是：任何实际记录必填,本次通用治理字段设计,SOURCE_NAMESPACE,SourceSystemReference,P4-05,"[""P4-05""]",精确GOV01源系统注册；MANUAL也要登记，非账号system身份默认映射,PROPOSED_REQUIRES_TASK_VALIDATION,/PER21/fields/14
PER21,source_record_id,来源记录定位,text,R,,原表主键或文件加工作表加行号；不得填个人证件原文,INTERNAL,是：任何实际记录必填,本次通用治理字段设计,SOURCE_RECORD_EVIDENCE,ImportSourceEvidence.recordLocator,P4-05,"[""P4-05""]",仅定位，不作为Person标识；日志/审计不写原敏感值,PROPOSED_REQUIRES_TASK_VALIDATION,/PER21/fields/15
PER21,approval_ref,审批证据号,text,C,,发布时必填；引用受控签审记录不粘贴敏感附件,INTERNAL,条件必填：发布时必填；引用受控签审记录不粘贴敏感附件,本次通用治理字段设计,APPROVAL_EVIDENCE,SourceEvidence.approvalReference,P4-05,"[""P4-05""]",源审批证据不等于本平台已授权；需owner核验及本次审批digest,PROPOSED_REQUIRES_TASK_VALIDATION,/PER21/fields/16
PER21,recorded_at,系统记录时间,datetime,R,,实际录入或纠错时间；不得冒充业务生效时间,INTERNAL,是：任何实际记录必填,本次通用治理字段设计,SOURCE_RECORDED_TIME,ImportSourceEvidence.sourceRecordedAt,P4-05,"[""P4-05""]",保存来源记录时间；目标recordedFrom由DB实际生成，不能回填伪知识,PROPOSED_REQUIRES_TASK_VALIDATION,/PER21/fields/17
PER22,hr_private_id,人事扩展ID,id,R,,人事受限扩展的永久稳定记录/对象标识；不可由名称、工号或院区拼接决定，不复用停用标识。,INTERNAL,是：任何实际记录必填,原模板ETHNIC_GROUP/POLITICAL/MARITAL,SOURCE_CREATE_ALIAS,RestrictedHRProfile.sourceClientKey,P7-08,"[""P7-08""]",CREATE中为源alias；平台stableId由DB生成。UPDATE需单独已授权platformRef+expectedVersion，不能伪造新ID。,PROPOSED_REQUIRES_TASK_VALIDATION,/PER22/fields/0
PER22,person_id,人员ID,id,R,PER01.person_id,人员ID；引用PER01.person_id的稳定标识；跨表关联须使用相同业务时点下的有效记录。,INTERNAL,是：任何实际记录必填,原模板ETHNIC_GROUP/POLITICAL/MARITAL,TYPED_RELATION_REFERENCE,RestrictedHRProfile.person_id,P7-08,"[""P4-01"", ""P7-08""]",按精确dataset/type/namespace解析，验证owner/scope/full interval；未ready目标不能忽略或按名猜测。,PROPOSED_REQUIRES_TASK_VALIDATION,/PER22/fields/1
PER22,ethnicity_code,民族代码,text,O,,人事受限扩展记录的民族代码；按本表一行粒度维护，由组织人事部确认，历史值不得直接覆盖。,RESTRICTED,可空：未知/不适用保持空；不以0或未知码冒充,人员信息表-标准定义模板V1.01.xlsx#人员信息表!A12:ETHNIC_GROUP,PROTECTED_FACT,RestrictedHRProfile.ethnicity_code,P7-08,"[""P7-08""]",按来源privacy加强目的权限和受限存储；不落通用日志/投影。,PROPOSED_REQUIRES_TASK_VALIDATION,/PER22/fields/2
PER22,political_status_code,政治面貌代码,text,O,,人事受限扩展记录的政治面貌代码；按本表一行粒度维护，由组织人事部确认，历史值不得直接覆盖。,HIGH_RESTRICTED,可空：未知/不适用保持空；不以0或未知码冒充,人员信息表-标准定义模板V1.01.xlsx#人员信息表!A13:POLITICAL,PROTECTED_FACT,RestrictedHRProfile.political_status_code,P7-08,"[""P7-08""]",按来源privacy加强目的权限和受限存储；不落通用日志/投影。,PROPOSED_REQUIRES_TASK_VALIDATION,/PER22/fields/3
PER22,marital_status_code,婚姻状况代码,text,O,,人事受限扩展记录的婚姻状况代码；按本表一行粒度维护，由组织人事部确认，历史值不得直接覆盖。,RESTRICTED,可空：未知/不适用保持空；不以0或未知码冒充,人员信息表-标准定义模板V1.01.xlsx#人员信息表!A14:MARITAL,PROTECTED_FACT,RestrictedHRProfile.marital_status_code,P7-08,"[""P7-08""]",按来源privacy加强目的权限和受限存储；不落通用日志/投影。,PROPOSED_REQUIRES_TASK_VALIDATION,/PER22/fields/4
PER22,legal_processing_basis,处理依据或制度引用,text,R,,人事受限扩展记录的处理依据或制度引用；按本表一行粒度维护，由组织人事部确认，历史值不得直接覆盖。,INTERNAL,是：任何实际记录必填,原模板ETHNIC_GROUP/POLITICAL/MARITAL,OWNER_VERSIONED_FACT,RestrictedHRProfile.legal_processing_basis,P7-08,"[""P7-08""]",明确字段纳入owner的版本化内容/关系；不反向形成通用宽表或绕过审批。,PROPOSED_REQUIRES_TASK_VALIDATION,/PER22/fields/5
PER22,permitted_purpose,授权用途,text,R,,人事受限扩展记录的授权用途；按本表一行粒度维护，由组织人事部确认，历史值不得直接覆盖。,INTERNAL,是：任何实际记录必填,原模板ETHNIC_GROUP/POLITICAL/MARITAL,OWNER_VERSIONED_FACT,RestrictedHRProfile.permitted_purpose,P7-08,"[""P7-08""]",明确字段纳入owner的版本化内容/关系；不反向形成通用宽表或绕过审批。,PROPOSED_REQUIRES_TASK_VALIDATION,/PER22/fields/6
PER22,permitted_consumers,允许使用的部门系统,text,R,,人事受限扩展记录的允许使用的部门系统；按本表一行粒度维护，由组织人事部确认，历史值不得直接覆盖。,INTERNAL,是：任何实际记录必填,原模板ETHNIC_GROUP/POLITICAL/MARITAL,PURPOSE_ALLOWLIST,RestrictedPurposeGrant.consumerRefs,P7-08,"[""P7-08""]",明确授权清单，非逗号列自动全允许,PROPOSED_REQUIRES_TASK_VALIDATION,/PER22/fields/7
PER22,retention_rule,保存与销毁规则,text,R,,人事受限扩展记录的保存与销毁规则；按本表一行粒度维护，由组织人事部确认，历史值不得直接覆盖。,INTERNAL,是：任何实际记录必填,原模板ETHNIC_GROUP/POLITICAL/MARITAL,OWNER_VERSIONED_FACT,RestrictedHRProfile.retention_rule,P7-08,"[""P7-08""]",明确字段纳入owner的版本化内容/关系；不反向形成通用宽表或绕过审批。,PROPOSED_REQUIRES_TASK_VALIDATION,/PER22/fields/8
PER22,version_no,版本号,integer,R,,稳定ID内部递增；不是新对象ID,INTERNAL,是：任何实际记录必填,本次通用治理字段设计,SOURCE_VERSION_EVIDENCE,ImportSourceEvidence.sourceVersion,P7-08,"[""P7-08""]",源修订号仅保存来源，不覆盖DB目标versionNo,PROPOSED_REQUIRES_TASK_VALIDATION,/PER22/fields/9
PER22,valid_from,业务生效时间,datetime,R,,左闭右开区间起点；ISO 8601并含时区,INTERNAL,是：任何实际记录必填,本次通用治理字段设计,BUSINESS_TIME,businessValidFrom,P7-08,"[""P7-08""]",原始offset保留；仅按已发布contract显式+08:00→local；DB主时间无offset,PROPOSED_REQUIRES_TASK_VALIDATION,/PER22/fields/10
PER22,valid_to,业务失效时间,datetime,O,,空表示未设结束；不得早于生效时间,INTERNAL,可空：未知/不适用保持空；不以0或未知码冒充,本次通用治理字段设计,BUSINESS_TIME,businessValidTo,P7-08,"[""P7-08""]",null=无界，必须大于from，整区间检验，不用任意大日期,PROPOSED_REQUIRES_TASK_VALIDATION,/PER22/fields/11
PER22,record_status,记录状态,code,R,enum:record_status,草稿与正式有效记录分离,INTERNAL,是：任何实际记录必填,本次通用治理字段设计,LIFECYCLE_INTENT,ImportIntent.sourceRecordStatus,P7-08,"[""P7-08""]",源草稿/正式等映射显式owner命令；不得直接改变审批/业务状态,PROPOSED_REQUIRES_TASK_VALIDATION,/PER22/fields/12
PER22,source_system_id,权威来源系统ID,id,R,GOV01.system_id,来源为人工整理时登记来源系统MDM_MANUAL,INTERNAL,是：任何实际记录必填,本次通用治理字段设计,SOURCE_NAMESPACE,SourceSystemReference,P7-08,"[""P7-08""]",精确GOV01源系统注册；MANUAL也要登记，非账号system身份默认映射,PROPOSED_REQUIRES_TASK_VALIDATION,/PER22/fields/13
PER22,source_record_id,来源记录定位,text,R,,原表主键或文件加工作表加行号；不得填个人证件原文,INTERNAL,是：任何实际记录必填,本次通用治理字段设计,SOURCE_RECORD_EVIDENCE,ImportSourceEvidence.recordLocator,P7-08,"[""P7-08""]",仅定位，不作为Person标识；日志/审计不写原敏感值,PROPOSED_REQUIRES_TASK_VALIDATION,/PER22/fields/14
PER22,approval_ref,审批证据号,text,C,,发布时必填；引用受控签审记录不粘贴敏感附件,INTERNAL,条件必填：发布时必填；引用受控签审记录不粘贴敏感附件,本次通用治理字段设计,APPROVAL_EVIDENCE,SourceEvidence.approvalReference,P7-08,"[""P7-08""]",源审批证据不等于本平台已授权；需owner核验及本次审批digest,PROPOSED_REQUIRES_TASK_VALIDATION,/PER22/fields/15
PER22,recorded_at,系统记录时间,datetime,R,,实际录入或纠错时间；不得冒充业务生效时间,INTERNAL,是：任何实际记录必填,本次通用治理字段设计,SOURCE_RECORDED_TIME,ImportSourceEvidence.sourceRecordedAt,P7-08,"[""P7-08""]",保存来源记录时间；目标recordedFrom由DB实际生成，不能回填伪知识,PROPOSED_REQUIRES_TASK_VALIDATION,/PER22/fields/16
PER23,education_id,教育经历ID,id,R,,教育学位经历的永久稳定记录/对象标识；不可由名称、工号或院区拼接决定，不复用停用标识。,INTERNAL,是：任何实际记录必填,原模板EDUCATION/GRADUATION_DATE/SCHOOL/MAJOR/DEGREE,SOURCE_CREATE_ALIAS,EducationEpisode.sourceClientKey,P7-08,"[""P7-08""]",CREATE中为源alias；平台stableId由DB生成。UPDATE需单独已授权platformRef+expectedVersion，不能伪造新ID。,PROPOSED_REQUIRES_TASK_VALIDATION,/PER23/fields/0
PER23,person_id,人员ID,id,R,PER01.person_id,人员ID；引用PER01.person_id的稳定标识；跨表关联须使用相同业务时点下的有效记录。,INTERNAL,是：任何实际记录必填,原模板EDUCATION/GRADUATION_DATE/SCHOOL/MAJOR/DEGREE,TYPED_RELATION_REFERENCE,EducationEpisode.person_id,P7-08,"[""P4-01"", ""P7-08""]",按精确dataset/type/namespace解析，验证owner/scope/full interval；未ready目标不能忽略或按名猜测。,PROPOSED_REQUIRES_TASK_VALIDATION,/PER23/fields/1
PER23,school_name,毕业院校,text,C,,毕业院校；该学历学位经历用于人事确认、资格核验或监管报送时必填；尚在读应另设明确状态而非伪造毕业日期。,RESTRICTED,条件必填：该学历学位经历用于人事确认、资格核验或监管报送时必填；尚在读应另设明确状态而非伪造毕业日期。,人员信息表-标准定义模板V1.01.xlsx#人员信息表!A25:GRADUATION_SCHOOL,PROTECTED_FACT,EducationEpisode.school_name,P7-08,"[""P7-08""]",按来源privacy加强目的权限和受限存储；不落通用日志/投影。,PROPOSED_REQUIRES_TASK_VALIDATION,/PER23/fields/2
PER23,major_name,专业名称,text,C,,专业名称；该学历学位经历用于人事确认、资格核验或监管报送时必填；尚在读应另设明确状态而非伪造毕业日期。,RESTRICTED,条件必填：该学历学位经历用于人事确认、资格核验或监管报送时必填；尚在读应另设明确状态而非伪造毕业日期。,人员信息表-标准定义模板V1.01.xlsx#人员信息表!A26:MAJOR,PROTECTED_FACT,EducationEpisode.major_name,P7-08,"[""P7-08""]",按来源privacy加强目的权限和受限存储；不落通用日志/投影。,PROPOSED_REQUIRES_TASK_VALIDATION,/PER23/fields/3
PER23,education_code,学历代码,text,C,,学历代码；该学历学位经历用于人事确认、资格核验或监管报送时必填；尚在读应另设明确状态而非伪造毕业日期。,INTERNAL,条件必填：该学历学位经历用于人事确认、资格核验或监管报送时必填；尚在读应另设明确状态而非伪造毕业日期。,人员信息表-标准定义模板V1.01.xlsx#人员信息表!A15:EDUCATION,OWNER_VERSIONED_FACT,EducationEpisode.education_code,P7-08,"[""P7-08""]",明确字段纳入owner的版本化内容/关系；不反向形成通用宽表或绕过审批。,PROPOSED_REQUIRES_TASK_VALIDATION,/PER23/fields/4
PER23,degree_code,学位代码,text,O,,教育学位经历记录的学位代码；按本表一行粒度维护，由组织人事部确认，历史值不得直接覆盖。,INTERNAL,可空：未知/不适用保持空；不以0或未知码冒充,人员信息表-标准定义模板V1.01.xlsx#人员信息表!A27:DEGREE,OWNER_VERSIONED_FACT,EducationEpisode.degree_code,P7-08,"[""P7-08""]",明确字段纳入owner的版本化内容/关系；不反向形成通用宽表或绕过审批。,PROPOSED_REQUIRES_TASK_VALIDATION,/PER23/fields/5
PER23,graduation_date,毕业日期,date,C,,毕业日期；该学历学位经历用于人事确认、资格核验或监管报送时必填；尚在读应另设明确状态而非伪造毕业日期。,RESTRICTED,条件必填：该学历学位经历用于人事确认、资格核验或监管报送时必填；尚在读应另设明确状态而非伪造毕业日期。,人员信息表-标准定义模板V1.01.xlsx#人员信息表!A24:GRADUATION_DATE,PROTECTED_FACT,EducationEpisode.graduation_date,P7-08,"[""P7-08""]",按来源privacy加强目的权限和受限存储；不落通用日志/投影。,PROPOSED_REQUIRES_TASK_VALIDATION,/PER23/fields/6
PER23,verification_status,学历核验状态,code,R,enum:verification_status,学历核验状态；取值见建议码表verification_status，采用前需院方确认；不可用显示名称替代代码。,INTERNAL,是：任何实际记录必填,原模板EDUCATION/GRADUATION_DATE/SCHOOL/MAJOR/DEGREE,VERSIONED_CODE_BINDING,EducationEpisode.verification_status,P7-08,"[""P7-08""]",建议枚举需采纳版本；错误码/未批准码阻断；显示标签不当key。,PROPOSED_REQUIRES_TASK_VALIDATION,/PER23/fields/7
PER23,evidence_ref,学历学位证明引用,text,C,,学历学位证明引用；该学历学位经历用于人事确认、资格核验或监管报送时必填；尚在读应另设明确状态而非伪造毕业日期。,RESTRICTED,条件必填：该学历学位经历用于人事确认、资格核验或监管报送时必填；尚在读应另设明确状态而非伪造毕业日期。,原模板EDUCATION/GRADUATION_DATE/SCHOOL/MAJOR/DEGREE,PROTECTED_FACT,EducationEpisode.evidence_ref,P7-08,"[""P7-08""]",按来源privacy加强目的权限和受限存储；不落通用日志/投影。,PROPOSED_REQUIRES_TASK_VALIDATION,/PER23/fields/8
PER23,version_no,版本号,integer,R,,稳定ID内部递增；不是新对象ID,INTERNAL,是：任何实际记录必填,本次通用治理字段设计,SOURCE_VERSION_EVIDENCE,ImportSourceEvidence.sourceVersion,P7-08,"[""P7-08""]",源修订号仅保存来源，不覆盖DB目标versionNo,PROPOSED_REQUIRES_TASK_VALIDATION,/PER23/fields/9
PER23,valid_from,业务生效时间,datetime,R,,左闭右开区间起点；ISO 8601并含时区,INTERNAL,是：任何实际记录必填,本次通用治理字段设计,BUSINESS_TIME,businessValidFrom,P7-08,"[""P7-08""]",原始offset保留；仅按已发布contract显式+08:00→local；DB主时间无offset,PROPOSED_REQUIRES_TASK_VALIDATION,/PER23/fields/10
PER23,valid_to,业务失效时间,datetime,O,,空表示未设结束；不得早于生效时间,INTERNAL,可空：未知/不适用保持空；不以0或未知码冒充,本次通用治理字段设计,BUSINESS_TIME,businessValidTo,P7-08,"[""P7-08""]",null=无界，必须大于from，整区间检验，不用任意大日期,PROPOSED_REQUIRES_TASK_VALIDATION,/PER23/fields/11
PER23,record_status,记录状态,code,R,enum:record_status,草稿与正式有效记录分离,INTERNAL,是：任何实际记录必填,本次通用治理字段设计,LIFECYCLE_INTENT,ImportIntent.sourceRecordStatus,P7-08,"[""P7-08""]",源草稿/正式等映射显式owner命令；不得直接改变审批/业务状态,PROPOSED_REQUIRES_TASK_VALIDATION,/PER23/fields/12
PER23,source_system_id,权威来源系统ID,id,R,GOV01.system_id,来源为人工整理时登记来源系统MDM_MANUAL,INTERNAL,是：任何实际记录必填,本次通用治理字段设计,SOURCE_NAMESPACE,SourceSystemReference,P7-08,"[""P7-08""]",精确GOV01源系统注册；MANUAL也要登记，非账号system身份默认映射,PROPOSED_REQUIRES_TASK_VALIDATION,/PER23/fields/13
PER23,source_record_id,来源记录定位,text,R,,原表主键或文件加工作表加行号；不得填个人证件原文,INTERNAL,是：任何实际记录必填,本次通用治理字段设计,SOURCE_RECORD_EVIDENCE,ImportSourceEvidence.recordLocator,P7-08,"[""P7-08""]",仅定位，不作为Person标识；日志/审计不写原敏感值,PROPOSED_REQUIRES_TASK_VALIDATION,/PER23/fields/14
PER23,approval_ref,审批证据号,text,C,,发布时必填；引用受控签审记录不粘贴敏感附件,INTERNAL,条件必填：发布时必填；引用受控签审记录不粘贴敏感附件,本次通用治理字段设计,APPROVAL_EVIDENCE,SourceEvidence.approvalReference,P7-08,"[""P7-08""]",源审批证据不等于本平台已授权；需owner核验及本次审批digest,PROPOSED_REQUIRES_TASK_VALIDATION,/PER23/fields/15
PER23,recorded_at,系统记录时间,datetime,R,,实际录入或纠错时间；不得冒充业务生效时间,INTERNAL,是：任何实际记录必填,本次通用治理字段设计,SOURCE_RECORDED_TIME,ImportSourceEvidence.sourceRecordedAt,P7-08,"[""P7-08""]",保存来源记录时间；目标recordedFrom由DB实际生成，不能回填伪知识,PROPOSED_REQUIRES_TASK_VALIDATION,/PER23/fields/16
PER24,person_event_id,人员变更事件ID,id,R,,人员状态变更事件的永久稳定记录/对象标识；不可由名称、工号或院区拼接决定，不复用停用标识。,INTERNAL,是：任何实际记录必填,本次设计建议,SOURCE_CREATE_ALIAS,PersonnelGovernanceEvent.sourceClientKey,P4-06,"[""P4-06""]",CREATE中为源alias；平台stableId由DB生成。UPDATE需单独已授权platformRef+expectedVersion，不能伪造新ID。,PROPOSED_REQUIRES_TASK_VALIDATION,/PER24/fields/0
PER24,person_id,人员ID,id,R,PER01.person_id,人员ID；引用PER01.person_id的稳定标识；跨表关联须使用相同业务时点下的有效记录。,INTERNAL,是：任何实际记录必填,本次设计建议,TYPED_RELATION_REFERENCE,PersonnelGovernanceEvent.person_id,P4-06,"[""P4-01"", ""P4-06""]",按精确dataset/type/namespace解析，验证owner/scope/full interval；未ready目标不能忽略或按名猜测。,PROPOSED_REQUIRES_TASK_VALIDATION,/PER24/fields/1
PER24,event_type,事件类型,text,R,,入职/任职变更/离院/返聘/身份纠错/合并；不可混同账号锁定,INTERNAL,是：任何实际记录必填,本次设计建议,EVENT_OR_SUCCESSION_FACT,PersonnelGovernanceEvent.event_type,P4-06,"[""P4-06""]",变更/承继是明确事实，不等于立即执行全部受影响业务。,PROPOSED_REQUIRES_TASK_VALIDATION,/PER24/fields/2
PER24,employment_id,关联聘用关系,id,C,PER04.employment_id,关联聘用关系；引用PER04.employment_id的稳定标识；跨表关联须使用相同业务时点下的有效记录。,INTERNAL,条件必填：事件针对某一聘用关系的入职、离职、返聘或调动时必填。,本次设计建议,TYPED_RELATION_REFERENCE,PersonnelGovernanceEvent.employment_id,P4-06,"[""P4-03"", ""P4-06""]",按精确dataset/type/namespace解析，验证owner/scope/full interval；未ready目标不能忽略或按名猜测。,PROPOSED_REQUIRES_TASK_VALIDATION,/PER24/fields/3
PER24,effective_at,业务生效时间,datetime,R,,人员状态变更事件记录的业务生效时间；按本表一行粒度维护，由组织人事部确认，历史值不得直接覆盖。,INTERNAL,是：任何实际记录必填,本次设计建议,EVENT_OR_SUCCESSION_FACT,PersonnelGovernanceEvent.effective_at,P4-06,"[""P4-06""]",变更/承继是明确事实，不等于立即执行全部受影响业务。,PROPOSED_REQUIRES_TASK_VALIDATION,/PER24/fields/4
PER24,decision_ref,批准依据,text,R,,人员状态变更事件记录的批准依据；按本表一行粒度维护，由组织人事部确认，历史值不得直接覆盖。,INTERNAL,是：任何实际记录必填,本次设计建议,EVENT_OR_SUCCESSION_FACT,PersonnelGovernanceEvent.decision_ref,P4-06,"[""P4-06""]",变更/承继是明确事实，不等于立即执行全部受影响业务。,PROPOSED_REQUIRES_TASK_VALIDATION,/PER24/fields/5
PER24,affected_assignments,受影响任职范围说明,text,C,,受影响任职范围说明；事件影响一个以上任职或需批量停用关系时必填，并可列举受影响ID。,INTERNAL,条件必填：事件影响一个以上任职或需批量停用关系时必填，并可列举受影响ID。,本次设计建议,IMPACT_REFERENCE_SET,PersonnelEvent.affectedAssignmentRefs,P4-06,"[""P4-06""]",解析为typed refs并检查完整范围，不猜UUID/不复制权限,PROPOSED_REQUIRES_TASK_VALIDATION,/PER24/fields/6
PER24,access_revocation_ticket,撤权执行工单号,text,C,,撤权执行工单号；离职、停岗或其他需撤权事件闭环前必填；仅修改人员状态不算撤权完成。,INTERNAL,条件必填：离职、停岗或其他需撤权事件闭环前必填；仅修改人员状态不算撤权完成。,本次设计建议,EVENT_OR_SUCCESSION_FACT,PersonnelGovernanceEvent.access_revocation_ticket,P4-06,"[""P4-06""]",变更/承继是明确事实，不等于立即执行全部受影响业务。,PROPOSED_REQUIRES_TASK_VALIDATION,/PER24/fields/7
PER24,access_verified_at,撤权验证完成时间,datetime,C,,撤权验证完成时间；离职、停岗或其他需撤权事件闭环前必填；仅修改人员状态不算撤权完成。,INTERNAL,条件必填：离职、停岗或其他需撤权事件闭环前必填；仅修改人员状态不算撤权完成。,本次设计建议,RECEIPT_DERIVED,DeprovisionCase.actualVerifiedAt,P6-06,"[""P6-06""]",仅实际完整消费者回执得出；源时间仅证据不能预填完成,PROPOSED_REQUIRES_TASK_VALIDATION,/PER24/fields/8
PER24,recorded_at,事件记录时间,datetime,R,,人员状态变更事件记录的事件记录时间；按本表一行粒度维护，由组织人事部确认，历史值不得直接覆盖。,INTERNAL,是：任何实际记录必填,本次设计建议,SOURCE_RECORDED_TIME,ImportSourceEvidence.sourceRecordedAt,P4-06,"[""P4-06""]",保存来源记录时间；目标recordedFrom由DB实际生成，不能回填伪知识,PROPOSED_REQUIRES_TASK_VALIDATION,/PER24/fields/9
PER25,service_profile_id,医师展示资料ID,id,R,,医师服务展示资料的永久稳定记录/对象标识；不可由名称、工号或院区拼接决定，不复用停用标识。,INTERNAL,是：任何实际记录必填,东华医生专长/别名/特需号,SOURCE_CREATE_ALIAS,PublicPractitionerProfile.sourceClientKey,P5-11,"[""P5-11""]",CREATE中为源alias；平台stableId由DB生成。UPDATE需单独已授权platformRef+expectedVersion，不能伪造新ID。,PROPOSED_REQUIRES_TASK_VALIDATION,/PER25/fields/0
PER25,practitioner_id,专业身份ID,id,R,PER07.practitioner_id,专业身份ID；引用PER07.practitioner_id的稳定标识；跨表关联须使用相同业务时点下的有效记录。,INTERNAL,是：任何实际记录必填,东华医生专长/别名/特需号,TYPED_RELATION_REFERENCE,PublicPractitionerProfile.practitioner_id,P5-11,"[""P5-04"", ""P5-11""]",按精确dataset/type/namespace解析，验证owner/scope/full interval；未ready目标不能忽略或按名猜测。,PROPOSED_REQUIRES_TASK_VALIDATION,/PER25/fields/1
PER25,unit_id,业务单元ID,id,R,ORG07.unit_id,业务单元ID；引用ORG07.unit_id的稳定标识；跨表关联须使用相同业务时点下的有效记录。,INTERNAL,是：任何实际记录必填,东华医生专长/别名/特需号,TYPED_RELATION_REFERENCE,PublicPractitionerProfile.unit_id,P5-11,"[""P3-01"", ""P5-11""]",按精确dataset/type/namespace解析，验证owner/scope/full interval；未ready目标不能忽略或按名猜测。,PROPOSED_REQUIRES_TASK_VALIDATION,/PER25/fields/2
PER25,public_display_name,公开姓名,text,R,,医师服务展示资料记录的公开姓名；按本表一行粒度维护，由门诊部确认，历史值不得直接覆盖。,RESTRICTED,是：任何实际记录必填,东华医生专长/别名/特需号,PROTECTED_FACT,PublicPractitionerProfile.public_display_name,P5-11,"[""P5-11""]",按来源privacy加强目的权限和受限存储；不落通用日志/投影。,PROPOSED_REQUIRES_TASK_VALIDATION,/PER25/fields/3
PER25,public_title,公开展示职称,text,C,,公开展示职称；拟向预约/互联网渠道展示职称时必填，取自经核验且当前有效的资格/聘任依据。,INTERNAL,条件必填：拟向预约/互联网渠道展示职称时必填，取自经核验且当前有效的资格/聘任依据。,东华医生专长/别名/特需号,OWNER_VERSIONED_FACT,PublicPractitionerProfile.public_title,P5-11,"[""P5-11""]",明确字段纳入owner的版本化内容/关系；不反向形成通用宽表或绕过审批。,PROPOSED_REQUIRES_TASK_VALIDATION,/PER25/fields/4
PER25,expertise_description,专长简介,text,O,,医师服务展示资料记录的专长简介；按本表一行粒度维护，由门诊部确认，历史值不得直接覆盖。,INTERNAL,可空：未知/不适用保持空；不以0或未知码冒充,东华医生专长/别名/特需号,OWNER_VERSIONED_FACT,PublicPractitionerProfile.expertise_description,P5-11,"[""P5-11""]",明确字段纳入owner的版本化内容/关系；不反向形成通用宽表或绕过审批。,PROPOSED_REQUIRES_TASK_VALIDATION,/PER25/fields/5
PER25,photo_asset_ref,照片资源引用,text,O,,医师服务展示资料记录的照片资源引用；按本表一行粒度维护，由门诊部确认，历史值不得直接覆盖。,RESTRICTED,可空：未知/不适用保持空；不以0或未知码冒充,东华医生专长/别名/特需号,PROTECTED_ASSET_REFERENCE,PublicProfile.photoAsset,P5-11,"[""P5-11""]",受控asset registry，服务端不抓任意上传URL,PROPOSED_REQUIRES_TASK_VALIDATION,/PER25/fields/6
PER25,public_profile_approval,发布审查号,text,R,,医师服务展示资料记录的发布审查号；按本表一行粒度维护，由门诊部确认，历史值不得直接覆盖。,INTERNAL,是：任何实际记录必填,东华医生专长/别名/特需号,OWNER_VERSIONED_FACT,PublicPractitionerProfile.public_profile_approval,P5-11,"[""P5-11""]",明确字段纳入owner的版本化内容/关系；不反向形成通用宽表或绕过审批。,PROPOSED_REQUIRES_TASK_VALIDATION,/PER25/fields/7
PER25,search_alias,检索别名,text,O,,医师服务展示资料记录的检索别名；按本表一行粒度维护，由门诊部确认，历史值不得直接覆盖。,INTERNAL,可空：未知/不适用保持空；不以0或未知码冒充,东华医生专长/别名/特需号,OWNER_VERSIONED_FACT,PublicPractitionerProfile.search_alias,P5-11,"[""P5-11""]",明确字段纳入owner的版本化内容/关系；不反向形成通用宽表或绕过审批。,PROPOSED_REQUIRES_TASK_VALIDATION,/PER25/fields/8
PER25,version_no,版本号,integer,R,,稳定ID内部递增；不是新对象ID,INTERNAL,是：任何实际记录必填,本次通用治理字段设计,SOURCE_VERSION_EVIDENCE,ImportSourceEvidence.sourceVersion,P5-11,"[""P5-11""]",源修订号仅保存来源，不覆盖DB目标versionNo,PROPOSED_REQUIRES_TASK_VALIDATION,/PER25/fields/9
PER25,valid_from,业务生效时间,datetime,R,,左闭右开区间起点；ISO 8601并含时区,INTERNAL,是：任何实际记录必填,本次通用治理字段设计,BUSINESS_TIME,businessValidFrom,P5-11,"[""P5-11""]",原始offset保留；仅按已发布contract显式+08:00→local；DB主时间无offset,PROPOSED_REQUIRES_TASK_VALIDATION,/PER25/fields/10
PER25,valid_to,业务失效时间,datetime,O,,空表示未设结束；不得早于生效时间,INTERNAL,可空：未知/不适用保持空；不以0或未知码冒充,本次通用治理字段设计,BUSINESS_TIME,businessValidTo,P5-11,"[""P5-11""]",null=无界，必须大于from，整区间检验，不用任意大日期,PROPOSED_REQUIRES_TASK_VALIDATION,/PER25/fields/11
PER25,record_status,记录状态,code,R,enum:record_status,草稿与正式有效记录分离,INTERNAL,是：任何实际记录必填,本次通用治理字段设计,LIFECYCLE_INTENT,ImportIntent.sourceRecordStatus,P5-11,"[""P5-11""]",源草稿/正式等映射显式owner命令；不得直接改变审批/业务状态,PROPOSED_REQUIRES_TASK_VALIDATION,/PER25/fields/12
PER25,source_system_id,权威来源系统ID,id,R,GOV01.system_id,来源为人工整理时登记来源系统MDM_MANUAL,INTERNAL,是：任何实际记录必填,本次通用治理字段设计,SOURCE_NAMESPACE,SourceSystemReference,P5-11,"[""P5-11""]",精确GOV01源系统注册；MANUAL也要登记，非账号system身份默认映射,PROPOSED_REQUIRES_TASK_VALIDATION,/PER25/fields/13
PER25,source_record_id,来源记录定位,text,R,,原表主键或文件加工作表加行号；不得填个人证件原文,INTERNAL,是：任何实际记录必填,本次通用治理字段设计,SOURCE_RECORD_EVIDENCE,ImportSourceEvidence.recordLocator,P5-11,"[""P5-11""]",仅定位，不作为Person标识；日志/审计不写原敏感值,PROPOSED_REQUIRES_TASK_VALIDATION,/PER25/fields/14
PER25,approval_ref,审批证据号,text,C,,发布时必填；引用受控签审记录不粘贴敏感附件,INTERNAL,条件必填：发布时必填；引用受控签审记录不粘贴敏感附件,本次通用治理字段设计,APPROVAL_EVIDENCE,SourceEvidence.approvalReference,P5-11,"[""P5-11""]",源审批证据不等于本平台已授权；需owner核验及本次审批digest,PROPOSED_REQUIRES_TASK_VALIDATION,/PER25/fields/15
PER25,recorded_at,系统记录时间,datetime,R,,实际录入或纠错时间；不得冒充业务生效时间,INTERNAL,是：任何实际记录必填,本次通用治理字段设计,SOURCE_RECORDED_TIME,ImportSourceEvidence.sourceRecordedAt,P5-11,"[""P5-11""]",保存来源记录时间；目标recordedFrom由DB实际生成，不能回填伪知识,PROPOSED_REQUIRES_TASK_VALIDATION,/PER25/fields/16
PER26,account_post_id,账号岗位绑定ID,id,R,,账号岗位绑定的永久稳定记录/对象标识；不可由名称、工号或院区拼接决定，不复用停用标识。,INTERNAL,是：任何实际记录必填,东华10用户系统账户岗位；06启用岗位登录,SOURCE_CREATE_ALIAS,AccountPostBinding.sourceClientKey,P6-05,"[""P6-05""]",CREATE中为源alias；平台stableId由DB生成。UPDATE需单独已授权platformRef+expectedVersion，不能伪造新ID。,PROPOSED_REQUIRES_TASK_VALIDATION,/PER26/fields/0
PER26,account_id,账号ID,id,R,PER17.account_id,账号ID；引用PER17.account_id的稳定标识；跨表关联须使用相同业务时点下的有效记录。,INTERNAL,是：任何实际记录必填,东华10用户系统账户岗位；06启用岗位登录,TYPED_RELATION_REFERENCE,AccountPostBinding.account_id,P6-05,"[""P6-01"", ""P6-05""]",按精确dataset/type/namespace解析，验证owner/scope/full interval；未ready目标不能忽略或按名猜测。,PROPOSED_REQUIRES_TASK_VALIDATION,/PER26/fields/1
PER26,position_id,业务岗位ID,id,R,PER05.position_id,业务岗位ID；引用PER05.position_id的稳定标识；跨表关联须使用相同业务时点下的有效记录。,INTERNAL,是：任何实际记录必填,东华10用户系统账户岗位；06启用岗位登录,TYPED_RELATION_REFERENCE,AccountPostBinding.position_id,P6-05,"[""P5-01"", ""P6-05""]",按精确dataset/type/namespace解析，验证owner/scope/full interval；未ready目标不能忽略或按名猜测。,PROPOSED_REQUIRES_TASK_VALIDATION,/PER26/fields/2
PER26,is_default,默认登录岗位标志,code,R,enum:yes_no,默认登录岗位标志；取值见建议码表yes_no，采用前需院方确认；不可用显示名称替代代码。,INTERNAL,是：任何实际记录必填,东华10用户系统账户岗位；06启用岗位登录,VERSIONED_CODE_BINDING,AccountPostBinding.is_default,P6-05,"[""P6-05""]",建议枚举需采纳版本；错误码/未批准码阻断；显示标签不当key。,PROPOSED_REQUIRES_TASK_VALIDATION,/PER26/fields/3
PER26,enabled,岗位登录启用,code,R,enum:yes_no,岗位登录启用；取值见建议码表yes_no，采用前需院方确认；不可用显示名称替代代码。,INTERNAL,是：任何实际记录必填,东华10用户系统账户岗位；06启用岗位登录,VERSIONED_CODE_BINDING,AccountPostBinding.enabled,P6-05,"[""P6-05""]",建议枚举需采纳版本；错误码/未批准码阻断；显示标签不当key。,PROPOSED_REQUIRES_TASK_VALIDATION,/PER26/fields/4
PER26,sort_order,岗位排序,integer,O,,账号岗位绑定记录的岗位排序；按本表一行粒度维护，由信息管理部确认，历史值不得直接覆盖。,INTERNAL,可空：未知/不适用保持空；不以0或未知码冒充,东华10用户系统账户岗位；06启用岗位登录,OWNER_VERSIONED_FACT,AccountPostBinding.sort_order,P6-05,"[""P6-05""]",明确字段纳入owner的版本化内容/关系；不反向形成通用宽表或绕过审批。,PROPOSED_REQUIRES_TASK_VALIDATION,/PER26/fields/5
PER26,version_no,版本号,integer,R,,稳定ID内部递增；不是新对象ID,INTERNAL,是：任何实际记录必填,本次通用治理字段设计,SOURCE_VERSION_EVIDENCE,ImportSourceEvidence.sourceVersion,P6-05,"[""P6-05""]",源修订号仅保存来源，不覆盖DB目标versionNo,PROPOSED_REQUIRES_TASK_VALIDATION,/PER26/fields/6
PER26,valid_from,业务生效时间,datetime,R,,左闭右开区间起点；ISO 8601并含时区,INTERNAL,是：任何实际记录必填,本次通用治理字段设计,BUSINESS_TIME,businessValidFrom,P6-05,"[""P6-05""]",原始offset保留；仅按已发布contract显式+08:00→local；DB主时间无offset,PROPOSED_REQUIRES_TASK_VALIDATION,/PER26/fields/7
PER26,valid_to,业务失效时间,datetime,O,,空表示未设结束；不得早于生效时间,INTERNAL,可空：未知/不适用保持空；不以0或未知码冒充,本次通用治理字段设计,BUSINESS_TIME,businessValidTo,P6-05,"[""P6-05""]",null=无界，必须大于from，整区间检验，不用任意大日期,PROPOSED_REQUIRES_TASK_VALIDATION,/PER26/fields/8
PER26,record_status,记录状态,code,R,enum:record_status,草稿与正式有效记录分离,INTERNAL,是：任何实际记录必填,本次通用治理字段设计,LIFECYCLE_INTENT,ImportIntent.sourceRecordStatus,P6-05,"[""P6-05""]",源草稿/正式等映射显式owner命令；不得直接改变审批/业务状态,PROPOSED_REQUIRES_TASK_VALIDATION,/PER26/fields/9
PER26,source_system_id,权威来源系统ID,id,R,GOV01.system_id,来源为人工整理时登记来源系统MDM_MANUAL,INTERNAL,是：任何实际记录必填,本次通用治理字段设计,SOURCE_NAMESPACE,SourceSystemReference,P6-05,"[""P6-05""]",精确GOV01源系统注册；MANUAL也要登记，非账号system身份默认映射,PROPOSED_REQUIRES_TASK_VALIDATION,/PER26/fields/10
PER26,source_record_id,来源记录定位,text,R,,原表主键或文件加工作表加行号；不得填个人证件原文,INTERNAL,是：任何实际记录必填,本次通用治理字段设计,SOURCE_RECORD_EVIDENCE,ImportSourceEvidence.recordLocator,P6-05,"[""P6-05""]",仅定位，不作为Person标识；日志/审计不写原敏感值,PROPOSED_REQUIRES_TASK_VALIDATION,/PER26/fields/11
PER26,approval_ref,审批证据号,text,C,,发布时必填；引用受控签审记录不粘贴敏感附件,INTERNAL,条件必填：发布时必填；引用受控签审记录不粘贴敏感附件,本次通用治理字段设计,APPROVAL_EVIDENCE,SourceEvidence.approvalReference,P6-05,"[""P6-05""]",源审批证据不等于本平台已授权；需owner核验及本次审批digest,PROPOSED_REQUIRES_TASK_VALIDATION,/PER26/fields/12
PER26,recorded_at,系统记录时间,datetime,R,,实际录入或纠错时间；不得冒充业务生效时间,INTERNAL,是：任何实际记录必填,本次通用治理字段设计,SOURCE_RECORDED_TIME,ImportSourceEvidence.sourceRecordedAt,P6-05,"[""P6-05""]",保存来源记录时间；目标recordedFrom由DB实际生成，不能回填伪知识,PROPOSED_REQUIRES_TASK_VALIDATION,/PER26/fields/13
